model_type,beta,depth,run_seed,lag,acf_value,gradient_norm,gradient_std,collapse_flag
feedforward,,2,0,0,1.0,14.435847502284629,0.8540675346815334,False
feedforward,,2,0,1,0.9652027427168565,14.435847502284629,0.8540675346815334,False
feedforward,,2,0,2,0.9459628059606705,14.435847502284629,0.8540675346815334,False
feedforward,,2,0,3,0.9289977080027948,14.435847502284629,0.8540675346815334,False
feedforward,,2,0,4,0.899404937521165,14.435847502284629,0.8540675346815334,False
feedforward,,2,0,5,0.8751192724904422,14.435847502284629,0.8540675346815334,False
feedforward,,2,0,6,0.8424416201839607,14.435847502284629,0.8540675346815334,False
feedforward,,2,0,7,0.8098526281011784,14.435847502284629,0.8540675346815334,False
feedforward,,2,0,8,0.7788554896027984,14.435847502284629,0.8540675346815334,False
feedforward,,2,0,9,0.7418876843135945,14.435847502284629,0.8540675346815334,False
feedforward,,2,0,10,0.7005301348821429,14.435847502284629,0.8540675346815334,False
feedforward,,2,0,11,0.6652951901984338,14.435847502284629,0.8540675346815334,False
feedforward,,2,0,12,0.6293371633444624,14.435847502284629,0.8540675346815334,False
feedforward,,2,0,13,0.5908894445639679,14.435847502284629,0.8540675346815334,False
feedforward,,2,0,14,0.5614088664440281,14.435847502284629,0.8540675346815334,False
feedforward,,2,0,15,0.5249732385007195,14.435847502284629,0.8540675346815334,False
feedforward,,2,1,0,1.0,7.533371473118821,0.45888764552861294,False
feedforward,,2,1,1,0.9350668057738092,7.533371473118821,0.45888764552861294,False
feedforward,,2,1,2,0.8738556690649899,7.533371473118821,0.45888764552861294,False
feedforward,,2,1,3,0.8137387925101596,7.533371473118821,0.45888764552861294,False
feedforward,,2,1,4,0.7600383606722172,7.533371473118821,0.45888764552861294,False
feedforward,,2,1,5,0.7084287633324569,7.533371473118821,0.45888764552861294,False
feedforward,,2,1,6,0.67403071198923,7.533371473118821,0.45888764552861294,False
feedforward,,2,1,7,0.645517609932741,7.533371473118821,0.45888764552861294,False
feedforward,,2,1,8,0.6211089236790587,7.533371473118821,0.45888764552861294,False
feedforward,,2,1,9,0.5840495336236244,7.533371473118821,0.45888764552861294,False
feedforward,,2,1,10,0.5453016805712526,7.533371473118821,0.45888764552861294,False
feedforward,,2,1,11,0.4995865767567205,7.533371473118821,0.45888764552861294,False
feedforward,,2,1,12,0.4543002132951406,7.533371473118821,0.45888764552861294,False
feedforward,,2,1,13,0.4257207182511374,7.533371473118821,0.45888764552861294,False
feedforward,,2,1,14,0.3974997431382924,7.533371473118821,0.45888764552861294,False
feedforward,,2,1,15,0.3710201030688162,7.533371473118821,0.45888764552861294,False
feedforward,,2,2,0,1.0,9.825038192198736,0.5583533296531704,False
feedforward,,2,2,1,0.9482867860792858,9.825038192198736,0.5583533296531704,False
feedforward,,2,2,2,0.8849034527980884,9.825038192198736,0.5583533296531704,False
feedforward,,2,2,3,0.8319421651664369,9.825038192198736,0.5583533296531704,False
feedforward,,2,2,4,0.7854666153819885,9.825038192198736,0.5583533296531704,False
feedforward,,2,2,5,0.7403041604320452,9.825038192198736,0.5583533296531704,False
feedforward,,2,2,6,0.6980686025830984,9.825038192198736,0.5583533296531704,False
feedforward,,2,2,7,0.6536900792042861,9.825038192198736,0.5583533296531704,False
feedforward,,2,2,8,0.6146721415394514,9.825038192198736,0.5583533296531704,False
feedforward,,2,2,9,0.568713579054483,9.825038192198736,0.5583533296531704,False
feedforward,,2,2,10,0.5092086970503684,9.825038192198736,0.5583533296531704,False
feedforward,,2,2,11,0.45193039450790073,9.825038192198736,0.5583533296531704,False
feedforward,,2,2,12,0.4035150448609525,9.825038192198736,0.5583533296531704,False
feedforward,,2,2,13,0.3556422423794008,9.825038192198736,0.5583533296531704,False
feedforward,,2,2,14,0.3112367864409167,9.825038192198736,0.5583533296531704,False
feedforward,,2,2,15,0.27287384495052963,9.825038192198736,0.5583533296531704,False
feedforward,,2,3,0,1.0,13.731601556580944,0.8581588477003469,False
feedforward,,2,3,1,0.9692135357217293,13.731601556580944,0.8581588477003469,False
feedforward,,2,3,2,0.9368742145270846,13.731601556580944,0.8581588477003469,False
feedforward,,2,3,3,0.9069933417624735,13.731601556580944,0.8581588477003469,False
feedforward,,2,3,4,0.8798349865055284,13.731601556580944,0.8581588477003469,False
feedforward,,2,3,5,0.8460551004389673,13.731601556580944,0.8581588477003469,False
feedforward,,2,3,6,0.8197224770910371,13.731601556580944,0.8581588477003469,False
feedforward,,2,3,7,0.7925505025239111,13.731601556580944,0.8581588477003469,False
feedforward,,2,3,8,0.7659515050439812,13.731601556580944,0.8581588477003469,False
feedforward,,2,3,9,0.733943198320443,13.731601556580944,0.8581588477003469,False
feedforward,,2,3,10,0.7031295973752315,13.731601556580944,0.8581588477003469,False
feedforward,,2,3,11,0.6681682284731967,13.731601556580944,0.8581588477003469,False
feedforward,,2,3,12,0.636467160808527,13.731601556580944,0.8581588477003469,False
feedforward,,2,3,13,0.6080472841856203,13.731601556580944,0.8581588477003469,False
feedforward,,2,3,14,0.57740933521577,13.731601556580944,0.8581588477003469,False
feedforward,,2,3,15,0.5458584886402039,13.731601556580944,0.8581588477003469,False
feedforward,,2,4,0,1.0,31.46884294100771,1.5766588449925028,False
feedforward,,2,4,1,0.9886318747276529,31.46884294100771,1.5766588449925028,False
feedforward,,2,4,2,0.9763894167816801,31.46884294100771,1.5766588449925028,False
feedforward,,2,4,3,0.9650797402016198,31.46884294100771,1.5766588449925028,False
feedforward,,2,4,4,0.9530173942634274,31.46884294100771,1.5766588449925028,False
feedforward,,2,4,5,0.9391389535199808,31.46884294100771,1.5766588449925028,False
feedforward,,2,4,6,0.9247997505380617,31.46884294100771,1.5766588449925028,False
feedforward,,2,4,7,0.9113469301310457,31.46884294100771,1.5766588449925028,False
feedforward,,2,4,8,0.8980707794923235,31.46884294100771,1.5766588449925028,False
feedforward,,2,4,9,0.8836253406225292,31.46884294100771,1.5766588449925028,False
feedforward,,2,4,10,0.8681954235375199,31.46884294100771,1.5766588449925028,False
feedforward,,2,4,11,0.8543403733893097,31.46884294100771,1.5766588449925028,False
feedforward,,2,4,12,0.8405875478126551,31.46884294100771,1.5766588449925028,False
feedforward,,2,4,13,0.8259405613515403,31.46884294100771,1.5766588449925028,False
feedforward,,2,4,14,0.8107535136057628,31.46884294100771,1.5766588449925028,False
feedforward,,2,4,15,0.7984689045883652,31.46884294100771,1.5766588449925028,False
feedforward,,2,5,0,1.0,14.230272355160276,0.816457641974453,False
feedforward,,2,5,1,0.964058936386263,14.230272355160276,0.816457641974453,False
feedforward,,2,5,2,0.9341182827663185,14.230272355160276,0.816457641974453,False
feedforward,,2,5,3,0.905858300255767,14.230272355160276,0.816457641974453,False
feedforward,,2,5,4,0.8769084420490169,14.230272355160276,0.816457641974453,False
feedforward,,2,5,5,0.8464698747763931,14.230272355160276,0.816457641974453,False
feedforward,,2,5,6,0.8143798030987764,14.230272355160276,0.816457641974453,False
feedforward,,2,5,7,0.7847091110197725,14.230272355160276,0.816457641974453,False
feedforward,,2,5,8,0.7586754514122647,14.230272355160276,0.816457641974453,False
feedforward,,2,5,9,0.7271200135495449,14.230272355160276,0.816457641974453,False
feedforward,,2,5,10,0.7078739345941951,14.230272355160276,0.816457641974453,False
feedforward,,2,5,11,0.6945620493747384,14.230272355160276,0.816457641974453,False
feedforward,,2,5,12,0.6796145238124347,14.230272355160276,0.816457641974453,False
feedforward,,2,5,13,0.6621714286589057,14.230272355160276,0.816457641974453,False
feedforward,,2,5,14,0.6482170146788402,14.230272355160276,0.816457641974453,False
feedforward,,2,5,15,0.6271366077311,14.230272355160276,0.816457641974453,False
feedforward,,2,6,0,1.0,20.413945808794374,1.249536057359771,False
feedforward,,2,6,1,0.985320525299004,20.413945808794374,1.249536057359771,False
feedforward,,2,6,2,0.9685205627732739,20.413945808794374,1.249536057359771,False
feedforward,,2,6,3,0.9490374903900343,20.413945808794374,1.249536057359771,False
feedforward,,2,6,4,0.9280346870034837,20.413945808794374,1.249536057359771,False
feedforward,,2,6,5,0.9080812145155001,20.413945808794374,1.249536057359771,False
feedforward,,2,6,6,0.8865314583365635,20.413945808794374,1.249536057359771,False
feedforward,,2,6,7,0.8650293725880492,20.413945808794374,1.249536057359771,False
feedforward,,2,6,8,0.8463630738082593,20.413945808794374,1.249536057359771,False
feedforward,,2,6,9,0.8275350998606198,20.413945808794374,1.249536057359771,False
feedforward,,2,6,10,0.8123205510028743,20.413945808794374,1.249536057359771,False
feedforward,,2,6,11,0.796257659845857,20.413945808794374,1.249536057359771,False
feedforward,,2,6,12,0.779400578163849,20.413945808794374,1.249536057359771,False
feedforward,,2,6,13,0.7600048677805193,20.413945808794374,1.249536057359771,False
feedforward,,2,6,14,0.7383454082111897,20.413945808794374,1.249536057359771,False
feedforward,,2,6,15,0.7173049913389571,20.413945808794374,1.249536057359771,False
feedforward,,2,7,0,1.0,12.219385584623568,0.6542800624213113,False
feedforward,,2,7,1,0.9611789151500777,12.219385584623568,0.6542800624213113,False
feedforward,,2,7,2,0.9290275054211263,12.219385584623568,0.6542800624213113,False
feedforward,,2,7,3,0.8877345426979054,12.219385584623568,0.6542800624213113,False
feedforward,,2,7,4,0.8541711730206951,12.219385584623568,0.6542800624213113,False
feedforward,,2,7,5,0.8143271556820626,12.219385584623568,0.6542800624213113,False
feedforward,,2,7,6,0.7847115754783168,12.219385584623568,0.6542800624213113,False
feedforward,,2,7,7,0.7557763122142219,12.219385584623568,0.6542800624213113,False
feedforward,,2,7,8,0.7364411178761362,12.219385584623568,0.6542800624213113,False
feedforward,,2,7,9,0.7139974427905972,12.219385584623568,0.6542800624213113,False
feedforward,,2,7,10,0.6880427311785814,12.219385584623568,0.6542800624213113,False
feedforward,,2,7,11,0.6738800375758233,12.219385584623568,0.6542800624213113,False
feedforward,,2,7,12,0.6611892539643938,12.219385584623568,0.6542800624213113,False
feedforward,,2,7,13,0.6560040914942261,12.219385584623568,0.6542800624213113,False
feedforward,,2,7,14,0.6426175646214767,12.219385584623568,0.6542800624213113,False
feedforward,,2,7,15,0.6422906203113432,12.219385584623568,0.6542800624213113,False
feedforward,,2,8,0,1.0,15.535316648934922,0.6862615094763145,False
feedforward,,2,8,1,0.9581435482108601,15.535316648934922,0.6862615094763145,False
feedforward,,2,8,2,0.9147958412580836,15.535316648934922,0.6862615094763145,False
feedforward,,2,8,3,0.8714664478868928,15.535316648934922,0.6862615094763145,False
feedforward,,2,8,4,0.8318779108277167,15.535316648934922,0.6862615094763145,False
feedforward,,2,8,5,0.8017624087134364,15.535316648934922,0.6862615094763145,False
feedforward,,2,8,6,0.7817586386539377,15.535316648934922,0.6862615094763145,False
feedforward,,2,8,7,0.7587519963159743,15.535316648934922,0.6862615094763145,False
feedforward,,2,8,8,0.7307144960838995,15.535316648934922,0.6862615094763145,False
feedforward,,2,8,9,0.702204627039078,15.535316648934922,0.6862615094763145,False
feedforward,,2,8,10,0.6757708519536393,15.535316648934922,0.6862615094763145,False
feedforward,,2,8,11,0.6572284919251619,15.535316648934922,0.6862615094763145,False
feedforward,,2,8,12,0.6486857740157344,15.535316648934922,0.6862615094763145,False
feedforward,,2,8,13,0.6405753326775285,15.535316648934922,0.6862615094763145,False
feedforward,,2,8,14,0.637684646202448,15.535316648934922,0.6862615094763145,False
feedforward,,2,8,15,0.6318173363842957,15.535316648934922,0.6862615094763145,False
feedforward,,2,9,0,1.0,25.385192250833416,1.5659883754353516,False
feedforward,,2,9,1,0.9920494795503246,25.385192250833416,1.5659883754353516,False
feedforward,,2,9,2,0.9835839167564315,25.385192250833416,1.5659883754353516,False
feedforward,,2,9,3,0.9771988594006729,25.385192250833416,1.5659883754353516,False
feedforward,,2,9,4,0.9703998916983535,25.385192250833416,1.5659883754353516,False
feedforward,,2,9,5,0.9621553116055066,25.385192250833416,1.5659883754353516,False
feedforward,,2,9,6,0.9527246332295608,25.385192250833416,1.5659883754353516,False
feedforward,,2,9,7,0.9432242544860187,25.385192250833416,1.5659883754353516,False
feedforward,,2,9,8,0.9344448264761204,25.385192250833416,1.5659883754353516,False
feedforward,,2,9,9,0.9244507645348744,25.385192250833416,1.5659883754353516,False
feedforward,,2,9,10,0.9145206697339371,25.385192250833416,1.5659883754353516,False
feedforward,,2,9,11,0.90432024373493,25.385192250833416,1.5659883754353516,False
feedforward,,2,9,12,0.8934398848328144,25.385192250833416,1.5659883754353516,False
feedforward,,2,9,13,0.883878546186281,25.385192250833416,1.5659883754353516,False
feedforward,,2,9,14,0.8747866277672556,25.385192250833416,1.5659883754353516,False
feedforward,,2,9,15,0.8658033176489404,25.385192250833416,1.5659883754353516,False
feedforward,,2,10,0,1.0,12.090278447045636,0.7282812688258887,False
feedforward,,2,10,1,0.9662244680739646,12.090278447045636,0.7282812688258887,False
feedforward,,2,10,2,0.9350669153676203,12.090278447045636,0.7282812688258887,False
feedforward,,2,10,3,0.9110292908125149,12.090278447045636,0.7282812688258887,False
feedforward,,2,10,4,0.8920079208740838,12.090278447045636,0.7282812688258887,False
feedforward,,2,10,5,0.8710385894421898,12.090278447045636,0.7282812688258887,False
feedforward,,2,10,6,0.8523114257677193,12.090278447045636,0.7282812688258887,False
feedforward,,2,10,7,0.8391186221752533,12.090278447045636,0.7282812688258887,False
feedforward,,2,10,8,0.8256763824655015,12.090278447045636,0.7282812688258887,False
feedforward,,2,10,9,0.8160008228486647,12.090278447045636,0.7282812688258887,False
feedforward,,2,10,10,0.8061607799469293,12.090278447045636,0.7282812688258887,False
feedforward,,2,10,11,0.7972206083715013,12.090278447045636,0.7282812688258887,False
feedforward,,2,10,12,0.7824692170478663,12.090278447045636,0.7282812688258887,False
feedforward,,2,10,13,0.7695731787700822,12.090278447045636,0.7282812688258887,False
feedforward,,2,10,14,0.7517542821200023,12.090278447045636,0.7282812688258887,False
feedforward,,2,10,15,0.7349098100453985,12.090278447045636,0.7282812688258887,False
feedforward,,2,11,0,1.0,15.21600142434236,0.9508686804782487,False
feedforward,,2,11,1,0.9817025189731252,15.21600142434236,0.9508686804782487,False
feedforward,,2,11,2,0.9608215205675632,15.21600142434236,0.9508686804782487,False
feedforward,,2,11,3,0.9327387093520556,15.21600142434236,0.9508686804782487,False
feedforward,,2,11,4,0.9063356992516264,15.21600142434236,0.9508686804782487,False
feedforward,,2,11,5,0.8809362326869248,15.21600142434236,0.9508686804782487,False
feedforward,,2,11,6,0.8571874600034733,15.21600142434236,0.9508686804782487,False
feedforward,,2,11,7,0.8359084361852867,15.21600142434236,0.9508686804782487,False
feedforward,,2,11,8,0.8177167982541352,15.21600142434236,0.9508686804782487,False
feedforward,,2,11,9,0.8000423442108414,15.21600142434236,0.9508686804782487,False
feedforward,,2,11,10,0.779826352946318,15.21600142434236,0.9508686804782487,False
feedforward,,2,11,11,0.7617915609946064,15.21600142434236,0.9508686804782487,False
feedforward,,2,11,12,0.7462916486780643,15.21600142434236,0.9508686804782487,False
feedforward,,2,11,13,0.7310866188625922,15.21600142434236,0.9508686804782487,False
feedforward,,2,11,14,0.718062810491,15.21600142434236,0.9508686804782487,False
feedforward,,2,11,15,0.7036758893195811,15.21600142434236,0.9508686804782487,False
feedforward,,2,12,0,1.0,11.460141791466922,0.7086170564323837,False
feedforward,,2,12,1,0.974185351897206,11.460141791466922,0.7086170564323837,False
feedforward,,2,12,2,0.9460738135843123,11.460141791466922,0.7086170564323837,False
feedforward,,2,12,3,0.9208041679419822,11.460141791466922,0.7086170564323837,False
feedforward,,2,12,4,0.8989984885919783,11.460141791466922,0.7086170564323837,False
feedforward,,2,12,5,0.8757341918634413,11.460141791466922,0.7086170564323837,False
feedforward,,2,12,6,0.8544144175562132,11.460141791466922,0.7086170564323837,False
feedforward,,2,12,7,0.8338980687086283,11.460141791466922,0.7086170564323837,False
feedforward,,2,12,8,0.8145786946678426,11.460141791466922,0.7086170564323837,False
feedforward,,2,12,9,0.7995074325829548,11.460141791466922,0.7086170564323837,False
feedforward,,2,12,10,0.7836861699030897,11.460141791466922,0.7086170564323837,False
feedforward,,2,12,11,0.76682568215982,11.460141791466922,0.7086170564323837,False
feedforward,,2,12,12,0.7512108093688407,11.460141791466922,0.7086170564323837,False
feedforward,,2,12,13,0.7406130238388565,11.460141791466922,0.7086170564323837,False
feedforward,,2,12,14,0.7282221835877892,11.460141791466922,0.7086170564323837,False
feedforward,,2,12,15,0.7172579103238816,11.460141791466922,0.7086170564323837,False
feedforward,,2,13,0,1.0,24.244071013608625,0.9725901824560907,False
feedforward,,2,13,1,0.98344671464825,24.244071013608625,0.9725901824560907,False
feedforward,,2,13,2,0.963924175920374,24.244071013608625,0.9725901824560907,False
feedforward,,2,13,3,0.9433536345113435,24.244071013608625,0.9725901824560907,False
feedforward,,2,13,4,0.9215723241351421,24.244071013608625,0.9725901824560907,False
feedforward,,2,13,5,0.8975640443279479,24.244071013608625,0.9725901824560907,False
feedforward,,2,13,6,0.8750529886074453,24.244071013608625,0.9725901824560907,False
feedforward,,2,13,7,0.8529562770591269,24.244071013608625,0.9725901824560907,False
feedforward,,2,13,8,0.8299885980729429,24.244071013608625,0.9725901824560907,False
feedforward,,2,13,9,0.8077580835154897,24.244071013608625,0.9725901824560907,False
feedforward,,2,13,10,0.7872202980747178,24.244071013608625,0.9725901824560907,False
feedforward,,2,13,11,0.765610194681607,24.244071013608625,0.9725901824560907,False
feedforward,,2,13,12,0.7415903750744839,24.244071013608625,0.9725901824560907,False
feedforward,,2,13,13,0.7152752136567986,24.244071013608625,0.9725901824560907,False
feedforward,,2,13,14,0.6884997336810789,24.244071013608625,0.9725901824560907,False
feedforward,,2,13,15,0.657856440297835,24.244071013608625,0.9725901824560907,False
feedforward,,2,14,0,1.0,19.995011430170127,0.641175128187274,False
feedforward,,2,14,1,0.9667521047623789,19.995011430170127,0.641175128187274,False
feedforward,,2,14,2,0.9217481632297012,19.995011430170127,0.641175128187274,False
feedforward,,2,14,3,0.8590147030654529,19.995011430170127,0.641175128187274,False
feedforward,,2,14,4,0.79147646116088,19.995011430170127,0.641175128187274,False
feedforward,,2,14,5,0.7207439169626356,19.995011430170127,0.641175128187274,False
feedforward,,2,14,6,0.649170725453025,19.995011430170127,0.641175128187274,False
feedforward,,2,14,7,0.5754631376397373,19.995011430170127,0.641175128187274,False
feedforward,,2,14,8,0.5065464362420099,19.995011430170127,0.641175128187274,False
feedforward,,2,14,9,0.43704050114316967,19.995011430170127,0.641175128187274,False
feedforward,,2,14,10,0.37123658408720256,19.995011430170127,0.641175128187274,False
feedforward,,2,14,11,0.3090014161488161,19.995011430170127,0.641175128187274,False
feedforward,,2,14,12,0.250355925575493,19.995011430170127,0.641175128187274,False
feedforward,,2,14,13,0.18725323148907422,19.995011430170127,0.641175128187274,False
feedforward,,2,14,14,0.1279886514393865,19.995011430170127,0.641175128187274,False
feedforward,,2,14,15,0.06984067910495668,19.995011430170127,0.641175128187274,False
feedforward,,2,15,0,1.0,17.776228808036713,0.6920992340055641,False
feedforward,,2,15,1,0.9561879549715552,17.776228808036713,0.6920992340055641,False
feedforward,,2,15,2,0.9187515017097364,17.776228808036713,0.6920992340055641,False
feedforward,,2,15,3,0.8789187009087643,17.776228808036713,0.6920992340055641,False
feedforward,,2,15,4,0.8545334701605038,17.776228808036713,0.6920992340055641,False
feedforward,,2,15,5,0.8378050032312363,17.776228808036713,0.6920992340055641,False
feedforward,,2,15,6,0.8291194130347974,17.776228808036713,0.6920992340055641,False
feedforward,,2,15,7,0.8169363069867953,17.776228808036713,0.6920992340055641,False
feedforward,,2,15,8,0.8001243145213278,17.776228808036713,0.6920992340055641,False
feedforward,,2,15,9,0.7788065503047146,17.776228808036713,0.6920992340055641,False
feedforward,,2,15,10,0.7629096241361899,17.776228808036713,0.6920992340055641,False
feedforward,,2,15,11,0.7578841090071632,17.776228808036713,0.6920992340055641,False
feedforward,,2,15,12,0.7499373869065626,17.776228808036713,0.6920992340055641,False
feedforward,,2,15,13,0.7332549695331501,17.776228808036713,0.6920992340055641,False
feedforward,,2,15,14,0.7169597648080787,17.776228808036713,0.6920992340055641,False
feedforward,,2,15,15,0.705927834530188,17.776228808036713,0.6920992340055641,False
feedforward,,2,16,0,1.0,26.751812143471767,1.3477338050848808,False
feedforward,,2,16,1,0.9856782393320623,26.751812143471767,1.3477338050848808,False
feedforward,,2,16,2,0.9736520499274424,26.751812143471767,1.3477338050848808,False
feedforward,,2,16,3,0.9609987378074165,26.751812143471767,1.3477338050848808,False
feedforward,,2,16,4,0.9468227678664267,26.751812143471767,1.3477338050848808,False
feedforward,,2,16,5,0.932887628370232,26.751812143471767,1.3477338050848808,False
feedforward,,2,16,6,0.9172508266200777,26.751812143471767,1.3477338050848808,False
feedforward,,2,16,7,0.9028755245961827,26.751812143471767,1.3477338050848808,False
feedforward,,2,16,8,0.8861354341867287,26.751812143471767,1.3477338050848808,False
feedforward,,2,16,9,0.8692938481208131,26.751812143471767,1.3477338050848808,False
feedforward,,2,16,10,0.8524918452583428,26.751812143471767,1.3477338050848808,False
feedforward,,2,16,11,0.8320968163588576,26.751812143471767,1.3477338050848808,False
feedforward,,2,16,12,0.811668173729114,26.751812143471767,1.3477338050848808,False
feedforward,,2,16,13,0.7914310362916809,26.751812143471767,1.3477338050848808,False
feedforward,,2,16,14,0.7729227493435586,26.751812143471767,1.3477338050848808,False
feedforward,,2,16,15,0.7543174219074095,26.751812143471767,1.3477338050848808,False
feedforward,,2,17,0,1.0,19.818741013468575,0.49003015787358406,False
feedforward,,2,17,1,0.9365699721742176,19.818741013468575,0.49003015787358406,False
feedforward,,2,17,2,0.8658819166169439,19.818741013468575,0.49003015787358406,False
feedforward,,2,17,3,0.8023395917296288,19.818741013468575,0.49003015787358406,False
feedforward,,2,17,4,0.7507698955293618,19.818741013468575,0.49003015787358406,False
feedforward,,2,17,5,0.6868049260192366,19.818741013468575,0.49003015787358406,False
feedforward,,2,17,6,0.6270152609461623,19.818741013468575,0.49003015787358406,False
feedforward,,2,17,7,0.5669659679865933,19.818741013468575,0.49003015787358406,False
feedforward,,2,17,8,0.507254991269352,19.818741013468575,0.49003015787358406,False
feedforward,,2,17,9,0.4457421831070898,19.818741013468575,0.49003015787358406,False
feedforward,,2,17,10,0.38761122299635387,19.818741013468575,0.49003015787358406,False
feedforward,,2,17,11,0.3266449531599093,19.818741013468575,0.49003015787358406,False
feedforward,,2,17,12,0.2770084482005674,19.818741013468575,0.49003015787358406,False
feedforward,,2,17,13,0.23845749187311915,19.818741013468575,0.49003015787358406,False
feedforward,,2,17,14,0.2034769186860057,19.818741013468575,0.49003015787358406,False
feedforward,,2,17,15,0.16764769089999335,19.818741013468575,0.49003015787358406,False
feedforward,,2,18,0,1.0,10.804051323433063,0.6301851106158838,False
feedforward,,2,18,1,0.9576348167728143,10.804051323433063,0.6301851106158838,False
feedforward,,2,18,2,0.9071897413070931,10.804051323433063,0.6301851106158838,False
feedforward,,2,18,3,0.8502781483054985,10.804051323433063,0.6301851106158838,False
feedforward,,2,18,4,0.7788815122931076,10.804051323433063,0.6301851106158838,False
feedforward,,2,18,5,0.7080757102930026,10.804051323433063,0.6301851106158838,False
feedforward,,2,18,6,0.6367983899208657,10.804051323433063,0.6301851106158838,False
feedforward,,2,18,7,0.5570225123836897,10.804051323433063,0.6301851106158838,False
feedforward,,2,18,8,0.4843909773862416,10.804051323433063,0.6301851106158838,False
feedforward,,2,18,9,0.41001528770660567,10.804051323433063,0.6301851106158838,False
feedforward,,2,18,10,0.32986756451719573,10.804051323433063,0.6301851106158838,False
feedforward,,2,18,11,0.25925736949111566,10.804051323433063,0.6301851106158838,False
feedforward,,2,18,12,0.18924044427858253,10.804051323433063,0.6301851106158838,False
feedforward,,2,18,13,0.12469050515779803,10.804051323433063,0.6301851106158838,False
feedforward,,2,18,14,0.06416537745806652,10.804051323433063,0.6301851106158838,False
feedforward,,2,18,15,0.010726422670647865,10.804051323433063,0.6301851106158838,False
feedforward,,2,19,0,1.0,12.440147363266819,0.6410264123581918,False
feedforward,,2,19,1,0.9430595755208625,12.440147363266819,0.6410264123581918,False
feedforward,,2,19,2,0.883902644565836,12.440147363266819,0.6410264123581918,False
feedforward,,2,19,3,0.8395569085138639,12.440147363266819,0.6410264123581918,False
feedforward,,2,19,4,0.7887022545929924,12.440147363266819,0.6410264123581918,False
feedforward,,2,19,5,0.7395624989159016,12.440147363266819,0.6410264123581918,False
feedforward,,2,19,6,0.6896265415582493,12.440147363266819,0.6410264123581918,False
feedforward,,2,19,7,0.6357747155942514,12.440147363266819,0.6410264123581918,False
feedforward,,2,19,8,0.5754705911042197,12.440147363266819,0.6410264123581918,False
feedforward,,2,19,9,0.5268212864713313,12.440147363266819,0.6410264123581918,False
feedforward,,2,19,10,0.5029548717599641,12.440147363266819,0.6410264123581918,False
feedforward,,2,19,11,0.47906335510989123,12.440147363266819,0.6410264123581918,False
feedforward,,2,19,12,0.4716785997736009,12.440147363266819,0.6410264123581918,False
feedforward,,2,19,13,0.48584141596372393,12.440147363266819,0.6410264123581918,False
feedforward,,2,19,14,0.48116295834606204,12.440147363266819,0.6410264123581918,False
feedforward,,2,19,15,0.4732053560972712,12.440147363266819,0.6410264123581918,False
feedforward,,4,0,0,1.0,19.22442987961442,1.0430601892487223,False
feedforward,,4,0,1,0.955431530222708,19.22442987961442,1.0430601892487223,False
feedforward,,4,0,2,0.9049544300459792,19.22442987961442,1.0430601892487223,False
feedforward,,4,0,3,0.8480330259056674,19.22442987961442,1.0430601892487223,False
feedforward,,4,0,4,0.7850731532033474,19.22442987961442,1.0430601892487223,False
feedforward,,4,0,5,0.729111574881383,19.22442987961442,1.0430601892487223,False
feedforward,,4,0,6,0.6817029803753277,19.22442987961442,1.0430601892487223,False
feedforward,,4,0,7,0.6435498145629364,19.22442987961442,1.0430601892487223,False
feedforward,,4,0,8,0.6133608833686209,19.22442987961442,1.0430601892487223,False
feedforward,,4,0,9,0.5873997629208313,19.22442987961442,1.0430601892487223,False
feedforward,,4,0,10,0.5645898057902626,19.22442987961442,1.0430601892487223,False
feedforward,,4,0,11,0.5554819348723857,19.22442987961442,1.0430601892487223,False
feedforward,,4,0,12,0.5533577441311806,19.22442987961442,1.0430601892487223,False
feedforward,,4,0,13,0.5547763344406077,19.22442987961442,1.0430601892487223,False
feedforward,,4,0,14,0.5503637047825102,19.22442987961442,1.0430601892487223,False
feedforward,,4,0,15,0.5404202863638063,19.22442987961442,1.0430601892487223,False
feedforward,,4,1,0,1.0,16.229345015420428,0.8596527717454151,False
feedforward,,4,1,1,0.9570379587227331,16.229345015420428,0.8596527717454151,False
feedforward,,4,1,2,0.9067390149767215,16.229345015420428,0.8596527717454151,False
feedforward,,4,1,3,0.8677146680007638,16.229345015420428,0.8596527717454151,False
feedforward,,4,1,4,0.8258735967069311,16.229345015420428,0.8596527717454151,False
feedforward,,4,1,5,0.7805199140678538,16.229345015420428,0.8596527717454151,False
feedforward,,4,1,6,0.7342023376580384,16.229345015420428,0.8596527717454151,False
feedforward,,4,1,7,0.6979781862896044,16.229345015420428,0.8596527717454151,False
feedforward,,4,1,8,0.6748460922820987,16.229345015420428,0.8596527717454151,False
feedforward,,4,1,9,0.6534504665993276,16.229345015420428,0.8596527717454151,False
feedforward,,4,1,10,0.6219076529591854,16.229345015420428,0.8596527717454151,False
feedforward,,4,1,11,0.5791950965244088,16.229345015420428,0.8596527717454151,False
feedforward,,4,1,12,0.5344615936394621,16.229345015420428,0.8596527717454151,False
feedforward,,4,1,13,0.4968165857614636,16.229345015420428,0.8596527717454151,False
feedforward,,4,1,14,0.4533740858627212,16.229345015420428,0.8596527717454151,False
feedforward,,4,1,15,0.4190362163717235,16.229345015420428,0.8596527717454151,False
feedforward,,4,2,0,1.0,20.752915753633918,1.143958553757132,False
feedforward,,4,2,1,0.975074558155372,20.752915753633918,1.143958553757132,False
feedforward,,4,2,2,0.952467757100755,20.752915753633918,1.143958553757132,False
feedforward,,4,2,3,0.9289775849393112,20.752915753633918,1.143958553757132,False
feedforward,,4,2,4,0.9038282187954952,20.752915753633918,1.143958553757132,False
feedforward,,4,2,5,0.8797034133939432,20.752915753633918,1.143958553757132,False
feedforward,,4,2,6,0.8572981086489202,20.752915753633918,1.143958553757132,False
feedforward,,4,2,7,0.8350668878795913,20.752915753633918,1.143958553757132,False
feedforward,,4,2,8,0.8144981192326235,20.752915753633918,1.143958553757132,False
feedforward,,4,2,9,0.793931234597678,20.752915753633918,1.143958553757132,False
feedforward,,4,2,10,0.7673563890885748,20.752915753633918,1.143958553757132,False
feedforward,,4,2,11,0.7431458797470196,20.752915753633918,1.143958553757132,False
feedforward,,4,2,12,0.7164953254730138,20.752915753633918,1.143958553757132,False
feedforward,,4,2,13,0.6926825633370257,20.752915753633918,1.143958553757132,False
feedforward,,4,2,14,0.6622825234725759,20.752915753633918,1.143958553757132,False
feedforward,,4,2,15,0.6362117446024035,20.752915753633918,1.143958553757132,False
feedforward,,4,3,0,1.0,22.91644477148882,0.753660749283249,False
feedforward,,4,3,1,0.9360109121841313,22.91644477148882,0.753660749283249,False
feedforward,,4,3,2,0.8721994901220642,22.91644477148882,0.753660749283249,False
feedforward,,4,3,3,0.8079157200075625,22.91644477148882,0.753660749283249,False
feedforward,,4,3,4,0.7534924269453587,22.91644477148882,0.753660749283249,False
feedforward,,4,3,5,0.6826015333645106,22.91644477148882,0.753660749283249,False
feedforward,,4,3,6,0.6298686903183122,22.91644477148882,0.753660749283249,False
feedforward,,4,3,7,0.5836183672725103,22.91644477148882,0.753660749283249,False
feedforward,,4,3,8,0.5544248638216583,22.91644477148882,0.753660749283249,False
feedforward,,4,3,9,0.5157138533589533,22.91644477148882,0.753660749283249,False
feedforward,,4,3,10,0.4702922896843201,22.91644477148882,0.753660749283249,False
feedforward,,4,3,11,0.4300113027116891,22.91644477148882,0.753660749283249,False
feedforward,,4,3,12,0.39614730141233157,22.91644477148882,0.753660749283249,False
feedforward,,4,3,13,0.3436757078428478,22.91644477148882,0.753660749283249,False
feedforward,,4,3,14,0.2944625304580132,22.91644477148882,0.753660749283249,False
feedforward,,4,3,15,0.24278442462262842,22.91644477148882,0.753660749283249,False
feedforward,,4,4,0,1.0,19.725092729993655,1.0875100573619754,False
feedforward,,4,4,1,0.9654074500197252,19.725092729993655,1.0875100573619754,False
feedforward,,4,4,2,0.9341078790414385,19.725092729993655,1.0875100573619754,False
feedforward,,4,4,3,0.9058491278669998,19.725092729993655,1.0875100573619754,False
feedforward,,4,4,4,0.8837497678271924,19.725092729993655,1.0875100573619754,False
feedforward,,4,4,5,0.8609486603888805,19.725092729993655,1.0875100573619754,False
feedforward,,4,4,6,0.8400063129699458,19.725092729993655,1.0875100573619754,False
feedforward,,4,4,7,0.826991374766434,19.725092729993655,1.0875100573619754,False
feedforward,,4,4,8,0.8060043157117548,19.725092729993655,1.0875100573619754,False
feedforward,,4,4,9,0.7822057468778043,19.725092729993655,1.0875100573619754,False
feedforward,,4,4,10,0.7478363231721569,19.725092729993655,1.0875100573619754,False
feedforward,,4,4,11,0.7125552260215424,19.725092729993655,1.0875100573619754,False
feedforward,,4,4,12,0.691161901882436,19.725092729993655,1.0875100573619754,False
feedforward,,4,4,13,0.6735140190442487,19.725092729993655,1.0875100573619754,False
feedforward,,4,4,14,0.6595083396398012,19.725092729993655,1.0875100573619754,False
feedforward,,4,4,15,0.6383681027991699,19.725092729993655,1.0875100573619754,False
feedforward,,4,5,0,1.0,25.647132407524865,1.6008680138567857,False
feedforward,,4,5,1,0.9770494647867478,25.647132407524865,1.6008680138567857,False
feedforward,,4,5,2,0.9550733737828583,25.647132407524865,1.6008680138567857,False
feedforward,,4,5,3,0.9322478450536046,25.647132407524865,1.6008680138567857,False
feedforward,,4,5,4,0.9045945967572129,25.647132407524865,1.6008680138567857,False
feedforward,,4,5,5,0.8786651973312347,25.647132407524865,1.6008680138567857,False
feedforward,,4,5,6,0.8475624539748271,25.647132407524865,1.6008680138567857,False
feedforward,,4,5,7,0.8173072001774111,25.647132407524865,1.6008680138567857,False
feedforward,,4,5,8,0.7911013793973923,25.647132407524865,1.6008680138567857,False
feedforward,,4,5,9,0.7699019658693093,25.647132407524865,1.6008680138567857,False
feedforward,,4,5,10,0.7475608830003316,25.647132407524865,1.6008680138567857,False
feedforward,,4,5,11,0.7236218994452468,25.647132407524865,1.6008680138567857,False
feedforward,,4,5,12,0.7046454768594059,25.647132407524865,1.6008680138567857,False
feedforward,,4,5,13,0.6832337079890727,25.647132407524865,1.6008680138567857,False
feedforward,,4,5,14,0.6656256846106651,25.647132407524865,1.6008680138567857,False
feedforward,,4,5,15,0.6448711002283081,25.647132407524865,1.6008680138567857,False
feedforward,,4,6,0,1.0,12.957400215236275,0.6561581385115898,False
feedforward,,4,6,1,0.9150361996547406,12.957400215236275,0.6561581385115898,False
feedforward,,4,6,2,0.8443996404859195,12.957400215236275,0.6561581385115898,False
feedforward,,4,6,3,0.7730073377203717,12.957400215236275,0.6561581385115898,False
feedforward,,4,6,4,0.6976040903717341,12.957400215236275,0.6561581385115898,False
feedforward,,4,6,5,0.6412409779923081,12.957400215236275,0.6561581385115898,False
feedforward,,4,6,6,0.5935593050392941,12.957400215236275,0.6561581385115898,False
feedforward,,4,6,7,0.5293333629353312,12.957400215236275,0.6561581385115898,False
feedforward,,4,6,8,0.47656563309544553,12.957400215236275,0.6561581385115898,False
feedforward,,4,6,9,0.4155804442981294,12.957400215236275,0.6561581385115898,False
feedforward,,4,6,10,0.3647941977676346,12.957400215236275,0.6561581385115898,False
feedforward,,4,6,11,0.32492600088933316,12.957400215236275,0.6561581385115898,False
feedforward,,4,6,12,0.28545474798727616,12.957400215236275,0.6561581385115898,False
feedforward,,4,6,13,0.23582234674346453,12.957400215236275,0.6561581385115898,False
feedforward,,4,6,14,0.18764430505148919,12.957400215236275,0.6561581385115898,False
feedforward,,4,6,15,0.1352956832069455,12.957400215236275,0.6561581385115898,False
feedforward,,4,7,0,1.0,14.053420914817634,0.7120768810527875,False
feedforward,,4,7,1,0.9369941787430172,14.053420914817634,0.7120768810527875,False
feedforward,,4,7,2,0.8777680572717137,14.053420914817634,0.7120768810527875,False
feedforward,,4,7,3,0.8250768177028326,14.053420914817634,0.7120768810527875,False
feedforward,,4,7,4,0.7837745332438211,14.053420914817634,0.7120768810527875,False
feedforward,,4,7,5,0.7439125833443239,14.053420914817634,0.7120768810527875,False
feedforward,,4,7,6,0.7065154454204174,14.053420914817634,0.7120768810527875,False
feedforward,,4,7,7,0.6759052189194084,14.053420914817634,0.7120768810527875,False
feedforward,,4,7,8,0.6426330044867671,14.053420914817634,0.7120768810527875,False
feedforward,,4,7,9,0.6242979999265879,14.053420914817634,0.7120768810527875,False
feedforward,,4,7,10,0.613335273057689,14.053420914817634,0.7120768810527875,False
feedforward,,4,7,11,0.612811807565913,14.053420914817634,0.7120768810527875,False
feedforward,,4,7,12,0.5912357651753473,14.053420914817634,0.7120768810527875,False
feedforward,,4,7,13,0.5496377558739886,14.053420914817634,0.7120768810527875,False
feedforward,,4,7,14,0.5107475464252732,14.053420914817634,0.7120768810527875,False
feedforward,,4,7,15,0.478410465497875,14.053420914817634,0.7120768810527875,False
feedforward,,4,8,0,1.0,14.380347939058693,0.8592566376685675,False
feedforward,,4,8,1,0.9630125818027163,14.380347939058693,0.8592566376685675,False
feedforward,,4,8,2,0.9287195240179824,14.380347939058693,0.8592566376685675,False
feedforward,,4,8,3,0.8869160062591667,14.380347939058693,0.8592566376685675,False
feedforward,,4,8,4,0.8348281605231612,14.380347939058693,0.8592566376685675,False
feedforward,,4,8,5,0.7822033611644523,14.380347939058693,0.8592566376685675,False
feedforward,,4,8,6,0.7267331262563816,14.380347939058693,0.8592566376685675,False
feedforward,,4,8,7,0.6763242727947666,14.380347939058693,0.8592566376685675,False
feedforward,,4,8,8,0.6245581068745027,14.380347939058693,0.8592566376685675,False
feedforward,,4,8,9,0.5771216494279906,14.380347939058693,0.8592566376685675,False
feedforward,,4,8,10,0.5348718241598319,14.380347939058693,0.8592566376685675,False
feedforward,,4,8,11,0.5009836885057842,14.380347939058693,0.8592566376685675,False
feedforward,,4,8,12,0.4729880482714955,14.380347939058693,0.8592566376685675,False
feedforward,,4,8,13,0.45433584891178974,14.380347939058693,0.8592566376685675,False
feedforward,,4,8,14,0.4331963206083238,14.380347939058693,0.8592566376685675,False
feedforward,,4,8,15,0.41291213557336875,14.380347939058693,0.8592566376685675,False
feedforward,,4,9,0,1.0,13.42876582307058,0.8390934254840984,False
feedforward,,4,9,1,0.947986972756868,13.42876582307058,0.8390934254840984,False
feedforward,,4,9,2,0.8944026637488116,13.42876582307058,0.8390934254840984,False
feedforward,,4,9,3,0.8446174063346465,13.42876582307058,0.8390934254840984,False
feedforward,,4,9,4,0.7958535517213263,13.42876582307058,0.8390934254840984,False
feedforward,,4,9,5,0.7502009174935608,13.42876582307058,0.8390934254840984,False
feedforward,,4,9,6,0.6935277905904736,13.42876582307058,0.8390934254840984,False
feedforward,,4,9,7,0.6378488246621752,13.42876582307058,0.8390934254840984,False
feedforward,,4,9,8,0.5854489548079859,13.42876582307058,0.8390934254840984,False
feedforward,,4,9,9,0.5506939776761476,13.42876582307058,0.8390934254840984,False
feedforward,,4,9,10,0.5329207479788091,13.42876582307058,0.8390934254840984,False
feedforward,,4,9,11,0.5159038528625988,13.42876582307058,0.8390934254840984,False
feedforward,,4,9,12,0.49098285750615484,13.42876582307058,0.8390934254840984,False
feedforward,,4,9,13,0.4697513222320987,13.42876582307058,0.8390934254840984,False
feedforward,,4,9,14,0.45709551358952044,13.42876582307058,0.8390934254840984,False
feedforward,,4,9,15,0.45524656107875083,13.42876582307058,0.8390934254840984,False
feedforward,,4,10,0,1.0,20.82317111582416,1.3011934148798527,False
feedforward,,4,10,1,0.9764321758659089,20.82317111582416,1.3011934148798527,False
feedforward,,4,10,2,0.9432172420303641,20.82317111582416,1.3011934148798527,False
feedforward,,4,10,3,0.9095146441983935,20.82317111582416,1.3011934148798527,False
feedforward,,4,10,4,0.8774124708623523,20.82317111582416,1.3011934148798527,False
feedforward,,4,10,5,0.8470261528376472,20.82317111582416,1.3011934148798527,False
feedforward,,4,10,6,0.8171079118475864,20.82317111582416,1.3011934148798527,False
feedforward,,4,10,7,0.7890835070297705,20.82317111582416,1.3011934148798527,False
feedforward,,4,10,8,0.7619159478677132,20.82317111582416,1.3011934148798527,False
feedforward,,4,10,9,0.7357371065111846,20.82317111582416,1.3011934148798527,False
feedforward,,4,10,10,0.7082993726649078,20.82317111582416,1.3011934148798527,False
feedforward,,4,10,11,0.6831214633861026,20.82317111582416,1.3011934148798527,False
feedforward,,4,10,12,0.6615681519438152,20.82317111582416,1.3011934148798527,False
feedforward,,4,10,13,0.6422848770133657,20.82317111582416,1.3011934148798527,False
feedforward,,4,10,14,0.6229715377787248,20.82317111582416,1.3011934148798527,False
feedforward,,4,10,15,0.6003687668827611,20.82317111582416,1.3011934148798527,False
feedforward,,4,11,0,1.0,12.404945203575842,0.7086392317182202,False
feedforward,,4,11,1,0.9179456186401829,12.404945203575842,0.7086392317182202,False
feedforward,,4,11,2,0.8461709377449508,12.404945203575842,0.7086392317182202,False
feedforward,,4,11,3,0.7791775832905691,12.404945203575842,0.7086392317182202,False
feedforward,,4,11,4,0.7223384585285307,12.404945203575842,0.7086392317182202,False
feedforward,,4,11,5,0.6714821247083328,12.404945203575842,0.7086392317182202,False
feedforward,,4,11,6,0.622812962420284,12.404945203575842,0.7086392317182202,False
feedforward,,4,11,7,0.5555337607281551,12.404945203575842,0.7086392317182202,False
feedforward,,4,11,8,0.49677727615392464,12.404945203575842,0.7086392317182202,False
feedforward,,4,11,9,0.4344130122755142,12.404945203575842,0.7086392317182202,False
feedforward,,4,11,10,0.36859117814482384,12.404945203575842,0.7086392317182202,False
feedforward,,4,11,11,0.32044738824792607,12.404945203575842,0.7086392317182202,False
feedforward,,4,11,12,0.27683106162708837,12.404945203575842,0.7086392317182202,False
feedforward,,4,11,13,0.24577221701743263,12.404945203575842,0.7086392317182202,False
feedforward,,4,11,14,0.21527208697279257,12.404945203575842,0.7086392317182202,False
feedforward,,4,11,15,0.1813293663997073,12.404945203575842,0.7086392317182202,False
feedforward,,4,12,0,1.0,23.40867599518878,1.4626650050411039,False
feedforward,,4,12,1,0.978594807759034,23.40867599518878,1.4626650050411039,False
feedforward,,4,12,2,0.9528548048328119,23.40867599518878,1.4626650050411039,False
feedforward,,4,12,3,0.9246573660872267,23.40867599518878,1.4626650050411039,False
feedforward,,4,12,4,0.8964914117174813,23.40867599518878,1.4626650050411039,False
feedforward,,4,12,5,0.8708568199402945,23.40867599518878,1.4626650050411039,False
feedforward,,4,12,6,0.8438758614867341,23.40867599518878,1.4626650050411039,False
feedforward,,4,12,7,0.8210655775730626,23.40867599518878,1.4626650050411039,False
feedforward,,4,12,8,0.800408288668239,23.40867599518878,1.4626650050411039,False
feedforward,,4,12,9,0.7838171070667552,23.40867599518878,1.4626650050411039,False
feedforward,,4,12,10,0.7700233415656407,23.40867599518878,1.4626650050411039,False
feedforward,,4,12,11,0.7567781383580766,23.40867599518878,1.4626650050411039,False
feedforward,,4,12,12,0.7440835675171149,23.40867599518878,1.4626650050411039,False
feedforward,,4,12,13,0.7299718189519417,23.40867599518878,1.4626650050411039,False
feedforward,,4,12,14,0.7106426184206422,23.40867599518878,1.4626650050411039,False
feedforward,,4,12,15,0.6882258570276226,23.40867599518878,1.4626650050411039,False
feedforward,,4,13,0,1.0,24.53076967231388,1.1232732531605345,False
feedforward,,4,13,1,0.9665186839069362,24.53076967231388,1.1232732531605345,False
feedforward,,4,13,2,0.9392662799263551,24.53076967231388,1.1232732531605345,False
feedforward,,4,13,3,0.9161552111963913,24.53076967231388,1.1232732531605345,False
feedforward,,4,13,4,0.8964521023951857,24.53076967231388,1.1232732531605345,False
feedforward,,4,13,5,0.8800213150793161,24.53076967231388,1.1232732531605345,False
feedforward,,4,13,6,0.859872723895446,24.53076967231388,1.1232732531605345,False
feedforward,,4,13,7,0.8414480725027319,24.53076967231388,1.1232732531605345,False
feedforward,,4,13,8,0.8197322989612666,24.53076967231388,1.1232732531605345,False
feedforward,,4,13,9,0.7997572196800127,24.53076967231388,1.1232732531605345,False
feedforward,,4,13,10,0.7795475299050735,24.53076967231388,1.1232732531605345,False
feedforward,,4,13,11,0.7674596431212036,24.53076967231388,1.1232732531605345,False
feedforward,,4,13,12,0.7517189695241274,24.53076967231388,1.1232732531605345,False
feedforward,,4,13,13,0.7332705473698314,24.53076967231388,1.1232732531605345,False
feedforward,,4,13,14,0.7158770470050704,24.53076967231388,1.1232732531605345,False
feedforward,,4,13,15,0.7003301281377238,24.53076967231388,1.1232732531605345,False
feedforward,,4,14,0,1.0,21.628804598583336,1.2666129466819418,False
feedforward,,4,14,1,0.9670979963096601,21.628804598583336,1.2666129466819418,False
feedforward,,4,14,2,0.9320391341956146,21.628804598583336,1.2666129466819418,False
feedforward,,4,14,3,0.9044074205458962,21.628804598583336,1.2666129466819418,False
feedforward,,4,14,4,0.8778879103670362,21.628804598583336,1.2666129466819418,False
feedforward,,4,14,5,0.8498366058011501,21.628804598583336,1.2666129466819418,False
feedforward,,4,14,6,0.815195408437771,21.628804598583336,1.2666129466819418,False
feedforward,,4,14,7,0.7743390966578777,21.628804598583336,1.2666129466819418,False
feedforward,,4,14,8,0.7295393668825337,21.628804598583336,1.2666129466819418,False
feedforward,,4,14,9,0.6912128484096541,21.628804598583336,1.2666129466819418,False
feedforward,,4,14,10,0.6437337051057769,21.628804598583336,1.2666129466819418,False
feedforward,,4,14,11,0.5904482385327631,21.628804598583336,1.2666129466819418,False
feedforward,,4,14,12,0.5351506508414128,21.628804598583336,1.2666129466819418,False
feedforward,,4,14,13,0.4772132888814859,21.628804598583336,1.2666129466819418,False
feedforward,,4,14,14,0.4203336902401156,21.628804598583336,1.2666129466819418,False
feedforward,,4,14,15,0.3633289381144168,21.628804598583336,1.2666129466819418,False
feedforward,,4,15,0,1.0,16.599154876459945,0.8920453945675729,False
feedforward,,4,15,1,0.9569529634413716,16.599154876459945,0.8920453945675729,False
feedforward,,4,15,2,0.9128139594762794,16.599154876459945,0.8920453945675729,False
feedforward,,4,15,3,0.8633534546237152,16.599154876459945,0.8920453945675729,False
feedforward,,4,15,4,0.8123971292934603,16.599154876459945,0.8920453945675729,False
feedforward,,4,15,5,0.7655511439668707,16.599154876459945,0.8920453945675729,False
feedforward,,4,15,6,0.7115574810961353,16.599154876459945,0.8920453945675729,False
feedforward,,4,15,7,0.6598942263182517,16.599154876459945,0.8920453945675729,False
feedforward,,4,15,8,0.606467712332908,16.599154876459945,0.8920453945675729,False
feedforward,,4,15,9,0.5623260065335142,16.599154876459945,0.8920453945675729,False
feedforward,,4,15,10,0.523445471305576,16.599154876459945,0.8920453945675729,False
feedforward,,4,15,11,0.4908480680272531,16.599154876459945,0.8920453945675729,False
feedforward,,4,15,12,0.46436796768646155,16.599154876459945,0.8920453945675729,False
feedforward,,4,15,13,0.43033784841034944,16.599154876459945,0.8920453945675729,False
feedforward,,4,15,14,0.40111487547461105,16.599154876459945,0.8920453945675729,False
feedforward,,4,15,15,0.3805872023965046,16.599154876459945,0.8920453945675729,False
feedforward,,4,16,0,1.0,15.567733392088588,0.8525374406395461,False
feedforward,,4,16,1,0.9450403049222564,15.567733392088588,0.8525374406395461,False
feedforward,,4,16,2,0.9081054045723134,15.567733392088588,0.8525374406395461,False
feedforward,,4,16,3,0.8685155453275887,15.567733392088588,0.8525374406395461,False
feedforward,,4,16,4,0.8255807428999427,15.567733392088588,0.8525374406395461,False
feedforward,,4,16,5,0.7685045897052634,15.567733392088588,0.8525374406395461,False
feedforward,,4,16,6,0.716820555657445,15.567733392088588,0.8525374406395461,False
feedforward,,4,16,7,0.6557311205060623,15.567733392088588,0.8525374406395461,False
feedforward,,4,16,8,0.6068757976441812,15.567733392088588,0.8525374406395461,False
feedforward,,4,16,9,0.5596750425884015,15.567733392088588,0.8525374406395461,False
feedforward,,4,16,10,0.5136584543273185,15.567733392088588,0.8525374406395461,False
feedforward,,4,16,11,0.4635355206952726,15.567733392088588,0.8525374406395461,False
feedforward,,4,16,12,0.4184778911929556,15.567733392088588,0.8525374406395461,False
feedforward,,4,16,13,0.3884181348246379,15.567733392088588,0.8525374406395461,False
feedforward,,4,16,14,0.3579585890631661,15.567733392088588,0.8525374406395461,False
feedforward,,4,16,15,0.32654857132458504,15.567733392088588,0.8525374406395461,False
feedforward,,4,17,0,1.0,23.562924998955808,1.4594751753459223,False
feedforward,,4,17,1,0.9803970544024804,23.562924998955808,1.4594751753459223,False
feedforward,,4,17,2,0.9612554528119225,23.562924998955808,1.4594751753459223,False
feedforward,,4,17,3,0.940653491952532,23.562924998955808,1.4594751753459223,False
feedforward,,4,17,4,0.9199507026839494,23.562924998955808,1.4594751753459223,False
feedforward,,4,17,5,0.8948381314524144,23.562924998955808,1.4594751753459223,False
feedforward,,4,17,6,0.8694368712707827,23.562924998955808,1.4594751753459223,False
feedforward,,4,17,7,0.8418696551067353,23.562924998955808,1.4594751753459223,False
feedforward,,4,17,8,0.8182977039385644,23.562924998955808,1.4594751753459223,False
feedforward,,4,17,9,0.7881145086168783,23.562924998955808,1.4594751753459223,False
feedforward,,4,17,10,0.7621289942656911,23.562924998955808,1.4594751753459223,False
feedforward,,4,17,11,0.7339837057398781,23.562924998955808,1.4594751753459223,False
feedforward,,4,17,12,0.7061884241619107,23.562924998955808,1.4594751753459223,False
feedforward,,4,17,13,0.6767656653931103,23.562924998955808,1.4594751753459223,False
feedforward,,4,17,14,0.6505585986901414,23.562924998955808,1.4594751753459223,False
feedforward,,4,17,15,0.6248270558007727,23.562924998955808,1.4594751753459223,False
feedforward,,4,18,0,1.0,14.83885724981706,0.919532088542192,False
feedforward,,4,18,1,0.9393273120559259,14.83885724981706,0.919532088542192,False
feedforward,,4,18,2,0.8724085394615724,14.83885724981706,0.919532088542192,False
feedforward,,4,18,3,0.7943065891846888,14.83885724981706,0.919532088542192,False
feedforward,,4,18,4,0.718274423607858,14.83885724981706,0.919532088542192,False
feedforward,,4,18,5,0.6447158563213307,14.83885724981706,0.919532088542192,False
feedforward,,4,18,6,0.588152600583284,14.83885724981706,0.919532088542192,False
feedforward,,4,18,7,0.5389060552673891,14.83885724981706,0.919532088542192,False
feedforward,,4,18,8,0.4968535491111,14.83885724981706,0.919532088542192,False
feedforward,,4,18,9,0.465432356474643,14.83885724981706,0.919532088542192,False
feedforward,,4,18,10,0.42926695678243776,14.83885724981706,0.919532088542192,False
feedforward,,4,18,11,0.3978008860909651,14.83885724981706,0.919532088542192,False
feedforward,,4,18,12,0.3690587918222518,14.83885724981706,0.919532088542192,False
feedforward,,4,18,13,0.34805463118257923,14.83885724981706,0.919532088542192,False
feedforward,,4,18,14,0.32707489776122123,14.83885724981706,0.919532088542192,False
feedforward,,4,18,15,0.2997396845453809,14.83885724981706,0.919532088542192,False
feedforward,,4,19,0,1.0,31.61824779828408,0.9205303457558307,False
feedforward,,4,19,1,0.9461039203898536,31.61824779828408,0.9205303457558307,False
feedforward,,4,19,2,0.8893112199010998,31.61824779828408,0.9205303457558307,False
feedforward,,4,19,3,0.836456519360826,31.61824779828408,0.9205303457558307,False
feedforward,,4,19,4,0.7827957894632012,31.61824779828408,0.9205303457558307,False
feedforward,,4,19,5,0.7296153475846275,31.61824779828408,0.9205303457558307,False
feedforward,,4,19,6,0.6730170806443808,31.61824779828408,0.9205303457558307,False
feedforward,,4,19,7,0.5898257248023352,31.61824779828408,0.9205303457558307,False
feedforward,,4,19,8,0.503990297227845,31.61824779828408,0.9205303457558307,False
feedforward,,4,19,9,0.4395627927609845,31.61824779828408,0.9205303457558307,False
feedforward,,4,19,10,0.39232741357096423,31.61824779828408,0.9205303457558307,False
feedforward,,4,19,11,0.3432545455257116,31.61824779828408,0.9205303457558307,False
feedforward,,4,19,12,0.30174639490136795,31.61824779828408,0.9205303457558307,False
feedforward,,4,19,13,0.26670859962296534,31.61824779828408,0.9205303457558307,False
feedforward,,4,19,14,0.21962989434858998,31.61824779828408,0.9205303457558307,False
feedforward,,4,19,15,0.18743283230540997,31.61824779828408,0.9205303457558307,False
feedforward,,10,0,0,1.0,16.754000508798242,1.040568500967461,False
feedforward,,10,0,1,0.8285799401787851,16.754000508798242,1.040568500967461,False
feedforward,,10,0,2,0.7036931401892473,16.754000508798242,1.040568500967461,False
feedforward,,10,0,3,0.6002257105424275,16.754000508798242,1.040568500967461,False
feedforward,,10,0,4,0.5832251433704859,16.754000508798242,1.040568500967461,False
feedforward,,10,0,5,0.5124878434513701,16.754000508798242,1.040568500967461,False
feedforward,,10,0,6,0.46560371681975565,16.754000508798242,1.040568500967461,False
feedforward,,10,0,7,0.4344451555276374,16.754000508798242,1.040568500967461,False
feedforward,,10,0,8,0.4513107924964396,16.754000508798242,1.040568500967461,False
feedforward,,10,0,9,0.4548237749974136,16.754000508798242,1.040568500967461,False
feedforward,,10,0,10,0.45918807909206555,16.754000508798242,1.040568500967461,False
feedforward,,10,0,11,0.4221759731674699,16.754000508798242,1.040568500967461,False
feedforward,,10,0,12,0.41191152686901955,16.754000508798242,1.040568500967461,False
feedforward,,10,0,13,0.39803318494471673,16.754000508798242,1.040568500967461,False
feedforward,,10,0,14,0.4175006163769845,16.754000508798242,1.040568500967461,False
feedforward,,10,0,15,0.3993707694875239,16.754000508798242,1.040568500967461,False
feedforward,,10,1,0,1.0,20.194337310736422,1.2588622229247879,False
feedforward,,10,1,1,0.9059609277963713,20.194337310736422,1.2588622229247879,False
feedforward,,10,1,2,0.8154218743877051,20.194337310736422,1.2588622229247879,False
feedforward,,10,1,3,0.7225877412773364,20.194337310736422,1.2588622229247879,False
feedforward,,10,1,4,0.6330011198790081,20.194337310736422,1.2588622229247879,False
feedforward,,10,1,5,0.525150191737221,20.194337310736422,1.2588622229247879,False
feedforward,,10,1,6,0.4119969927929748,20.194337310736422,1.2588622229247879,False
feedforward,,10,1,7,0.32814103439465697,20.194337310736422,1.2588622229247879,False
feedforward,,10,1,8,0.2483035272061784,20.194337310736422,1.2588622229247879,False
feedforward,,10,1,9,0.15258634589130665,20.194337310736422,1.2588622229247879,False
feedforward,,10,1,10,0.052261515228883754,20.194337310736422,1.2588622229247879,False
feedforward,,10,1,11,-0.027419367424094173,20.194337310736422,1.2588622229247879,False
feedforward,,10,1,12,-0.08753197692249666,20.194337310736422,1.2588622229247879,False
feedforward,,10,1,13,-0.16468891955908907,20.194337310736422,1.2588622229247879,False
feedforward,,10,1,14,-0.24033696292263884,20.194337310736422,1.2588622229247879,False
feedforward,,10,1,15,-0.28447387475004493,20.194337310736422,1.2588622229247879,False
feedforward,,10,2,0,1.0,12.000360637989845,0.7389708502694547,False
feedforward,,10,2,1,0.810346087458833,12.000360637989845,0.7389708502694547,False
feedforward,,10,2,2,0.6230362675685777,12.000360637989845,0.7389708502694547,False
feedforward,,10,2,3,0.49589813477670325,12.000360637989845,0.7389708502694547,False
feedforward,,10,2,4,0.39611784253501664,12.000360637989845,0.7389708502694547,False
feedforward,,10,2,5,0.3311307472601367,12.000360637989845,0.7389708502694547,False
feedforward,,10,2,6,0.23510821549771205,12.000360637989845,0.7389708502694547,False
feedforward,,10,2,7,0.14651896637128142,12.000360637989845,0.7389708502694547,False
feedforward,,10,2,8,0.08778490445482634,12.000360637989845,0.7389708502694547,False
feedforward,,10,2,9,0.07787272362346041,12.000360637989845,0.7389708502694547,False
feedforward,,10,2,10,0.11550982422835901,12.000360637989845,0.7389708502694547,False
feedforward,,10,2,11,0.17402864212570826,12.000360637989845,0.7389708502694547,False
feedforward,,10,2,12,0.23160839751678775,12.000360637989845,0.7389708502694547,False
feedforward,,10,2,13,0.25164522497715064,12.000360637989845,0.7389708502694547,False
feedforward,,10,2,14,0.21826709765721222,12.000360637989845,0.7389708502694547,False
feedforward,,10,2,15,0.12869201428952656,12.000360637989845,0.7389708502694547,False
feedforward,,10,3,0,1.0,18.197526317839934,1.121198247768703,False
feedforward,,10,3,1,0.8834046845320946,18.197526317839934,1.121198247768703,False
feedforward,,10,3,2,0.745335747584551,18.197526317839934,1.121198247768703,False
feedforward,,10,3,3,0.6131621251697207,18.197526317839934,1.121198247768703,False
feedforward,,10,3,4,0.5135535941768679,18.197526317839934,1.121198247768703,False
feedforward,,10,3,5,0.41403907334117934,18.197526317839934,1.121198247768703,False
feedforward,,10,3,6,0.34714035524069303,18.197526317839934,1.121198247768703,False
feedforward,,10,3,7,0.2798746474240795,18.197526317839934,1.121198247768703,False
feedforward,,10,3,8,0.2317720876739127,18.197526317839934,1.121198247768703,False
feedforward,,10,3,9,0.1796771172134327,18.197526317839934,1.121198247768703,False
feedforward,,10,3,10,0.1359772027199172,18.197526317839934,1.121198247768703,False
feedforward,,10,3,11,0.0717906407352327,18.197526317839934,1.121198247768703,False
feedforward,,10,3,12,-0.017060367503529083,18.197526317839934,1.121198247768703,False
feedforward,,10,3,13,-0.12322727087700498,18.197526317839934,1.121198247768703,False
feedforward,,10,3,14,-0.17982123430898822,18.197526317839934,1.121198247768703,False
feedforward,,10,3,15,-0.20266638360831524,18.197526317839934,1.121198247768703,False
feedforward,,10,4,0,1.0,13.640000818051186,0.850964200981816,False
feedforward,,10,4,1,0.8186217912018107,13.640000818051186,0.850964200981816,False
feedforward,,10,4,2,0.6638302740543854,13.640000818051186,0.850964200981816,False
feedforward,,10,4,3,0.5564873880132389,13.640000818051186,0.850964200981816,False
feedforward,,10,4,4,0.46562064480466664,13.640000818051186,0.850964200981816,False
feedforward,,10,4,5,0.3548058137845735,13.640000818051186,0.850964200981816,False
feedforward,,10,4,6,0.24828644249325876,13.640000818051186,0.850964200981816,False
feedforward,,10,4,7,0.14644665542526544,13.640000818051186,0.850964200981816,False
feedforward,,10,4,8,0.08768505476672427,13.640000818051186,0.850964200981816,False
feedforward,,10,4,9,0.040020688724832935,13.640000818051186,0.850964200981816,False
feedforward,,10,4,10,-0.026213635921121414,13.640000818051186,0.850964200981816,False
feedforward,,10,4,11,-0.13035567868477838,13.640000818051186,0.850964200981816,False
feedforward,,10,4,12,-0.1837507045134691,13.640000818051186,0.850964200981816,False
feedforward,,10,4,13,-0.17987673907780694,13.640000818051186,0.850964200981816,False
feedforward,,10,4,14,-0.18094732042824344,13.640000818051186,0.850964200981816,False
feedforward,,10,4,15,-0.22378780337066023,13.640000818051186,0.850964200981816,False
feedforward,,10,5,0,1.0,17.75422666089465,1.095183381531746,False
feedforward,,10,5,1,0.7628243484723015,17.75422666089465,1.095183381531746,False
feedforward,,10,5,2,0.5542361472288414,17.75422666089465,1.095183381531746,False
feedforward,,10,5,3,0.40091618316614785,17.75422666089465,1.095183381531746,False
feedforward,,10,5,4,0.2841258283981489,17.75422666089465,1.095183381531746,False
feedforward,,10,5,5,0.18845522536156617,17.75422666089465,1.095183381531746,False
feedforward,,10,5,6,0.19606267680782444,17.75422666089465,1.095183381531746,False
feedforward,,10,5,7,0.2734265376533226,17.75422666089465,1.095183381531746,False
feedforward,,10,5,8,0.31922534806881775,17.75422666089465,1.095183381531746,False
feedforward,,10,5,9,0.2701714762579015,17.75422666089465,1.095183381531746,False
feedforward,,10,5,10,0.25584256892908613,17.75422666089465,1.095183381531746,False
feedforward,,10,5,11,0.18949784629982333,17.75422666089465,1.095183381531746,False
feedforward,,10,5,12,0.12311903201480189,17.75422666089465,1.095183381531746,False
feedforward,,10,5,13,0.04958617656795857,17.75422666089465,1.095183381531746,False
feedforward,,10,5,14,0.01125610531277118,17.75422666089465,1.095183381531746,False
feedforward,,10,5,15,0.05596062335058971,17.75422666089465,1.095183381531746,False
feedforward,,10,6,0,1.0,14.049769038116898,0.8764621101968907,False
feedforward,,10,6,1,0.8430817984177498,14.049769038116898,0.8764621101968907,False
feedforward,,10,6,2,0.7113297997091155,14.049769038116898,0.8764621101968907,False
feedforward,,10,6,3,0.628539048857616,14.049769038116898,0.8764621101968907,False
feedforward,,10,6,4,0.5960416547783857,14.049769038116898,0.8764621101968907,False
feedforward,,10,6,5,0.5584491631433296,14.049769038116898,0.8764621101968907,False
feedforward,,10,6,6,0.5354079704965757,14.049769038116898,0.8764621101968907,False
feedforward,,10,6,7,0.5523638549077204,14.049769038116898,0.8764621101968907,False
feedforward,,10,6,8,0.5501376190435416,14.049769038116898,0.8764621101968907,False
feedforward,,10,6,9,0.5194529111962014,14.049769038116898,0.8764621101968907,False
feedforward,,10,6,10,0.4543467344162684,14.049769038116898,0.8764621101968907,False
feedforward,,10,6,11,0.42459147296010097,14.049769038116898,0.8764621101968907,False
feedforward,,10,6,12,0.40280469645240524,14.049769038116898,0.8764621101968907,False
feedforward,,10,6,13,0.3488905244528081,14.049769038116898,0.8764621101968907,False
feedforward,,10,6,14,0.3041939498827015,14.049769038116898,0.8764621101968907,False
feedforward,,10,6,15,0.29782258011636537,14.049769038116898,0.8764621101968907,False
feedforward,,10,7,0,1.0,16.497032704652618,1.004276698963425,False
feedforward,,10,7,1,0.8875756173024894,16.497032704652618,1.004276698963425,False
feedforward,,10,7,2,0.7666752219824073,16.497032704652618,1.004276698963425,False
feedforward,,10,7,3,0.6318429397109925,16.497032704652618,1.004276698963425,False
feedforward,,10,7,4,0.5103482108479831,16.497032704652618,1.004276698963425,False
feedforward,,10,7,5,0.41551791217208633,16.497032704652618,1.004276698963425,False
feedforward,,10,7,6,0.32754626741550424,16.497032704652618,1.004276698963425,False
feedforward,,10,7,7,0.26760004153162426,16.497032704652618,1.004276698963425,False
feedforward,,10,7,8,0.21462673741715718,16.497032704652618,1.004276698963425,False
feedforward,,10,7,9,0.16014105209230078,16.497032704652618,1.004276698963425,False
feedforward,,10,7,10,0.10622029651683637,16.497032704652618,1.004276698963425,False
feedforward,,10,7,11,0.07348330282169532,16.497032704652618,1.004276698963425,False
feedforward,,10,7,12,0.05084144200994404,16.497032704652618,1.004276698963425,False
feedforward,,10,7,13,0.04441433661242134,16.497032704652618,1.004276698963425,False
feedforward,,10,7,14,0.04891477993156369,16.497032704652618,1.004276698963425,False
feedforward,,10,7,15,0.05671693506786442,16.497032704652618,1.004276698963425,False
feedforward,,10,8,0,1.0,12.774612789273,0.7967966267274914,False
feedforward,,10,8,1,0.6884674152863388,12.774612789273,0.7967966267274914,False
feedforward,,10,8,2,0.42144602839261935,12.774612789273,0.7967966267274914,False
feedforward,,10,8,3,0.27244877723701666,12.774612789273,0.7967966267274914,False
feedforward,,10,8,4,0.2456078443084062,12.774612789273,0.7967966267274914,False
feedforward,,10,8,5,0.25193023321363006,12.774612789273,0.7967966267274914,False
feedforward,,10,8,6,0.18107874641510116,12.774612789273,0.7967966267274914,False
feedforward,,10,8,7,0.16558085895917476,12.774612789273,0.7967966267274914,False
feedforward,,10,8,8,0.11388042413538811,12.774612789273,0.7967966267274914,False
feedforward,,10,8,9,0.09059883765707888,12.774612789273,0.7967966267274914,False
feedforward,,10,8,10,0.0279974238149245,12.774612789273,0.7967966267274914,False
feedforward,,10,8,11,-0.03545768179952228,12.774612789273,0.7967966267274914,False
feedforward,,10,8,12,-0.03180621896074505,12.774612789273,0.7967966267274914,False
feedforward,,10,8,13,-0.040041468677836846,12.774612789273,0.7967966267274914,False
feedforward,,10,8,14,-0.01686987805832748,12.774612789273,0.7967966267274914,False
feedforward,,10,8,15,0.05165580244753641,12.774612789273,0.7967966267274914,False
feedforward,,10,9,0,1.0,12.656236486794965,0.7907474322639552,False
feedforward,,10,9,1,0.713494706137883,12.656236486794965,0.7907474322639552,False
feedforward,,10,9,2,0.5388501285665956,12.656236486794965,0.7907474322639552,False
feedforward,,10,9,3,0.40327239222942624,12.656236486794965,0.7907474322639552,False
feedforward,,10,9,4,0.28445043469221504,12.656236486794965,0.7907474322639552,False
feedforward,,10,9,5,0.19506670266588477,12.656236486794965,0.7907474322639552,False
feedforward,,10,9,6,0.148804595795952,12.656236486794965,0.7907474322639552,False
feedforward,,10,9,7,0.10760688900865607,12.656236486794965,0.7907474322639552,False
feedforward,,10,9,8,0.06176251209760151,12.656236486794965,0.7907474322639552,False
feedforward,,10,9,9,0.05304396057399615,12.656236486794965,0.7907474322639552,False
feedforward,,10,9,10,0.05300662067328224,12.656236486794965,0.7907474322639552,False
feedforward,,10,9,11,0.04547059451939997,12.656236486794965,0.7907474322639552,False
feedforward,,10,9,12,0.03974535220199953,12.656236486794965,0.7907474322639552,False
feedforward,,10,9,13,0.04904871541686717,12.656236486794965,0.7907474322639552,False
feedforward,,10,9,14,0.038142398981432506,12.656236486794965,0.7907474322639552,False
feedforward,,10,9,15,0.04601741831555301,12.656236486794965,0.7907474322639552,False
feedforward,,10,10,0,1.0,18.007537113110168,1.1214115901453083,False
feedforward,,10,10,1,0.8430935034880377,18.007537113110168,1.1214115901453083,False
feedforward,,10,10,2,0.7344930622571907,18.007537113110168,1.1214115901453083,False
feedforward,,10,10,3,0.6164616538167099,18.007537113110168,1.1214115901453083,False
feedforward,,10,10,4,0.4962883602746912,18.007537113110168,1.1214115901453083,False
feedforward,,10,10,5,0.40064444930018794,18.007537113110168,1.1214115901453083,False
feedforward,,10,10,6,0.3162987573203944,18.007537113110168,1.1214115901453083,False
feedforward,,10,10,7,0.24747245579461774,18.007537113110168,1.1214115901453083,False
feedforward,,10,10,8,0.21018984123109724,18.007537113110168,1.1214115901453083,False
feedforward,,10,10,9,0.1601206708209937,18.007537113110168,1.1214115901453083,False
feedforward,,10,10,10,0.11018864926384102,18.007537113110168,1.1214115901453083,False
feedforward,,10,10,11,0.07987143015650815,18.007537113110168,1.1214115901453083,False
feedforward,,10,10,12,0.032330600862255886,18.007537113110168,1.1214115901453083,False
feedforward,,10,10,13,-0.02737170859964409,18.007537113110168,1.1214115901453083,False
feedforward,,10,10,14,-0.06155157613197241,18.007537113110168,1.1214115901453083,False
feedforward,,10,10,15,-0.11727508779673311,18.007537113110168,1.1214115901453083,False
feedforward,,10,11,0,1.0,11.740985272638554,0.6415225014715586,False
feedforward,,10,11,1,0.7537474968850847,11.740985272638554,0.6415225014715586,False
feedforward,,10,11,2,0.5914790255729859,11.740985272638554,0.6415225014715586,False
feedforward,,10,11,3,0.41799255007411623,11.740985272638554,0.6415225014715586,False
feedforward,,10,11,4,0.30079847102588425,11.740985272638554,0.6415225014715586,False
feedforward,,10,11,5,0.18900543854471563,11.740985272638554,0.6415225014715586,False
feedforward,,10,11,6,0.10718560821041385,11.740985272638554,0.6415225014715586,False
feedforward,,10,11,7,0.019090362077280373,11.740985272638554,0.6415225014715586,False
feedforward,,10,11,8,-0.0006903890693620157,11.740985272638554,0.6415225014715586,False
feedforward,,10,11,9,-0.005765140118437698,11.740985272638554,0.6415225014715586,False
feedforward,,10,11,10,0.03282670980800232,11.740985272638554,0.6415225014715586,False
feedforward,,10,11,11,0.06207856453589836,11.740985272638554,0.6415225014715586,False
feedforward,,10,11,12,0.09987724748934844,11.740985272638554,0.6415225014715586,False
feedforward,,10,11,13,0.09603366703368543,11.740985272638554,0.6415225014715586,False
feedforward,,10,11,14,0.17562629652924636,11.740985272638554,0.6415225014715586,False
feedforward,,10,11,15,0.19783577104668204,11.740985272638554,0.6415225014715586,False
feedforward,,10,12,0,1.0,16.0271144188819,0.9652123030197775,False
feedforward,,10,12,1,0.8611630412774958,16.0271144188819,0.9652123030197775,False
feedforward,,10,12,2,0.7570798956849225,16.0271144188819,0.9652123030197775,False
feedforward,,10,12,3,0.6585040954667256,16.0271144188819,0.9652123030197775,False
feedforward,,10,12,4,0.5617910955056681,16.0271144188819,0.9652123030197775,False
feedforward,,10,12,5,0.4455702826447402,16.0271144188819,0.9652123030197775,False
feedforward,,10,12,6,0.36307606116464697,16.0271144188819,0.9652123030197775,False
feedforward,,10,12,7,0.2572392385152921,16.0271144188819,0.9652123030197775,False
feedforward,,10,12,8,0.16330758418528663,16.0271144188819,0.9652123030197775,False
feedforward,,10,12,9,0.0808823125715282,16.0271144188819,0.9652123030197775,False
feedforward,,10,12,10,0.036594946826575415,16.0271144188819,0.9652123030197775,False
feedforward,,10,12,11,0.011461785338842128,16.0271144188819,0.9652123030197775,False
feedforward,,10,12,12,-0.002464757994303934,16.0271144188819,0.9652123030197775,False
feedforward,,10,12,13,0.0024807432104720618,16.0271144188819,0.9652123030197775,False
feedforward,,10,12,14,-0.00246878025014635,16.0271144188819,0.9652123030197775,False
feedforward,,10,12,15,0.016138245922949157,16.0271144188819,0.9652123030197775,False
feedforward,,10,13,0,1.0,18.589742445629216,1.1591874710208587,False
feedforward,,10,13,1,0.8812541797265145,18.589742445629216,1.1591874710208587,False
feedforward,,10,13,2,0.7653117191373261,18.589742445629216,1.1591874710208587,False
feedforward,,10,13,3,0.682097348472209,18.589742445629216,1.1591874710208587,False
feedforward,,10,13,4,0.5832243693768349,18.589742445629216,1.1591874710208587,False
feedforward,,10,13,5,0.5077409007658739,18.589742445629216,1.1591874710208587,False
feedforward,,10,13,6,0.4516952038515907,18.589742445629216,1.1591874710208587,False
feedforward,,10,13,7,0.3886280377483904,18.589742445629216,1.1591874710208587,False
feedforward,,10,13,8,0.32906679081636964,18.589742445629216,1.1591874710208587,False
feedforward,,10,13,9,0.28057660080466346,18.589742445629216,1.1591874710208587,False
feedforward,,10,13,10,0.22792212265707176,18.589742445629216,1.1591874710208587,False
feedforward,,10,13,11,0.16815881246394818,18.589742445629216,1.1591874710208587,False
feedforward,,10,13,12,0.1270493609788924,18.589742445629216,1.1591874710208587,False
feedforward,,10,13,13,0.09639015100423633,18.589742445629216,1.1591874710208587,False
feedforward,,10,13,14,0.04590033784611603,18.589742445629216,1.1591874710208587,False
feedforward,,10,13,15,0.0027909558728590614,18.589742445629216,1.1591874710208587,False
feedforward,,10,14,0,1.0,16.385808949185343,1.0230457057773048,False
feedforward,,10,14,1,0.8154735297394088,16.385808949185343,1.0230457057773048,False
feedforward,,10,14,2,0.670512736512616,16.385808949185343,1.0230457057773048,False
feedforward,,10,14,3,0.5458035493167706,16.385808949185343,1.0230457057773048,False
feedforward,,10,14,4,0.44120129316200535,16.385808949185343,1.0230457057773048,False
feedforward,,10,14,5,0.3994149788000909,16.385808949185343,1.0230457057773048,False
feedforward,,10,14,6,0.3201028988375586,16.385808949185343,1.0230457057773048,False
feedforward,,10,14,7,0.2500704474031403,16.385808949185343,1.0230457057773048,False
feedforward,,10,14,8,0.23492193934550357,16.385808949185343,1.0230457057773048,False
feedforward,,10,14,9,0.2538185027843579,16.385808949185343,1.0230457057773048,False
feedforward,,10,14,10,0.3024363809821782,16.385808949185343,1.0230457057773048,False
feedforward,,10,14,11,0.3147179275557622,16.385808949185343,1.0230457057773048,False
feedforward,,10,14,12,0.2592056814277057,16.385808949185343,1.0230457057773048,False
feedforward,,10,14,13,0.18125513324952688,16.385808949185343,1.0230457057773048,False
feedforward,,10,14,14,0.13357311159453247,16.385808949185343,1.0230457057773048,False
feedforward,,10,14,15,0.11763397205859286,16.385808949185343,1.0230457057773048,False
feedforward,,10,15,0,1.0,12.41118021295924,0.7681264067890373,False
feedforward,,10,15,1,0.8176723028695996,12.41118021295924,0.7681264067890373,False
feedforward,,10,15,2,0.6143628782736171,12.41118021295924,0.7681264067890373,False
feedforward,,10,15,3,0.46045055003976815,12.41118021295924,0.7681264067890373,False
feedforward,,10,15,4,0.32801435656232747,12.41118021295924,0.7681264067890373,False
feedforward,,10,15,5,0.2285124494433236,12.41118021295924,0.7681264067890373,False
feedforward,,10,15,6,0.15743001262901338,12.41118021295924,0.7681264067890373,False
feedforward,,10,15,7,0.13045511313098113,12.41118021295924,0.7681264067890373,False
feedforward,,10,15,8,0.09821540518759432,12.41118021295924,0.7681264067890373,False
feedforward,,10,15,9,0.036786210714808996,12.41118021295924,0.7681264067890373,False
feedforward,,10,15,10,-0.01612178486573331,12.41118021295924,0.7681264067890373,False
feedforward,,10,15,11,0.0051693905314548075,12.41118021295924,0.7681264067890373,False
feedforward,,10,15,12,0.028852675614184586,12.41118021295924,0.7681264067890373,False
feedforward,,10,15,13,0.03851280838724863,12.41118021295924,0.7681264067890373,False
feedforward,,10,15,14,0.06918574260196499,12.41118021295924,0.7681264067890373,False
feedforward,,10,15,15,0.0925731931200292,12.41118021295924,0.7681264067890373,False
feedforward,,10,16,0,1.0,15.394593684293735,0.9577665847087617,False
feedforward,,10,16,1,0.8081434552582523,15.394593684293735,0.9577665847087617,False
feedforward,,10,16,2,0.5994651688298743,15.394593684293735,0.9577665847087617,False
feedforward,,10,16,3,0.4626726955623428,15.394593684293735,0.9577665847087617,False
feedforward,,10,16,4,0.3792342026215293,15.394593684293735,0.9577665847087617,False
feedforward,,10,16,5,0.3266167282286011,15.394593684293735,0.9577665847087617,False
feedforward,,10,16,6,0.2627927726044335,15.394593684293735,0.9577665847087617,False
feedforward,,10,16,7,0.22313708805753318,15.394593684293735,0.9577665847087617,False
feedforward,,10,16,8,0.18447804606158386,15.394593684293735,0.9577665847087617,False
feedforward,,10,16,9,0.13419543564214684,15.394593684293735,0.9577665847087617,False
feedforward,,10,16,10,0.07396655309652442,15.394593684293735,0.9577665847087617,False
feedforward,,10,16,11,0.005646988873858253,15.394593684293735,0.9577665847087617,False
feedforward,,10,16,12,-0.0694903895982385,15.394593684293735,0.9577665847087617,False
feedforward,,10,16,13,-0.1405769188494994,15.394593684293735,0.9577665847087617,False
feedforward,,10,16,14,-0.16215102561775385,15.394593684293735,0.9577665847087617,False
feedforward,,10,16,15,-0.14035631433451595,15.394593684293735,0.9577665847087617,False
feedforward,,10,17,0,1.0,20.467443123611112,1.278742106607775,False
feedforward,,10,17,1,0.848719604628248,20.467443123611112,1.278742106607775,False
feedforward,,10,17,2,0.7300898486339571,20.467443123611112,1.278742106607775,False
feedforward,,10,17,3,0.6535497226062668,20.467443123611112,1.278742106607775,False
feedforward,,10,17,4,0.6215278956972508,20.467443123611112,1.278742106607775,False
feedforward,,10,17,5,0.5666547164193955,20.467443123611112,1.278742106607775,False
feedforward,,10,17,6,0.4629344872957356,20.467443123611112,1.278742106607775,False
feedforward,,10,17,7,0.4009207453656264,20.467443123611112,1.278742106607775,False
feedforward,,10,17,8,0.31481425060443774,20.467443123611112,1.278742106607775,False
feedforward,,10,17,9,0.24272741821305363,20.467443123611112,1.278742106607775,False
feedforward,,10,17,10,0.1539354562342205,20.467443123611112,1.278742106607775,False
feedforward,,10,17,11,0.07653197325595373,20.467443123611112,1.278742106607775,False
feedforward,,10,17,12,0.032865777582555565,20.467443123611112,1.278742106607775,False
feedforward,,10,17,13,-0.007527428911460243,20.467443123611112,1.278742106607775,False
feedforward,,10,17,14,-0.03885346066834097,20.467443123611112,1.278742106607775,False
feedforward,,10,17,15,-0.07819942889095663,20.467443123611112,1.278742106607775,False
feedforward,,10,18,0,1.0,15.634071573593006,0.9767540647280457,False
feedforward,,10,18,1,0.8114888428463157,15.634071573593006,0.9767540647280457,False
feedforward,,10,18,2,0.6673035085570387,15.634071573593006,0.9767540647280457,False
feedforward,,10,18,3,0.5043776283470283,15.634071573593006,0.9767540647280457,False
feedforward,,10,18,4,0.3564205511831056,15.634071573593006,0.9767540647280457,False
feedforward,,10,18,5,0.24644755053618744,15.634071573593006,0.9767540647280457,False
feedforward,,10,18,6,0.17407252427024456,15.634071573593006,0.9767540647280457,False
feedforward,,10,18,7,0.10939611958530869,15.634071573593006,0.9767540647280457,False
feedforward,,10,18,8,0.05595542959967887,15.634071573593006,0.9767540647280457,False
feedforward,,10,18,9,0.024896942560978946,15.634071573593006,0.9767540647280457,False
feedforward,,10,18,10,0.026884565738647635,15.634071573593006,0.9767540647280457,False
feedforward,,10,18,11,0.01034812424247545,15.634071573593006,0.9767540647280457,False
feedforward,,10,18,12,-0.0176738622556311,15.634071573593006,0.9767540647280457,False
feedforward,,10,18,13,-0.01695996059019109,15.634071573593006,0.9767540647280457,False
feedforward,,10,18,14,-0.00033135956356252795,15.634071573593006,0.9767540647280457,False
feedforward,,10,18,15,-0.01406012778523427,15.634071573593006,0.9767540647280457,False
feedforward,,10,19,0,1.0,15.64378512598007,0.9775466702050296,False
feedforward,,10,19,1,0.8188886074327008,15.64378512598007,0.9775466702050296,False
feedforward,,10,19,2,0.7006065241059178,15.64378512598007,0.9775466702050296,False
feedforward,,10,19,3,0.607306291155326,15.64378512598007,0.9775466702050296,False
feedforward,,10,19,4,0.4554969982106271,15.64378512598007,0.9775466702050296,False
feedforward,,10,19,5,0.3569935338442408,15.64378512598007,0.9775466702050296,False
feedforward,,10,19,6,0.2736025427597347,15.64378512598007,0.9775466702050296,False
feedforward,,10,19,7,0.23183034278930884,15.64378512598007,0.9775466702050296,False
feedforward,,10,19,8,0.2300452622047857,15.64378512598007,0.9775466702050296,False
feedforward,,10,19,9,0.20727598294966432,15.64378512598007,0.9775466702050296,False
feedforward,,10,19,10,0.24785208001097683,15.64378512598007,0.9775466702050296,False
feedforward,,10,19,11,0.26639636262854477,15.64378512598007,0.9775466702050296,False
feedforward,,10,19,12,0.27078730882090113,15.64378512598007,0.9775466702050296,False
feedforward,,10,19,13,0.26906655345937774,15.64378512598007,0.9775466702050296,False
feedforward,,10,19,14,0.22509780041289223,15.64378512598007,0.9775466702050296,False
feedforward,,10,19,15,0.21674481001927295,15.64378512598007,0.9775466702050296,False
feedforward,,24,0,0,1.0,14.311590192502997,0.8942274580491912,False
feedforward,,24,0,1,0.26142174077012786,14.311590192502997,0.8942274580491912,False
feedforward,,24,0,2,0.10268375350517783,14.311590192502997,0.8942274580491912,False
feedforward,,24,0,3,0.0042898669930318606,14.311590192502997,0.8942274580491912,False
feedforward,,24,0,4,0.022661483712571068,14.311590192502997,0.8942274580491912,False
feedforward,,24,0,5,0.02364320050512937,14.311590192502997,0.8942274580491912,False
feedforward,,24,0,6,-0.13399019135841161,14.311590192502997,0.8942274580491912,False
feedforward,,24,0,7,-0.12123909949235102,14.311590192502997,0.8942274580491912,False
feedforward,,24,0,8,-0.23386799071264516,14.311590192502997,0.8942274580491912,False
feedforward,,24,0,9,-0.1790746721339545,14.311590192502997,0.8942274580491912,False
feedforward,,24,0,10,-0.01682140996711341,14.311590192502997,0.8942274580491912,False
feedforward,,24,0,11,0.040412324390297454,14.311590192502997,0.8942274580491912,False
feedforward,,24,0,12,0.03125944716671472,14.311590192502997,0.8942274580491912,False
feedforward,,24,0,13,0.03103804817772127,14.311590192502997,0.8942274580491912,False
feedforward,,24,0,14,0.11922822362408218,14.311590192502997,0.8942274580491912,False
feedforward,,24,0,15,0.06403221456374164,14.311590192502997,0.8942274580491912,False
feedforward,,24,1,0,1.0,13.482472523019087,0.8397290660054759,False
feedforward,,24,1,1,0.09750501360797004,13.482472523019087,0.8397290660054759,False
feedforward,,24,1,2,-0.07176017104050568,13.482472523019087,0.8397290660054759,False
feedforward,,24,1,3,-0.025741705001749958,13.482472523019087,0.8397290660054759,False
feedforward,,24,1,4,0.10141467064538112,13.482472523019087,0.8397290660054759,False
feedforward,,24,1,5,-0.14809971289472634,13.482472523019087,0.8397290660054759,False
feedforward,,24,1,6,-0.09789031921767823,13.482472523019087,0.8397290660054759,False
feedforward,,24,1,7,0.07552848681241706,13.482472523019087,0.8397290660054759,False
feedforward,,24,1,8,0.07974724593056363,13.482472523019087,0.8397290660054759,False
feedforward,,24,1,9,-0.11191057448829274,13.482472523019087,0.8397290660054759,False
feedforward,,24,1,10,-0.085632775605683,13.482472523019087,0.8397290660054759,False
feedforward,,24,1,11,-0.05904926885719486,13.482472523019087,0.8397290660054759,False
feedforward,,24,1,12,0.02146963245014591,13.482472523019087,0.8397290660054759,False
feedforward,,24,1,13,0.13616297198903812,13.482472523019087,0.8397290660054759,False
feedforward,,24,1,14,0.06839628040223253,13.482472523019087,0.8397290660054759,False
feedforward,,24,1,15,-0.03770891715051731,13.482472523019087,0.8397290660054759,False
feedforward,,24,2,0,1.0,17.758315500272133,1.1097778731422576,False
feedforward,,24,2,1,0.3770115759669804,17.758315500272133,1.1097778731422576,False
feedforward,,24,2,2,0.12042438339249244,17.758315500272133,1.1097778731422576,False
feedforward,,24,2,3,-0.08478324072920713,17.758315500272133,1.1097778731422576,False
feedforward,,24,2,4,-0.09444706302755873,17.758315500272133,1.1097778731422576,False
feedforward,,24,2,5,-0.06255243130148157,17.758315500272133,1.1097778731422576,False
feedforward,,24,2,6,-0.021402790796606067,17.758315500272133,1.1097778731422576,False
feedforward,,24,2,7,-0.002649660537515932,17.758315500272133,1.1097778731422576,False
feedforward,,24,2,8,0.002227439253598006,17.758315500272133,1.1097778731422576,False
feedforward,,24,2,9,-0.04884524198701376,17.758315500272133,1.1097778731422576,False
feedforward,,24,2,10,-0.06169087569666905,17.758315500272133,1.1097778731422576,False
feedforward,,24,2,11,0.06199190692574656,17.758315500272133,1.1097778731422576,False
feedforward,,24,2,12,-0.006220791469969594,17.758315500272133,1.1097778731422576,False
feedforward,,24,2,13,0.03164715214199659,17.758315500272133,1.1097778731422576,False
feedforward,,24,2,14,-0.022939690084101492,17.758315500272133,1.1097778731422576,False
feedforward,,24,2,15,-0.007655304551256052,17.758315500272133,1.1097778731422576,False
feedforward,,24,3,0,1.0,16.759102290160648,1.0470516907412981,False
feedforward,,24,3,1,0.4350188474056965,16.759102290160648,1.0470516907412981,False
feedforward,,24,3,2,0.10004896104296676,16.759102290160648,1.0470516907412981,False
feedforward,,24,3,3,-0.039815747340235935,16.759102290160648,1.0470516907412981,False
feedforward,,24,3,4,-0.14237215487895846,16.759102290160648,1.0470516907412981,False
feedforward,,24,3,5,-0.13297629823542564,16.759102290160648,1.0470516907412981,False
feedforward,,24,3,6,0.005911928830841748,16.759102290160648,1.0470516907412981,False
feedforward,,24,3,7,-0.02019784291997145,16.759102290160648,1.0470516907412981,False
feedforward,,24,3,8,-0.03213750658923071,16.759102290160648,1.0470516907412981,False
feedforward,,24,3,9,-0.04281110623647927,16.759102290160648,1.0470516907412981,False
feedforward,,24,3,10,-0.06603586822319499,16.759102290160648,1.0470516907412981,False
feedforward,,24,3,11,-0.10578306743521182,16.759102290160648,1.0470516907412981,False
feedforward,,24,3,12,-0.15380168880204464,16.759102290160648,1.0470516907412981,False
feedforward,,24,3,13,-0.1721050244196747,16.759102290160648,1.0470516907412981,False
feedforward,,24,3,14,-0.060720544327565934,16.759102290160648,1.0470516907412981,False
feedforward,,24,3,15,0.01673496650900312,16.759102290160648,1.0470516907412981,False
feedforward,,24,4,0,1.0,19.354415854675146,1.208921103244795,False
feedforward,,24,4,1,0.3380439057487989,19.354415854675146,1.208921103244795,False
feedforward,,24,4,2,0.05112541929313865,19.354415854675146,1.208921103244795,False
feedforward,,24,4,3,-0.02850534498400255,19.354415854675146,1.208921103244795,False
feedforward,,24,4,4,0.011779523943062427,19.354415854675146,1.208921103244795,False
feedforward,,24,4,5,-0.0363523564785907,19.354415854675146,1.208921103244795,False
feedforward,,24,4,6,-0.12977785200771957,19.354415854675146,1.208921103244795,False
feedforward,,24,4,7,-0.16666530554199996,19.354415854675146,1.208921103244795,False
feedforward,,24,4,8,0.04961676666898463,19.354415854675146,1.208921103244795,False
feedforward,,24,4,9,0.0060425501415642974,19.354415854675146,1.208921103244795,False
feedforward,,24,4,10,0.04969670187103689,19.354415854675146,1.208921103244795,False
feedforward,,24,4,11,-0.013317718188518578,19.354415854675146,1.208921103244795,False
feedforward,,24,4,12,-0.09296245701786876,19.354415854675146,1.208921103244795,False
feedforward,,24,4,13,-0.008950092025831505,19.354415854675146,1.208921103244795,False
feedforward,,24,4,14,0.08569396359673068,19.354415854675146,1.208921103244795,False
feedforward,,24,4,15,0.027677107928434152,19.354415854675146,1.208921103244795,False
feedforward,,24,5,0,1.0,15.675656697462964,0.9761400161921218,False
feedforward,,24,5,1,0.3323113948726839,15.675656697462964,0.9761400161921218,False
feedforward,,24,5,2,0.08556094009879067,15.675656697462964,0.9761400161921218,False
feedforward,,24,5,3,-0.04097705529366062,15.675656697462964,0.9761400161921218,False
feedforward,,24,5,4,-0.08494223649578882,15.675656697462964,0.9761400161921218,False
feedforward,,24,5,5,-0.07968478893642329,15.675656697462964,0.9761400161921218,False
feedforward,,24,5,6,-0.07509961605085833,15.675656697462964,0.9761400161921218,False
feedforward,,24,5,7,-0.043496727755046274,15.675656697462964,0.9761400161921218,False
feedforward,,24,5,8,-0.06534402588590331,15.675656697462964,0.9761400161921218,False
feedforward,,24,5,9,0.009438675667759643,15.675656697462964,0.9761400161921218,False
feedforward,,24,5,10,0.07345137674458353,15.675656697462964,0.9761400161921218,False
feedforward,,24,5,11,-0.0006433155609052496,15.675656697462964,0.9761400161921218,False
feedforward,,24,5,12,-0.15649759087203338,15.675656697462964,0.9761400161921218,False
feedforward,,24,5,13,-0.2137615372867049,15.675656697462964,0.9761400161921218,False
feedforward,,24,5,14,-0.19365608763129444,15.675656697462964,0.9761400161921218,False
feedforward,,24,5,15,-0.10880867435819905,15.675656697462964,0.9761400161921218,False
feedforward,,24,6,0,1.0,13.926563443296065,0.8701914095989542,False
feedforward,,24,6,1,0.3017723392420104,13.926563443296065,0.8701914095989542,False
feedforward,,24,6,2,0.05775883528339476,13.926563443296065,0.8701914095989542,False
feedforward,,24,6,3,-0.07218724215854976,13.926563443296065,0.8701914095989542,False
feedforward,,24,6,4,-0.02991290996520706,13.926563443296065,0.8701914095989542,False
feedforward,,24,6,5,-0.12331871826132132,13.926563443296065,0.8701914095989542,False
feedforward,,24,6,6,-0.14333908827473527,13.926563443296065,0.8701914095989542,False
feedforward,,24,6,7,-0.19038276387182634,13.926563443296065,0.8701914095989542,False
feedforward,,24,6,8,-0.12406057577318515,13.926563443296065,0.8701914095989542,False
feedforward,,24,6,9,-0.07480689221947907,13.926563443296065,0.8701914095989542,False
feedforward,,24,6,10,0.062319797383632164,13.926563443296065,0.8701914095989542,False
feedforward,,24,6,11,0.10279241172089618,13.926563443296065,0.8701914095989542,False
feedforward,,24,6,12,0.11452645302351544,13.926563443296065,0.8701914095989542,False
feedforward,,24,6,13,0.009251799752100335,13.926563443296065,0.8701914095989542,False
feedforward,,24,6,14,-0.04836698692313473,13.926563443296065,0.8701914095989542,False
feedforward,,24,6,15,0.06185602365101914,13.926563443296065,0.8701914095989542,False
feedforward,,24,7,0,1.0,17.0645966587255,1.066077673730629,False
feedforward,,24,7,1,0.2795773418253609,17.0645966587255,1.066077673730629,False
feedforward,,24,7,2,0.11162733683749655,17.0645966587255,1.066077673730629,False
feedforward,,24,7,3,-0.003455965975084453,17.0645966587255,1.066077673730629,False
feedforward,,24,7,4,-0.04819187645787048,17.0645966587255,1.066077673730629,False
feedforward,,24,7,5,-0.18584716897885942,17.0645966587255,1.066077673730629,False
feedforward,,24,7,6,-0.07962483439738664,17.0645966587255,1.066077673730629,False
feedforward,,24,7,7,-0.047877114449175626,17.0645966587255,1.066077673730629,False
feedforward,,24,7,8,0.05752880658356924,17.0645966587255,1.066077673730629,False
feedforward,,24,7,9,-0.027382151715937917,17.0645966587255,1.066077673730629,False
feedforward,,24,7,10,-0.044298426905439905,17.0645966587255,1.066077673730629,False
feedforward,,24,7,11,0.012253790526049765,17.0645966587255,1.066077673730629,False
feedforward,,24,7,12,-0.06774492620718713,17.0645966587255,1.066077673730629,False
feedforward,,24,7,13,0.02790430774257274,17.0645966587255,1.066077673730629,False
feedforward,,24,7,14,0.027713594169444408,17.0645966587255,1.066077673730629,False
feedforward,,24,7,15,0.0007915596823796166,17.0645966587255,1.066077673730629,False
feedforward,,24,8,0,1.0,14.803802328746272,0.9242171436393516,False
feedforward,,24,8,1,0.4333752398471318,14.803802328746272,0.9242171436393516,False
feedforward,,24,8,2,0.14330145830832552,14.803802328746272,0.9242171436393516,False
feedforward,,24,8,3,-0.06467054091431358,14.803802328746272,0.9242171436393516,False
feedforward,,24,8,4,-0.01507775342162181,14.803802328746272,0.9242171436393516,False
feedforward,,24,8,5,0.10154446382663909,14.803802328746272,0.9242171436393516,False
feedforward,,24,8,6,0.11448551480611951,14.803802328746272,0.9242171436393516,False
feedforward,,24,8,7,0.11893354014928284,14.803802328746272,0.9242171436393516,False
feedforward,,24,8,8,-0.0012924113579328904,14.803802328746272,0.9242171436393516,False
feedforward,,24,8,9,0.07009061498709646,14.803802328746272,0.9242171436393516,False
feedforward,,24,8,10,0.012714066361375106,14.803802328746272,0.9242171436393516,False
feedforward,,24,8,11,0.04789508136570408,14.803802328746272,0.9242171436393516,False
feedforward,,24,8,12,-0.08031733400684507,14.803802328746272,0.9242171436393516,False
feedforward,,24,8,13,-0.10081398274910723,14.803802328746272,0.9242171436393516,False
feedforward,,24,8,14,-0.04845470024506838,14.803802328746272,0.9242171436393516,False
feedforward,,24,8,15,0.02189151843059202,14.803802328746272,0.9242171436393516,False
feedforward,,24,9,0,1.0,12.049070916776603,0.7530587438082142,False
feedforward,,24,9,1,0.4254045255183519,12.049070916776603,0.7530587438082142,False
feedforward,,24,9,2,0.1614150450443333,12.049070916776603,0.7530587438082142,False
feedforward,,24,9,3,0.06215181538293438,12.049070916776603,0.7530587438082142,False
feedforward,,24,9,4,-0.07773996763641455,12.049070916776603,0.7530587438082142,False
feedforward,,24,9,5,-0.10736055559887335,12.049070916776603,0.7530587438082142,False
feedforward,,24,9,6,-0.1416898686463024,12.049070916776603,0.7530587438082142,False
feedforward,,24,9,7,-0.16437034905283446,12.049070916776603,0.7530587438082142,False
feedforward,,24,9,8,-0.19052945648855532,12.049070916776603,0.7530587438082142,False
feedforward,,24,9,9,-0.18591741502820544,12.049070916776603,0.7530587438082142,False
feedforward,,24,9,10,-0.11714306758969237,12.049070916776603,0.7530587438082142,False
feedforward,,24,9,11,-0.10094646485006652,12.049070916776603,0.7530587438082142,False
feedforward,,24,9,12,-0.11551213126951831,12.049070916776603,0.7530587438082142,False
feedforward,,24,9,13,-0.01895797107708309,12.049070916776603,0.7530587438082142,False
feedforward,,24,9,14,0.00456755326341323,12.049070916776603,0.7530587438082142,False
feedforward,,24,9,15,0.03785406089035393,12.049070916776603,0.7530587438082142,False
feedforward,,24,10,0,1.0,18.152940152615024,1.1343276499680273,False
feedforward,,24,10,1,0.44354308106491375,18.152940152615024,1.1343276499680273,False
feedforward,,24,10,2,0.1195178937043214,18.152940152615024,1.1343276499680273,False
feedforward,,24,10,3,-0.07111763368059473,18.152940152615024,1.1343276499680273,False
feedforward,,24,10,4,-0.19470016828776618,18.152940152615024,1.1343276499680273,False
feedforward,,24,10,5,-0.2239707290923976,18.152940152615024,1.1343276499680273,False
feedforward,,24,10,6,-0.1403285553192391,18.152940152615024,1.1343276499680273,False
feedforward,,24,10,7,-0.12588967878919188,18.152940152615024,1.1343276499680273,False
feedforward,,24,10,8,0.025544032981714464,18.152940152615024,1.1343276499680273,False
feedforward,,24,10,9,0.10558214916819314,18.152940152615024,1.1343276499680273,False
feedforward,,24,10,10,0.04649986846698931,18.152940152615024,1.1343276499680273,False
feedforward,,24,10,11,0.07609033947080707,18.152940152615024,1.1343276499680273,False
feedforward,,24,10,12,0.20361788833519193,18.152940152615024,1.1343276499680273,False
feedforward,,24,10,13,0.0796860663012887,18.152940152615024,1.1343276499680273,False
feedforward,,24,10,14,-0.01500736858983901,18.152940152615024,1.1343276499680273,False
feedforward,,24,10,15,-0.12976233570165946,18.152940152615024,1.1343276499680273,False
feedforward,,24,11,0,1.0,16.751359371611244,1.045926122916896,False
feedforward,,24,11,1,0.4771825932023536,16.751359371611244,1.045926122916896,False
feedforward,,24,11,2,0.16138990918999335,16.751359371611244,1.045926122916896,False
feedforward,,24,11,3,-0.03464603863452436,16.751359371611244,1.045926122916896,False
feedforward,,24,11,4,-0.028155930004964518,16.751359371611244,1.045926122916896,False
feedforward,,24,11,5,0.013852720764704589,16.751359371611244,1.045926122916896,False
feedforward,,24,11,6,0.059969366202436654,16.751359371611244,1.045926122916896,False
feedforward,,24,11,7,0.0028340305253066857,16.751359371611244,1.045926122916896,False
feedforward,,24,11,8,-0.11420315067250467,16.751359371611244,1.045926122916896,False
feedforward,,24,11,9,-0.09212356759220551,16.751359371611244,1.045926122916896,False
feedforward,,24,11,10,-0.05002783996821177,16.751359371611244,1.045926122916896,False
feedforward,,24,11,11,-0.03304077119581148,16.751359371611244,1.045926122916896,False
feedforward,,24,11,12,0.006340456965244605,16.751359371611244,1.045926122916896,False
feedforward,,24,11,13,0.0019425765252300718,16.751359371611244,1.045926122916896,False
feedforward,,24,11,14,-0.018841789200144746,16.751359371611244,1.045926122916896,False
feedforward,,24,11,15,0.004882013762840932,16.751359371611244,1.045926122916896,False
feedforward,,24,12,0,1.0,10.715740951574311,0.6694930034775997,False
feedforward,,24,12,1,0.24976721071175229,10.715740951574311,0.6694930034775997,False
feedforward,,24,12,2,0.10196057044356853,10.715740951574311,0.6694930034775997,False
feedforward,,24,12,3,-0.004802237952172337,10.715740951574311,0.6694930034775997,False
feedforward,,24,12,4,-0.0945010636901603,10.715740951574311,0.6694930034775997,False
feedforward,,24,12,5,0.13321530810776674,10.715740951574311,0.6694930034775997,False
feedforward,,24,12,6,0.0752292349589612,10.715740951574311,0.6694930034775997,False
feedforward,,24,12,7,-0.1305772580902887,10.715740951574311,0.6694930034775997,False
feedforward,,24,12,8,-0.03555887690942048,10.715740951574311,0.6694930034775997,False
feedforward,,24,12,9,-0.08878291685624602,10.715740951574311,0.6694930034775997,False
feedforward,,24,12,10,-0.03926961344654222,10.715740951574311,0.6694930034775997,False
feedforward,,24,12,11,0.10095031721709766,10.715740951574311,0.6694930034775997,False
feedforward,,24,12,12,-0.016295111015967888,10.715740951574311,0.6694930034775997,False
feedforward,,24,12,13,0.0491967603304803,10.715740951574311,0.6694930034775997,False
feedforward,,24,12,14,-0.019144958186092444,10.715740951574311,0.6694930034775997,False
feedforward,,24,12,15,-0.10845191378705532,10.715740951574311,0.6694930034775997,False
feedforward,,24,13,0,1.0,13.307537099404941,0.8300917561516267,False
feedforward,,24,13,1,0.26493589253813166,13.307537099404941,0.8300917561516267,False
feedforward,,24,13,2,0.12792806641996698,13.307537099404941,0.8300917561516267,False
feedforward,,24,13,3,0.11033547826212398,13.307537099404941,0.8300917561516267,False
feedforward,,24,13,4,-0.07974836867472121,13.307537099404941,0.8300917561516267,False
feedforward,,24,13,5,0.14599196487164773,13.307537099404941,0.8300917561516267,False
feedforward,,24,13,6,-0.06402603942705964,13.307537099404941,0.8300917561516267,False
feedforward,,24,13,7,-0.07572093918503857,13.307537099404941,0.8300917561516267,False
feedforward,,24,13,8,-0.03179776256688419,13.307537099404941,0.8300917561516267,False
feedforward,,24,13,9,-0.14303367792778582,13.307537099404941,0.8300917561516267,False
feedforward,,24,13,10,-0.01971327370077105,13.307537099404941,0.8300917561516267,False
feedforward,,24,13,11,-0.104528730805133,13.307537099404941,0.8300917561516267,False
feedforward,,24,13,12,-0.018405647545313628,13.307537099404941,0.8300917561516267,False
feedforward,,24,13,13,0.011030015546012063,13.307537099404941,0.8300917561516267,False
feedforward,,24,13,14,-0.12122942820073696,13.307537099404941,0.8300917561516267,False
feedforward,,24,13,15,-0.029400649414018754,13.307537099404941,0.8300917561516267,False
feedforward,,24,14,0,1.0,11.464430835416763,0.7160663696379879,False
feedforward,,24,14,1,0.29642439133395687,11.464430835416763,0.7160663696379879,False
feedforward,,24,14,2,0.04128688754256322,11.464430835416763,0.7160663696379879,False
feedforward,,24,14,3,-0.004080444259014225,11.464430835416763,0.7160663696379879,False
feedforward,,24,14,4,-0.011201946406263086,11.464430835416763,0.7160663696379879,False
feedforward,,24,14,5,-0.05192890152441679,11.464430835416763,0.7160663696379879,False
feedforward,,24,14,6,-0.021753202902394023,11.464430835416763,0.7160663696379879,False
feedforward,,24,14,7,0.0065926884327903446,11.464430835416763,0.7160663696379879,False
feedforward,,24,14,8,-0.042532313690235676,11.464430835416763,0.7160663696379879,False
feedforward,,24,14,9,-0.136756293158538,11.464430835416763,0.7160663696379879,False
feedforward,,24,14,10,-0.05089459622955808,11.464430835416763,0.7160663696379879,False
feedforward,,24,14,11,-0.07849053314430665,11.464430835416763,0.7160663696379879,False
feedforward,,24,14,12,-0.053458205261106444,11.464430835416763,0.7160663696379879,False
feedforward,,24,14,13,-0.10723918204339625,11.464430835416763,0.7160663696379879,False
feedforward,,24,14,14,-0.08441957823974275,11.464430835416763,0.7160663696379879,False
feedforward,,24,14,15,-0.021654513604992515,11.464430835416763,0.7160663696379879,False
feedforward,,24,15,0,1.0,15.242115407800078,0.9525675185252348,False
feedforward,,24,15,1,0.2771630011442818,15.242115407800078,0.9525675185252348,False
feedforward,,24,15,2,0.1495100748159967,15.242115407800078,0.9525675185252348,False
feedforward,,24,15,3,-0.009020020401791637,15.242115407800078,0.9525675185252348,False
feedforward,,24,15,4,-0.14090916534649944,15.242115407800078,0.9525675185252348,False
feedforward,,24,15,5,-0.1589703606481272,15.242115407800078,0.9525675185252348,False
feedforward,,24,15,6,-0.23809341398505687,15.242115407800078,0.9525675185252348,False
feedforward,,24,15,7,-0.16256416350200692,15.242115407800078,0.9525675185252348,False
feedforward,,24,15,8,-0.0903815612799334,15.242115407800078,0.9525675185252348,False
feedforward,,24,15,9,-0.11264258973314357,15.242115407800078,0.9525675185252348,False
feedforward,,24,15,10,0.025897262239324093,15.242115407800078,0.9525675185252348,False
feedforward,,24,15,11,0.07660921068719899,15.242115407800078,0.9525675185252348,False
feedforward,,24,15,12,0.06799679281371722,15.242115407800078,0.9525675185252348,False
feedforward,,24,15,13,0.05552851664955401,15.242115407800078,0.9525675185252348,False
feedforward,,24,15,14,0.1418992332332583,15.242115407800078,0.9525675185252348,False
feedforward,,24,15,15,0.08351727113175064,15.242115407800078,0.9525675185252348,False
feedforward,,24,16,0,1.0,12.021995208802625,0.7508678799326124,False
feedforward,,24,16,1,0.30567884689164965,12.021995208802625,0.7508678799326124,False
feedforward,,24,16,2,0.16772202928536,12.021995208802625,0.7508678799326124,False
feedforward,,24,16,3,0.017441377796543745,12.021995208802625,0.7508678799326124,False
feedforward,,24,16,4,0.19895761403920087,12.021995208802625,0.7508678799326124,False
feedforward,,24,16,5,-0.0009135615987358046,12.021995208802625,0.7508678799326124,False
feedforward,,24,16,6,-0.02296456766821918,12.021995208802625,0.7508678799326124,False
feedforward,,24,16,7,-0.11257962759357946,12.021995208802625,0.7508678799326124,False
feedforward,,24,16,8,-0.11012601309103237,12.021995208802625,0.7508678799326124,False
feedforward,,24,16,9,-0.13740030976798737,12.021995208802625,0.7508678799326124,False
feedforward,,24,16,10,-0.14223883818673003,12.021995208802625,0.7508678799326124,False
feedforward,,24,16,11,-0.1355270293922166,12.021995208802625,0.7508678799326124,False
feedforward,,24,16,12,-0.03355084278131794,12.021995208802625,0.7508678799326124,False
feedforward,,24,16,13,-0.08281726163624283,12.021995208802625,0.7508678799326124,False
feedforward,,24,16,14,-0.1627457538537492,12.021995208802625,0.7508678799326124,False
feedforward,,24,16,15,-0.13888128581819983,12.021995208802625,0.7508678799326124,False
feedforward,,24,17,0,1.0,12.55619351930569,0.7840297469434754,False
feedforward,,24,17,1,0.45612340430452175,12.55619351930569,0.7840297469434754,False
feedforward,,24,17,2,0.1667926352484217,12.55619351930569,0.7840297469434754,False
feedforward,,24,17,3,0.07662955653948354,12.55619351930569,0.7840297469434754,False
feedforward,,24,17,4,0.06218000734537941,12.55619351930569,0.7840297469434754,False
feedforward,,24,17,5,-0.003979177950318766,12.55619351930569,0.7840297469434754,False
feedforward,,24,17,6,-0.028989459973936968,12.55619351930569,0.7840297469434754,False
feedforward,,24,17,7,-0.05564137674680311,12.55619351930569,0.7840297469434754,False
feedforward,,24,17,8,-0.0829207672666999,12.55619351930569,0.7840297469434754,False
feedforward,,24,17,9,-0.04731814421337034,12.55619351930569,0.7840297469434754,False
feedforward,,24,17,10,-0.1325697738281922,12.55619351930569,0.7840297469434754,False
feedforward,,24,17,11,-0.11844173619378087,12.55619351930569,0.7840297469434754,False
feedforward,,24,17,12,-0.0586628176481614,12.55619351930569,0.7840297469434754,False
feedforward,,24,17,13,0.013297386757328064,12.55619351930569,0.7840297469434754,False
feedforward,,24,17,14,-0.08219977034062345,12.55619351930569,0.7840297469434754,False
feedforward,,24,17,15,-0.1067354310362762,12.55619351930569,0.7840297469434754,False
feedforward,,24,18,0,1.0,13.598900637416685,0.8496478873333905,False
feedforward,,24,18,1,0.444878716911237,13.598900637416685,0.8496478873333905,False
feedforward,,24,18,2,0.20850258977505773,13.598900637416685,0.8496478873333905,False
feedforward,,24,18,3,0.0459545106405431,13.598900637416685,0.8496478873333905,False
feedforward,,24,18,4,-0.0833568200461174,13.598900637416685,0.8496478873333905,False
feedforward,,24,18,5,-0.006140798800615683,13.598900637416685,0.8496478873333905,False
feedforward,,24,18,6,-0.006971865921141393,13.598900637416685,0.8496478873333905,False
feedforward,,24,18,7,-0.061986223128231495,13.598900637416685,0.8496478873333905,False
feedforward,,24,18,8,-0.10201670931607111,13.598900637416685,0.8496478873333905,False
feedforward,,24,18,9,-0.03994006417215728,13.598900637416685,0.8496478873333905,False
feedforward,,24,18,10,-0.11527348923797552,13.598900637416685,0.8496478873333905,False
feedforward,,24,18,11,-0.16738396845667156,13.598900637416685,0.8496478873333905,False
feedforward,,24,18,12,-0.12736171457925632,13.598900637416685,0.8496478873333905,False
feedforward,,24,18,13,-0.14778634114549638,13.598900637416685,0.8496478873333905,False
feedforward,,24,18,14,-0.0790607337007539,13.598900637416685,0.8496478873333905,False
feedforward,,24,18,15,-0.01798589549775949,13.598900637416685,0.8496478873333905,False
feedforward,,24,19,0,1.0,24.910345798369526,1.556815770530947,False
feedforward,,24,19,1,0.39796577053194054,24.910345798369526,1.556815770530947,False
feedforward,,24,19,2,0.08100612348985821,24.910345798369526,1.556815770530947,False
feedforward,,24,19,3,0.0012609075081640565,24.910345798369526,1.556815770530947,False
feedforward,,24,19,4,-0.01277125204861432,24.910345798369526,1.556815770530947,False
feedforward,,24,19,5,-0.08738359763904084,24.910345798369526,1.556815770530947,False
feedforward,,24,19,6,-0.17237482138613372,24.910345798369526,1.556815770530947,False
feedforward,,24,19,7,-0.11478942034937614,24.910345798369526,1.556815770530947,False
feedforward,,24,19,8,-0.10894153660526001,24.910345798369526,1.556815770530947,False
feedforward,,24,19,9,-0.11018118333615555,24.910345798369526,1.556815770530947,False
feedforward,,24,19,10,-0.04532573892880877,24.910345798369526,1.556815770530947,False
feedforward,,24,19,11,-0.03889902775857958,24.910345798369526,1.556815770530947,False
feedforward,,24,19,12,0.03414162442459941,24.910345798369526,1.556815770530947,False
feedforward,,24,19,13,0.030815714896909898,24.910345798369526,1.556815770530947,False
feedforward,,24,19,14,-0.09667141720470755,24.910345798369526,1.556815770530947,False
feedforward,,24,19,15,-0.11959524620128471,24.910345798369526,1.556815770530947,False
feedforward,,50,0,0,1.0,15.102368372137802,0.9436874248611739,False
feedforward,,50,0,1,0.089709425872161,15.102368372137802,0.9436874248611739,False
feedforward,,50,0,2,-0.09206149184956608,15.102368372137802,0.9436874248611739,False
feedforward,,50,0,3,-0.0926296451744891,15.102368372137802,0.9436874248611739,False
feedforward,,50,0,4,-0.1539817115359765,15.102368372137802,0.9436874248611739,False
feedforward,,50,0,5,-0.09415761602498747,15.102368372137802,0.9436874248611739,False
feedforward,,50,0,6,-0.05568710875536902,15.102368372137802,0.9436874248611739,False
feedforward,,50,0,7,-0.0389017187161365,15.102368372137802,0.9436874248611739,False
feedforward,,50,0,8,0.10261336195583476,15.102368372137802,0.9436874248611739,False
feedforward,,50,0,9,-0.06061632431053972,15.102368372137802,0.9436874248611739,False
feedforward,,50,0,10,0.0017034250141662302,15.102368372137802,0.9436874248611739,False
feedforward,,50,0,11,0.10613041291306105,15.102368372137802,0.9436874248611739,False
feedforward,,50,0,12,-0.009018452642388724,15.102368372137802,0.9436874248611739,False
feedforward,,50,0,13,0.035732470253129305,15.102368372137802,0.9436874248611739,False
feedforward,,50,0,14,-0.0684471370189523,15.102368372137802,0.9436874248611739,False
feedforward,,50,0,15,-0.07816774190405218,15.102368372137802,0.9436874248611739,False
feedforward,,50,1,0,1.0,11.69654437737907,0.7305886410716841,False
feedforward,,50,1,1,0.025862552547195883,11.69654437737907,0.7305886410716841,False
feedforward,,50,1,2,0.00222993903444326,11.69654437737907,0.7305886410716841,False
feedforward,,50,1,3,0.09010901479153006,11.69654437737907,0.7305886410716841,False
feedforward,,50,1,4,-0.20632180227189814,11.69654437737907,0.7305886410716841,False
feedforward,,50,1,5,0.008668382927899483,11.69654437737907,0.7305886410716841,False
feedforward,,50,1,6,-0.14719045166407088,11.69654437737907,0.7305886410716841,False
feedforward,,50,1,7,-0.05092829380005976,11.69654437737907,0.7305886410716841,False
feedforward,,50,1,8,0.05899810675682005,11.69654437737907,0.7305886410716841,False
feedforward,,50,1,9,-0.13980902177557153,11.69654437737907,0.7305886410716841,False
feedforward,,50,1,10,-0.0074733641823292625,11.69654437737907,0.7305886410716841,False
feedforward,,50,1,11,0.09323528769857096,11.69654437737907,0.7305886410716841,False
feedforward,,50,1,12,-0.019079832822960226,11.69654437737907,0.7305886410716841,False
feedforward,,50,1,13,0.02593129230025556,11.69654437737907,0.7305886410716841,False
feedforward,,50,1,14,0.0031481628617932135,11.69654437737907,0.7305886410716841,False
feedforward,,50,1,15,0.03499361458900337,11.69654437737907,0.7305886410716841,False
feedforward,,50,2,0,1.0,15.979106869458079,0.9985857932336175,False
feedforward,,50,2,1,-0.09822838748403757,15.979106869458079,0.9985857932336175,False
feedforward,,50,2,2,-0.06847555595272355,15.979106869458079,0.9985857932336175,False
feedforward,,50,2,3,0.06970945611295143,15.979106869458079,0.9985857932336175,False
feedforward,,50,2,4,-0.11302544050464386,15.979106869458079,0.9985857932336175,False
feedforward,,50,2,5,-0.02391727004942388,15.979106869458079,0.9985857932336175,False
feedforward,,50,2,6,-0.10782209032264058,15.979106869458079,0.9985857932336175,False
feedforward,,50,2,7,0.00707489025919125,15.979106869458079,0.9985857932336175,False
feedforward,,50,2,8,-0.04136945061235692,15.979106869458079,0.9985857932336175,False
feedforward,,50,2,9,0.027713103193129102,15.979106869458079,0.9985857932336175,False
feedforward,,50,2,10,0.07492199853075007,15.979106869458079,0.9985857932336175,False
feedforward,,50,2,11,-0.000984565653480452,15.979106869458079,0.9985857932336175,False
feedforward,,50,2,12,-0.02070427017767448,15.979106869458079,0.9985857932336175,False
feedforward,,50,2,13,-0.03650375822098425,15.979106869458079,0.9985857932336175,False
feedforward,,50,2,14,-0.014972509730477413,15.979106869458079,0.9985857932336175,False
feedforward,,50,2,15,0.019324504535027084,15.979106869458079,0.9985857932336175,False
feedforward,,50,3,0,1.0,15.739805246389333,0.9835522979049682,False
feedforward,,50,3,1,-0.02531940231677268,15.739805246389333,0.9835522979049682,False
feedforward,,50,3,2,-0.07569949855378937,15.739805246389333,0.9835522979049682,False
feedforward,,50,3,3,-0.04706625216102632,15.739805246389333,0.9835522979049682,False
feedforward,,50,3,4,-0.00973691931477448,15.739805246389333,0.9835522979049682,False
feedforward,,50,3,5,-0.14062503488817574,15.739805246389333,0.9835522979049682,False
feedforward,,50,3,6,-0.02657453902080417,15.739805246389333,0.9835522979049682,False
feedforward,,50,3,7,0.0019705641414516323,15.739805246389333,0.9835522979049682,False
feedforward,,50,3,8,-0.05626315440885009,15.739805246389333,0.9835522979049682,False
feedforward,,50,3,9,-0.022811196131062736,15.739805246389333,0.9835522979049682,False
feedforward,,50,3,10,0.08518526210395255,15.739805246389333,0.9835522979049682,False
feedforward,,50,3,11,-0.027366008632116228,15.739805246389333,0.9835522979049682,False
feedforward,,50,3,12,0.06366589455464372,15.739805246389333,0.9835522979049682,False
feedforward,,50,3,13,0.047548127106431436,15.739805246389333,0.9835522979049682,False
feedforward,,50,3,14,0.015843850491578996,15.739805246389333,0.9835522979049682,False
feedforward,,50,3,15,0.02328778492969516,15.739805246389333,0.9835522979049682,False
feedforward,,50,4,0,1.0,16.468176689149487,1.0289658924890779,False
feedforward,,50,4,1,0.04426002581496488,16.468176689149487,1.0289658924890779,False
feedforward,,50,4,2,-0.08144790078621576,16.468176689149487,1.0289658924890779,False
feedforward,,50,4,3,-0.020846354157936363,16.468176689149487,1.0289658924890779,False
feedforward,,50,4,4,-0.060819672121551024,16.468176689149487,1.0289658924890779,False
feedforward,,50,4,5,-0.03838793632707644,16.468176689149487,1.0289658924890779,False
feedforward,,50,4,6,-0.05477051784700467,16.468176689149487,1.0289658924890779,False
feedforward,,50,4,7,0.05717053556466142,16.468176689149487,1.0289658924890779,False
feedforward,,50,4,8,0.006352456142788384,16.468176689149487,1.0289658924890779,False
feedforward,,50,4,9,0.05217693936637755,16.468176689149487,1.0289658924890779,False
feedforward,,50,4,10,-0.04802403343068002,16.468176689149487,1.0289658924890779,False
feedforward,,50,4,11,-0.09326026304349923,16.468176689149487,1.0289658924890779,False
feedforward,,50,4,12,-0.033245395463248215,16.468176689149487,1.0289658924890779,False
feedforward,,50,4,13,0.09061798902704284,16.468176689149487,1.0289658924890779,False
feedforward,,50,4,14,-0.007679153257446082,16.468176689149487,1.0289658924890779,False
feedforward,,50,4,15,0.0530482329562372,16.468176689149487,1.0289658924890779,False
feedforward,,50,5,0,1.0,13.308306179767685,0.8317476506484275,False
feedforward,,50,5,1,-0.09022857160019923,13.308306179767685,0.8317476506484275,False
feedforward,,50,5,2,-0.16171898961177722,13.308306179767685,0.8317476506484275,False
feedforward,,50,5,3,0.027460618651174443,13.308306179767685,0.8317476506484275,False
feedforward,,50,5,4,0.0741357430898282,13.308306179767685,0.8317476506484275,False
feedforward,,50,5,5,0.05269268347902144,13.308306179767685,0.8317476506484275,False
feedforward,,50,5,6,-0.05982115123357108,13.308306179767685,0.8317476506484275,False
feedforward,,50,5,7,-0.028495251807244104,13.308306179767685,0.8317476506484275,False
feedforward,,50,5,8,-0.01257871854914433,13.308306179767685,0.8317476506484275,False
feedforward,,50,5,9,-0.0281868135577006,13.308306179767685,0.8317476506484275,False
feedforward,,50,5,10,0.017475464475861742,13.308306179767685,0.8317476506484275,False
feedforward,,50,5,11,-0.031420720360935246,13.308306179767685,0.8317476506484275,False
feedforward,,50,5,12,-0.03582744813302561,13.308306179767685,0.8317476506484275,False
feedforward,,50,5,13,-0.03635128644515131,13.308306179767685,0.8317476506484275,False
feedforward,,50,5,14,0.12189563550048126,13.308306179767685,0.8317476506484275,False
feedforward,,50,5,15,-0.053803584820392644,13.308306179767685,0.8317476506484275,False
feedforward,,50,6,0,1.0,8.300588041888417,0.517424196390542,False
feedforward,,50,6,1,0.09574380395889223,8.300588041888417,0.517424196390542,False
feedforward,,50,6,2,-0.0766575313607493,8.300588041888417,0.517424196390542,False
feedforward,,50,6,3,-0.17493608393787669,8.300588041888417,0.517424196390542,False
feedforward,,50,6,4,-0.06457012868115986,8.300588041888417,0.517424196390542,False
feedforward,,50,6,5,0.13681080197973533,8.300588041888417,0.517424196390542,False
feedforward,,50,6,6,0.2646301997548193,8.300588041888417,0.517424196390542,False
feedforward,,50,6,7,-0.016226804724501234,8.300588041888417,0.517424196390542,False
feedforward,,50,6,8,-0.11639741302355773,8.300588041888417,0.517424196390542,False
feedforward,,50,6,9,-0.16019903958574203,8.300588041888417,0.517424196390542,False
feedforward,,50,6,10,0.06626924030937359,8.300588041888417,0.517424196390542,False
feedforward,,50,6,11,0.08111186541854629,8.300588041888417,0.517424196390542,False
feedforward,,50,6,12,0.041325993405027635,8.300588041888417,0.517424196390542,False
feedforward,,50,6,13,-0.0752028348447026,8.300588041888417,0.517424196390542,False
feedforward,,50,6,14,-0.18424526216535927,8.300588041888417,0.517424196390542,False
feedforward,,50,6,15,0.017068823196271277,8.300588041888417,0.517424196390542,False
feedforward,,50,7,0,1.0,15.080959657808153,0.9409581116325516,False
feedforward,,50,7,1,0.04110009684263892,15.080959657808153,0.9409581116325516,False
feedforward,,50,7,2,-0.1936229008944951,15.080959657808153,0.9409581116325516,False
feedforward,,50,7,3,-0.004848410974504892,15.080959657808153,0.9409581116325516,False
feedforward,,50,7,4,-0.017499354221052532,15.080959657808153,0.9409581116325516,False
feedforward,,50,7,5,-0.093028705973643,15.080959657808153,0.9409581116325516,False
feedforward,,50,7,6,-0.08840285646625094,15.080959657808153,0.9409581116325516,False
feedforward,,50,7,7,0.05528220379369534,15.080959657808153,0.9409581116325516,False
feedforward,,50,7,8,-0.12440085809572207,15.080959657808153,0.9409581116325516,False
feedforward,,50,7,9,0.027984018993854536,15.080959657808153,0.9409581116325516,False
feedforward,,50,7,10,0.18366444972881912,15.080959657808153,0.9409581116325516,False
feedforward,,50,7,11,-0.08044382952450102,15.080959657808153,0.9409581116325516,False
feedforward,,50,7,12,-0.11958028152492305,15.080959657808153,0.9409581116325516,False
feedforward,,50,7,13,0.016276502557790493,15.080959657808153,0.9409581116325516,False
feedforward,,50,7,14,0.09643504650757465,15.080959657808153,0.9409581116325516,False
feedforward,,50,7,15,-0.0861107605669733,15.080959657808153,0.9409581116325516,False
feedforward,,50,8,0,1.0,9.377067908504323,0.58606107862015,False
feedforward,,50,8,1,0.05870842443536764,9.377067908504323,0.58606107862015,False
feedforward,,50,8,2,-0.19660019310038912,9.377067908504323,0.58606107862015,False
feedforward,,50,8,3,-0.040702278321680434,9.377067908504323,0.58606107862015,False
feedforward,,50,8,4,-0.052920956626562245,9.377067908504323,0.58606107862015,False
feedforward,,50,8,5,-0.07810552154400084,9.377067908504323,0.58606107862015,False
feedforward,,50,8,6,0.1304145486039525,9.377067908504323,0.58606107862015,False
feedforward,,50,8,7,-0.005971911958271992,9.377067908504323,0.58606107862015,False
feedforward,,50,8,8,-0.07727014441958976,9.377067908504323,0.58606107862015,False
feedforward,,50,8,9,0.030929098899324863,9.377067908504323,0.58606107862015,False
feedforward,,50,8,10,-0.10478039930476404,9.377067908504323,0.58606107862015,False
feedforward,,50,8,11,-0.09074611399929278,9.377067908504323,0.58606107862015,False
feedforward,,50,8,12,0.08632609108700864,9.377067908504323,0.58606107862015,False
feedforward,,50,8,13,-0.014840832117219442,9.377067908504323,0.58606107862015,False
feedforward,,50,8,14,0.013427477421486804,9.377067908504323,0.58606107862015,False
feedforward,,50,8,15,0.0995620481841164,9.377067908504323,0.58606107862015,False
feedforward,,50,9,0,1.0,10.183982310375892,0.6364372678189439,False
feedforward,,50,9,1,0.0931787461177048,10.183982310375892,0.6364372678189439,False
feedforward,,50,9,2,-0.029610957301580025,10.183982310375892,0.6364372678189439,False
feedforward,,50,9,3,-0.16489163574529972,10.183982310375892,0.6364372678189439,False
feedforward,,50,9,4,-0.051013809064646046,10.183982310375892,0.6364372678189439,False
feedforward,,50,9,5,-0.034542722540209375,10.183982310375892,0.6364372678189439,False
feedforward,,50,9,6,0.04086239179198954,10.183982310375892,0.6364372678189439,False
feedforward,,50,9,7,-0.02600939204045818,10.183982310375892,0.6364372678189439,False
feedforward,,50,9,8,0.0237849607034366,10.183982310375892,0.6364372678189439,False
feedforward,,50,9,9,-0.015406013551356,10.183982310375892,0.6364372678189439,False
feedforward,,50,9,10,0.028431588257430012,10.183982310375892,0.6364372678189439,False
feedforward,,50,9,11,0.06460147096027331,10.183982310375892,0.6364372678189439,False
feedforward,,50,9,12,0.07963271289213758,10.183982310375892,0.6364372678189439,False
feedforward,,50,9,13,0.0015055973378636778,10.183982310375892,0.6364372678189439,False
feedforward,,50,9,14,-0.0931148421719612,10.183982310375892,0.6364372678189439,False
feedforward,,50,9,15,-0.18092144952590536,10.183982310375892,0.6364372678189439,False
feedforward,,50,10,0,1.0,14.481187713784156,0.9045425793200704,False
feedforward,,50,10,1,0.07825952440092471,14.481187713784156,0.9045425793200704,False
feedforward,,50,10,2,-0.018454328070559814,14.481187713784156,0.9045425793200704,False
feedforward,,50,10,3,-0.07125196824338494,14.481187713784156,0.9045425793200704,False
feedforward,,50,10,4,-0.18424515452278792,14.481187713784156,0.9045425793200704,False
feedforward,,50,10,5,-0.10353613713532739,14.481187713784156,0.9045425793200704,False
feedforward,,50,10,6,0.04411285754073238,14.481187713784156,0.9045425793200704,False
feedforward,,50,10,7,0.07930730560913861,14.481187713784156,0.9045425793200704,False
feedforward,,50,10,8,-0.056521235119619845,14.481187713784156,0.9045425793200704,False
feedforward,,50,10,9,-0.049481549241657014,14.481187713784156,0.9045425793200704,False
feedforward,,50,10,10,-0.0987686987222252,14.481187713784156,0.9045425793200704,False
feedforward,,50,10,11,-0.019584848962090305,14.481187713784156,0.9045425793200704,False
feedforward,,50,10,12,-0.045740908684480164,14.481187713784156,0.9045425793200704,False
feedforward,,50,10,13,0.05227483214228824,14.481187713784156,0.9045425793200704,False
feedforward,,50,10,14,-0.05469684139999206,14.481187713784156,0.9045425793200704,False
feedforward,,50,10,15,0.0281917689764432,14.481187713784156,0.9045425793200704,False
feedforward,,50,11,0,1.0,8.66052763518288,0.5394517818896329,False
feedforward,,50,11,1,-0.03961641429382043,8.66052763518288,0.5394517818896329,False
feedforward,,50,11,2,-0.16622125767575438,8.66052763518288,0.5394517818896329,False
feedforward,,50,11,3,0.020927795013680275,8.66052763518288,0.5394517818896329,False
feedforward,,50,11,4,-0.008623762927149267,8.66052763518288,0.5394517818896329,False
feedforward,,50,11,5,-0.042552425763182085,8.66052763518288,0.5394517818896329,False
feedforward,,50,11,6,-0.10105281986147818,8.66052763518288,0.5394517818896329,False
feedforward,,50,11,7,-0.02838194255410578,8.66052763518288,0.5394517818896329,False
feedforward,,50,11,8,0.12030153357793803,8.66052763518288,0.5394517818896329,False
feedforward,,50,11,9,0.0145787431374114,8.66052763518288,0.5394517818896329,False
feedforward,,50,11,10,0.01602638018083095,8.66052763518288,0.5394517818896329,False
feedforward,,50,11,11,-0.025795972152008465,8.66052763518288,0.5394517818896329,False
feedforward,,50,11,12,0.019235511331947532,8.66052763518288,0.5394517818896329,False
feedforward,,50,11,13,-0.060260986859628364,8.66052763518288,0.5394517818896329,False
feedforward,,50,11,14,-0.044654799327684624,8.66052763518288,0.5394517818896329,False
feedforward,,50,11,15,0.09873640899943871,8.66052763518288,0.5394517818896329,False
feedforward,,50,12,0,1.0,14.93708077946666,0.9308446584997656,False
feedforward,,50,12,1,0.002077113774577862,14.93708077946666,0.9308446584997656,False
feedforward,,50,12,2,-0.02087445642840114,14.93708077946666,0.9308446584997656,False
feedforward,,50,12,3,-0.15580915533503947,14.93708077946666,0.9308446584997656,False
feedforward,,50,12,4,0.14509980950625262,14.93708077946666,0.9308446584997656,False
feedforward,,50,12,5,-0.05511483343242205,14.93708077946666,0.9308446584997656,False
feedforward,,50,12,6,-0.026260478764523486,14.93708077946666,0.9308446584997656,False
feedforward,,50,12,7,-0.10951168670635328,14.93708077946666,0.9308446584997656,False
feedforward,,50,12,8,0.05494701251006305,14.93708077946666,0.9308446584997656,False
feedforward,,50,12,9,-0.024371570382566887,14.93708077946666,0.9308446584997656,False
feedforward,,50,12,10,-0.020681075561399632,14.93708077946666,0.9308446584997656,False
feedforward,,50,12,11,-0.0330263605624908,14.93708077946666,0.9308446584997656,False
feedforward,,50,12,12,0.026382594239192418,14.93708077946666,0.9308446584997656,False
feedforward,,50,12,13,-0.050179603483279,14.93708077946666,0.9308446584997656,False
feedforward,,50,12,14,0.018104782049472197,14.93708077946666,0.9308446584997656,False
feedforward,,50,12,15,0.003969376952453596,14.93708077946666,0.9308446584997656,False
feedforward,,50,13,0,1.0,15.316958098829344,0.9572097968317675,False
feedforward,,50,13,1,0.04495802485576857,15.316958098829344,0.9572097968317675,False
feedforward,,50,13,2,-0.2121670567474695,15.316958098829344,0.9572097968317675,False
feedforward,,50,13,3,-0.040400796126317674,15.316958098829344,0.9572097968317675,False
feedforward,,50,13,4,-0.0905002725703246,15.316958098829344,0.9572097968317675,False
feedforward,,50,13,5,-0.052189461105301115,15.316958098829344,0.9572097968317675,False
feedforward,,50,13,6,0.10325573536620222,15.316958098829344,0.9572097968317675,False
feedforward,,50,13,7,0.03110356416361497,15.316958098829344,0.9572097968317675,False
feedforward,,50,13,8,-0.043713888967206106,15.316958098829344,0.9572097968317675,False
feedforward,,50,13,9,-0.04277969914894693,15.316958098829344,0.9572097968317675,False
feedforward,,50,13,10,-0.006307075848734023,15.316958098829344,0.9572097968317675,False
feedforward,,50,13,11,-0.04825773305297413,15.316958098829344,0.9572097968317675,False
feedforward,,50,13,12,-0.12387284128342,15.316958098829344,0.9572097968317675,False
feedforward,,50,13,13,-0.025450774313613936,15.316958098829344,0.9572097968317675,False
feedforward,,50,13,14,0.042495287549184246,15.316958098829344,0.9572097968317675,False
feedforward,,50,13,15,0.07086316219339255,15.316958098829344,0.9572097968317675,False
feedforward,,50,14,0,1.0,8.27497051046546,0.5154414152530851,False
feedforward,,50,14,1,-0.022053561754042033,8.27497051046546,0.5154414152530851,False
feedforward,,50,14,2,-0.0796361408335224,8.27497051046546,0.5154414152530851,False
feedforward,,50,14,3,-0.031830836366905375,8.27497051046546,0.5154414152530851,False
feedforward,,50,14,4,-0.006674199081584961,8.27497051046546,0.5154414152530851,False
feedforward,,50,14,5,-0.04500864830632058,8.27497051046546,0.5154414152530851,False
feedforward,,50,14,6,0.04960143418307825,8.27497051046546,0.5154414152530851,False
feedforward,,50,14,7,0.018599283596210048,8.27497051046546,0.5154414152530851,False
feedforward,,50,14,8,-0.03295387226909859,8.27497051046546,0.5154414152530851,False
feedforward,,50,14,9,0.03734758853095987,8.27497051046546,0.5154414152530851,False
feedforward,,50,14,10,-0.10324602288479676,8.27497051046546,0.5154414152530851,False
feedforward,,50,14,11,-0.008407519075837042,8.27497051046546,0.5154414152530851,False
feedforward,,50,14,12,0.1500711875566586,8.27497051046546,0.5154414152530851,False
feedforward,,50,14,13,-0.08955461953781563,8.27497051046546,0.5154414152530851,False
feedforward,,50,14,14,-0.018553560152305047,8.27497051046546,0.5154414152530851,False
feedforward,,50,14,15,-0.02208423247621703,8.27497051046546,0.5154414152530851,False
feedforward,,50,15,0,1.0,12.728325332244864,0.7953480692567486,False
feedforward,,50,15,1,-0.05478931438483303,12.728325332244864,0.7953480692567486,False
feedforward,,50,15,2,0.01913340987147693,12.728325332244864,0.7953480692567486,False
feedforward,,50,15,3,-0.08654542976928335,12.728325332244864,0.7953480692567486,False
feedforward,,50,15,4,0.002712776616500728,12.728325332244864,0.7953480692567486,False
feedforward,,50,15,5,-0.14783373637359368,12.728325332244864,0.7953480692567486,False
feedforward,,50,15,6,-0.098127455496125,12.728325332244864,0.7953480692567486,False
feedforward,,50,15,7,-0.05142446822016727,12.728325332244864,0.7953480692567486,False
feedforward,,50,15,8,0.06273040499769796,12.728325332244864,0.7953480692567486,False
feedforward,,50,15,9,0.0033254142388433813,12.728325332244864,0.7953480692567486,False
feedforward,,50,15,10,0.0060080649980702614,12.728325332244864,0.7953480692567486,False
feedforward,,50,15,11,0.10803956036774713,12.728325332244864,0.7953480692567486,False
feedforward,,50,15,12,0.01700633076859511,12.728325332244864,0.7953480692567486,False
feedforward,,50,15,13,0.042861222113608786,12.728325332244864,0.7953480692567486,False
feedforward,,50,15,14,-0.01232855513820641,12.728325332244864,0.7953480692567486,False
feedforward,,50,15,15,-0.04030530235273253,12.728325332244864,0.7953480692567486,False
feedforward,,50,16,0,1.0,10.231900955114579,0.6379050895869525,False
feedforward,,50,16,1,0.03696863488649859,10.231900955114579,0.6379050895869525,False
feedforward,,50,16,2,0.030220077075496985,10.231900955114579,0.6379050895869525,False
feedforward,,50,16,3,-0.04767631689555412,10.231900955114579,0.6379050895869525,False
feedforward,,50,16,4,-0.04616129605128526,10.231900955114579,0.6379050895869525,False
feedforward,,50,16,5,-0.028745315460796676,10.231900955114579,0.6379050895869525,False
feedforward,,50,16,6,-0.048740736739109815,10.231900955114579,0.6379050895869525,False
feedforward,,50,16,7,-0.08668884303104335,10.231900955114579,0.6379050895869525,False
feedforward,,50,16,8,-0.03294223785454645,10.231900955114579,0.6379050895869525,False
feedforward,,50,16,9,-0.06268310931006872,10.231900955114579,0.6379050895869525,False
feedforward,,50,16,10,-0.11162696127450285,10.231900955114579,0.6379050895869525,False
feedforward,,50,16,11,0.04257193407404502,10.231900955114579,0.6379050895869525,False
feedforward,,50,16,12,0.07364898527489636,10.231900955114579,0.6379050895869525,False
feedforward,,50,16,13,0.04752359761996093,10.231900955114579,0.6379050895869525,False
feedforward,,50,16,14,-0.01489172106253295,10.231900955114579,0.6379050895869525,False
feedforward,,50,16,15,0.11524888965073327,10.231900955114579,0.6379050895869525,False
feedforward,,50,17,0,1.0,9.922518364677856,0.6201253232559446,False
feedforward,,50,17,1,-0.004140624101884063,9.922518364677856,0.6201253232559446,False
feedforward,,50,17,2,0.019571739711051257,9.922518364677856,0.6201253232559446,False
feedforward,,50,17,3,-0.051200234897095166,9.922518364677856,0.6201253232559446,False
feedforward,,50,17,4,-0.08332141644884654,9.922518364677856,0.6201253232559446,False
feedforward,,50,17,5,-0.18533513576360305,9.922518364677856,0.6201253232559446,False
feedforward,,50,17,6,0.010979171641038827,9.922518364677856,0.6201253232559446,False
feedforward,,50,17,7,0.05100058934782995,9.922518364677856,0.6201253232559446,False
feedforward,,50,17,8,-0.014441466775978629,9.922518364677856,0.6201253232559446,False
feedforward,,50,17,9,0.04304648044908853,9.922518364677856,0.6201253232559446,False
feedforward,,50,17,10,-0.06015573762961181,9.922518364677856,0.6201253232559446,False
feedforward,,50,17,11,-0.11768639339038758,9.922518364677856,0.6201253232559446,False
feedforward,,50,17,12,0.0894291242992043,9.922518364677856,0.6201253232559446,False
feedforward,,50,17,13,0.00822221042668024,9.922518364677856,0.6201253232559446,False
feedforward,,50,17,14,0.006816125721499391,9.922518364677856,0.6201253232559446,False
feedforward,,50,17,15,-0.01620822950425527,9.922518364677856,0.6201253232559446,False
feedforward,,50,18,0,1.0,13.268697630980094,0.8289458016450052,False
feedforward,,50,18,1,-0.03925078131652382,13.268697630980094,0.8289458016450052,False
feedforward,,50,18,2,-0.043271277224662986,13.268697630980094,0.8289458016450052,False
feedforward,,50,18,3,-0.06731636597771985,13.268697630980094,0.8289458016450052,False
feedforward,,50,18,4,-0.004267776722574102,13.268697630980094,0.8289458016450052,False
feedforward,,50,18,5,-0.16768023758830808,13.268697630980094,0.8289458016450052,False
feedforward,,50,18,6,0.10994648858405746,13.268697630980094,0.8289458016450052,False
feedforward,,50,18,7,-0.05089560714790613,13.268697630980094,0.8289458016450052,False
feedforward,,50,18,8,0.08243052273276524,13.268697630980094,0.8289458016450052,False
feedforward,,50,18,9,-0.027397316878416067,13.268697630980094,0.8289458016450052,False
feedforward,,50,18,10,-0.023649764838164795,13.268697630980094,0.8289458016450052,False
feedforward,,50,18,11,-0.003396876803247732,13.268697630980094,0.8289458016450052,False
feedforward,,50,18,12,0.02719460950098416,13.268697630980094,0.8289458016450052,False
feedforward,,50,18,13,-0.005010924902644521,13.268697630980094,0.8289458016450052,False
feedforward,,50,18,14,0.03082728945396388,13.268697630980094,0.8289458016450052,False
feedforward,,50,18,15,0.045578397452810095,13.268697630980094,0.8289458016450052,False
feedforward,,50,19,0,1.0,18.225977848964586,1.136958830136389,False
feedforward,,50,19,1,-0.004490072238016599,18.225977848964586,1.136958830136389,False
feedforward,,50,19,2,-0.08227240190116053,18.225977848964586,1.136958830136389,False
feedforward,,50,19,3,-0.024535275928052797,18.225977848964586,1.136958830136389,False
feedforward,,50,19,4,-0.03816084060840011,18.225977848964586,1.136958830136389,False
feedforward,,50,19,5,0.04789673853086517,18.225977848964586,1.136958830136389,False
feedforward,,50,19,6,-0.022807204548028502,18.225977848964586,1.136958830136389,False
feedforward,,50,19,7,-0.016026514385358716,18.225977848964586,1.136958830136389,False
feedforward,,50,19,8,-0.004668415591615603,18.225977848964586,1.136958830136389,False
feedforward,,50,19,9,0.006800084597113285,18.225977848964586,1.136958830136389,False
feedforward,,50,19,10,-0.14346089354719513,18.225977848964586,1.136958830136389,False
feedforward,,50,19,11,-0.018542411536923983,18.225977848964586,1.136958830136389,False
feedforward,,50,19,12,0.038750630213429026,18.225977848964586,1.136958830136389,False
feedforward,,50,19,13,0.09867706115237293,18.225977848964586,1.136958830136389,False
feedforward,,50,19,14,-0.03582267290109437,18.225977848964586,1.136958830136389,False
feedforward,,50,19,15,-0.0003569565544545475,18.225977848964586,1.136958830136389,False
resnet,1.0,2,0,0,1.0,47.27953668704192,2.364972944376284,False
resnet,1.0,2,0,1,0.9834023587233418,47.27953668704192,2.364972944376284,False
resnet,1.0,2,0,2,0.9635599285404284,47.27953668704192,2.364972944376284,False
resnet,1.0,2,0,3,0.9431577839971144,47.27953668704192,2.364972944376284,False
resnet,1.0,2,0,4,0.922223269996372,47.27953668704192,2.364972944376284,False
resnet,1.0,2,0,5,0.90262359403442,47.27953668704192,2.364972944376284,False
resnet,1.0,2,0,6,0.8818404174550275,47.27953668704192,2.364972944376284,False
resnet,1.0,2,0,7,0.8632713734084397,47.27953668704192,2.364972944376284,False
resnet,1.0,2,0,8,0.8430140727989593,47.27953668704192,2.364972944376284,False
resnet,1.0,2,0,9,0.8260110949043961,47.27953668704192,2.364972944376284,False
resnet,1.0,2,0,10,0.8072493154422823,47.27953668704192,2.364972944376284,False
resnet,1.0,2,0,11,0.7898398601540284,47.27953668704192,2.364972944376284,False
resnet,1.0,2,0,12,0.7729233109837181,47.27953668704192,2.364972944376284,False
resnet,1.0,2,0,13,0.7525448423013206,47.27953668704192,2.364972944376284,False
resnet,1.0,2,0,14,0.7322470553097593,47.27953668704192,2.364972944376284,False
resnet,1.0,2,0,15,0.7145493152043735,47.27953668704192,2.364972944376284,False
resnet,1.0,2,1,0,1.0,26.68952545045758,1.502206755362719,False
resnet,1.0,2,1,1,0.9496826331556282,26.68952545045758,1.502206755362719,False
resnet,1.0,2,1,2,0.9188785131062572,26.68952545045758,1.502206755362719,False
resnet,1.0,2,1,3,0.8838920840262506,26.68952545045758,1.502206755362719,False
resnet,1.0,2,1,4,0.8529270014692925,26.68952545045758,1.502206755362719,False
resnet,1.0,2,1,5,0.8296451444518173,26.68952545045758,1.502206755362719,False
resnet,1.0,2,1,6,0.7920802109448545,26.68952545045758,1.502206755362719,False
resnet,1.0,2,1,7,0.7538965090341264,26.68952545045758,1.502206755362719,False
resnet,1.0,2,1,8,0.7212467706961839,26.68952545045758,1.502206755362719,False
resnet,1.0,2,1,9,0.7032516235558525,26.68952545045758,1.502206755362719,False
resnet,1.0,2,1,10,0.6809723290387233,26.68952545045758,1.502206755362719,False
resnet,1.0,2,1,11,0.6526375379729958,26.68952545045758,1.502206755362719,False
resnet,1.0,2,1,12,0.6191414206660897,26.68952545045758,1.502206755362719,False
resnet,1.0,2,1,13,0.5986555444267282,26.68952545045758,1.502206755362719,False
resnet,1.0,2,1,14,0.5682028345240929,26.68952545045758,1.502206755362719,False
resnet,1.0,2,1,15,0.5413141775435624,26.68952545045758,1.502206755362719,False
resnet,1.0,2,2,0,1.0,38.02888176251384,1.3079623503128992,False
resnet,1.0,2,2,1,0.9303380435579789,38.02888176251384,1.3079623503128992,False
resnet,1.0,2,2,2,0.8470328158645986,38.02888176251384,1.3079623503128992,False
resnet,1.0,2,2,3,0.7766163513194967,38.02888176251384,1.3079623503128992,False
resnet,1.0,2,2,4,0.7196929535751683,38.02888176251384,1.3079623503128992,False
resnet,1.0,2,2,5,0.6492227740786635,38.02888176251384,1.3079623503128992,False
resnet,1.0,2,2,6,0.5477070470471084,38.02888176251384,1.3079623503128992,False
resnet,1.0,2,2,7,0.4405895903305374,38.02888176251384,1.3079623503128992,False
resnet,1.0,2,2,8,0.33967528492506455,38.02888176251384,1.3079623503128992,False
resnet,1.0,2,2,9,0.24926798947630077,38.02888176251384,1.3079623503128992,False
resnet,1.0,2,2,10,0.17460726906089516,38.02888176251384,1.3079623503128992,False
resnet,1.0,2,2,11,0.11517062323664669,38.02888176251384,1.3079623503128992,False
resnet,1.0,2,2,12,0.04948222954332164,38.02888176251384,1.3079623503128992,False
resnet,1.0,2,2,13,-0.027883037156951306,38.02888176251384,1.3079623503128992,False
resnet,1.0,2,2,14,-0.09340594615663558,38.02888176251384,1.3079623503128992,False
resnet,1.0,2,2,15,-0.13026498450917515,38.02888176251384,1.3079623503128992,False
resnet,1.0,2,3,0,1.0,30.510271004618193,1.8649474225048617,False
resnet,1.0,2,3,1,0.9719518537178707,30.510271004618193,1.8649474225048617,False
resnet,1.0,2,3,2,0.9446323447493243,30.510271004618193,1.8649474225048617,False
resnet,1.0,2,3,3,0.915701652924182,30.510271004618193,1.8649474225048617,False
resnet,1.0,2,3,4,0.888078902643899,30.510271004618193,1.8649474225048617,False
resnet,1.0,2,3,5,0.8567259812530166,30.510271004618193,1.8649474225048617,False
resnet,1.0,2,3,6,0.8254554365408382,30.510271004618193,1.8649474225048617,False
resnet,1.0,2,3,7,0.7939717180329944,30.510271004618193,1.8649474225048617,False
resnet,1.0,2,3,8,0.763941182387677,30.510271004618193,1.8649474225048617,False
resnet,1.0,2,3,9,0.7436510547758307,30.510271004618193,1.8649474225048617,False
resnet,1.0,2,3,10,0.7232281036150573,30.510271004618193,1.8649474225048617,False
resnet,1.0,2,3,11,0.7130718692780693,30.510271004618193,1.8649474225048617,False
resnet,1.0,2,3,12,0.697966446080456,30.510271004618193,1.8649474225048617,False
resnet,1.0,2,3,13,0.6844564025491572,30.510271004618193,1.8649474225048617,False
resnet,1.0,2,3,14,0.6655249856134069,30.510271004618193,1.8649474225048617,False
resnet,1.0,2,3,15,0.6522681341662111,30.510271004618193,1.8649474225048617,False
resnet,1.0,2,4,0,1.0,37.509015214936596,2.0423323170132544,False
resnet,1.0,2,4,1,0.9709764805043513,37.509015214936596,2.0423323170132544,False
resnet,1.0,2,4,2,0.939982172645408,37.509015214936596,2.0423323170132544,False
resnet,1.0,2,4,3,0.9232149292144854,37.509015214936596,2.0423323170132544,False
resnet,1.0,2,4,4,0.9072487841204243,37.509015214936596,2.0423323170132544,False
resnet,1.0,2,4,5,0.8860029834549676,37.509015214936596,2.0423323170132544,False
resnet,1.0,2,4,6,0.8665310732477388,37.509015214936596,2.0423323170132544,False
resnet,1.0,2,4,7,0.8461545867529521,37.509015214936596,2.0423323170132544,False
resnet,1.0,2,4,8,0.8285513761130251,37.509015214936596,2.0423323170132544,False
resnet,1.0,2,4,9,0.8103764314885981,37.509015214936596,2.0423323170132544,False
resnet,1.0,2,4,10,0.7840526229580951,37.509015214936596,2.0423323170132544,False
resnet,1.0,2,4,11,0.7542847110982724,37.509015214936596,2.0423323170132544,False
resnet,1.0,2,4,12,0.7285299129281914,37.509015214936596,2.0423323170132544,False
resnet,1.0,2,4,13,0.7022850995636316,37.509015214936596,2.0423323170132544,False
resnet,1.0,2,4,14,0.6702189628486728,37.509015214936596,2.0423323170132544,False
resnet,1.0,2,4,15,0.6403157311520044,37.509015214936596,2.0423323170132544,False
resnet,1.0,2,5,0,1.0,26.833712947991007,0.8879772542593551,False
resnet,1.0,2,5,1,0.9176393487376986,26.833712947991007,0.8879772542593551,False
resnet,1.0,2,5,2,0.8530497120623706,26.833712947991007,0.8879772542593551,False
resnet,1.0,2,5,3,0.7809245312840144,26.833712947991007,0.8879772542593551,False
resnet,1.0,2,5,4,0.6984889824382532,26.833712947991007,0.8879772542593551,False
resnet,1.0,2,5,5,0.6260865195605922,26.833712947991007,0.8879772542593551,False
resnet,1.0,2,5,6,0.5628767589004215,26.833712947991007,0.8879772542593551,False
resnet,1.0,2,5,7,0.4978916659492317,26.833712947991007,0.8879772542593551,False
resnet,1.0,2,5,8,0.4569919600882492,26.833712947991007,0.8879772542593551,False
resnet,1.0,2,5,9,0.42172067862471485,26.833712947991007,0.8879772542593551,False
resnet,1.0,2,5,10,0.4024575612988069,26.833712947991007,0.8879772542593551,False
resnet,1.0,2,5,11,0.3579843559981832,26.833712947991007,0.8879772542593551,False
resnet,1.0,2,5,12,0.32899775100622386,26.833712947991007,0.8879772542593551,False
resnet,1.0,2,5,13,0.3118694287843774,26.833712947991007,0.8879772542593551,False
resnet,1.0,2,5,14,0.28180749323964455,26.833712947991007,0.8879772542593551,False
resnet,1.0,2,5,15,0.2526652473793485,26.833712947991007,0.8879772542593551,False
resnet,1.0,2,6,0,1.0,36.19487958587172,1.5363231843936915,False
resnet,1.0,2,6,1,0.9819097515237848,36.19487958587172,1.5363231843936915,False
resnet,1.0,2,6,2,0.9656671854902926,36.19487958587172,1.5363231843936915,False
resnet,1.0,2,6,3,0.94891299414191,36.19487958587172,1.5363231843936915,False
resnet,1.0,2,6,4,0.9285550769822973,36.19487958587172,1.5363231843936915,False
resnet,1.0,2,6,5,0.9074067953878177,36.19487958587172,1.5363231843936915,False
resnet,1.0,2,6,6,0.8865419235753245,36.19487958587172,1.5363231843936915,False
resnet,1.0,2,6,7,0.8659411363878664,36.19487958587172,1.5363231843936915,False
resnet,1.0,2,6,8,0.8417119027083599,36.19487958587172,1.5363231843936915,False
resnet,1.0,2,6,9,0.8146007575240781,36.19487958587172,1.5363231843936915,False
resnet,1.0,2,6,10,0.7860189839054349,36.19487958587172,1.5363231843936915,False
resnet,1.0,2,6,11,0.7611068856865478,36.19487958587172,1.5363231843936915,False
resnet,1.0,2,6,12,0.7319228439813821,36.19487958587172,1.5363231843936915,False
resnet,1.0,2,6,13,0.7025429319463069,36.19487958587172,1.5363231843936915,False
resnet,1.0,2,6,14,0.6758372201874521,36.19487958587172,1.5363231843936915,False
resnet,1.0,2,6,15,0.6489779640200285,36.19487958587172,1.5363231843936915,False
resnet,1.0,2,7,0,1.0,30.276304093926978,1.7738837189179506,False
resnet,1.0,2,7,1,0.9734018975455984,30.276304093926978,1.7738837189179506,False
resnet,1.0,2,7,2,0.9389561577207117,30.276304093926978,1.7738837189179506,False
resnet,1.0,2,7,3,0.9041599912506764,30.276304093926978,1.7738837189179506,False
resnet,1.0,2,7,4,0.8611715777214421,30.276304093926978,1.7738837189179506,False
resnet,1.0,2,7,5,0.813974844764617,30.276304093926978,1.7738837189179506,False
resnet,1.0,2,7,6,0.7731753800950714,30.276304093926978,1.7738837189179506,False
resnet,1.0,2,7,7,0.7326872080574627,30.276304093926978,1.7738837189179506,False
resnet,1.0,2,7,8,0.6907591174987943,30.276304093926978,1.7738837189179506,False
resnet,1.0,2,7,9,0.6517013232783854,30.276304093926978,1.7738837189179506,False
resnet,1.0,2,7,10,0.6139764216639338,30.276304093926978,1.7738837189179506,False
resnet,1.0,2,7,11,0.5724028259493503,30.276304093926978,1.7738837189179506,False
resnet,1.0,2,7,12,0.5292570410167815,30.276304093926978,1.7738837189179506,False
resnet,1.0,2,7,13,0.4927608471205351,30.276304093926978,1.7738837189179506,False
resnet,1.0,2,7,14,0.45721896302298237,30.276304093926978,1.7738837189179506,False
resnet,1.0,2,7,15,0.4199294048766016,30.276304093926978,1.7738837189179506,False
resnet,1.0,2,8,0,1.0,44.53369160046595,2.2875943504622875,False
resnet,1.0,2,8,1,0.9808074435072993,44.53369160046595,2.2875943504622875,False
resnet,1.0,2,8,2,0.9579709681404767,44.53369160046595,2.2875943504622875,False
resnet,1.0,2,8,3,0.9330748876859833,44.53369160046595,2.2875943504622875,False
resnet,1.0,2,8,4,0.90897447219575,44.53369160046595,2.2875943504622875,False
resnet,1.0,2,8,5,0.8891483390477913,44.53369160046595,2.2875943504622875,False
resnet,1.0,2,8,6,0.8702883696598112,44.53369160046595,2.2875943504622875,False
resnet,1.0,2,8,7,0.8503590942378905,44.53369160046595,2.2875943504622875,False
resnet,1.0,2,8,8,0.8314793907143427,44.53369160046595,2.2875943504622875,False
resnet,1.0,2,8,9,0.812857082184078,44.53369160046595,2.2875943504622875,False
resnet,1.0,2,8,10,0.7947533518533797,44.53369160046595,2.2875943504622875,False
resnet,1.0,2,8,11,0.7759906895975534,44.53369160046595,2.2875943504622875,False
resnet,1.0,2,8,12,0.7528753914451665,44.53369160046595,2.2875943504622875,False
resnet,1.0,2,8,13,0.7269672489892289,44.53369160046595,2.2875943504622875,False
resnet,1.0,2,8,14,0.701687308951363,44.53369160046595,2.2875943504622875,False
resnet,1.0,2,8,15,0.671983065218305,44.53369160046595,2.2875943504622875,False
resnet,1.0,2,9,0,1.0,30.645179221073267,1.9077347521762824,False
resnet,1.0,2,9,1,0.977513494932275,30.645179221073267,1.9077347521762824,False
resnet,1.0,2,9,2,0.9508205629635739,30.645179221073267,1.9077347521762824,False
resnet,1.0,2,9,3,0.9196199771570526,30.645179221073267,1.9077347521762824,False
resnet,1.0,2,9,4,0.8835797769434296,30.645179221073267,1.9077347521762824,False
resnet,1.0,2,9,5,0.8416923782630624,30.645179221073267,1.9077347521762824,False
resnet,1.0,2,9,6,0.8025004899797858,30.645179221073267,1.9077347521762824,False
resnet,1.0,2,9,7,0.7590176323762994,30.645179221073267,1.9077347521762824,False
resnet,1.0,2,9,8,0.7171746632642102,30.645179221073267,1.9077347521762824,False
resnet,1.0,2,9,9,0.6784879989974593,30.645179221073267,1.9077347521762824,False
resnet,1.0,2,9,10,0.6388595927186788,30.645179221073267,1.9077347521762824,False
resnet,1.0,2,9,11,0.5975692372660856,30.645179221073267,1.9077347521762824,False
resnet,1.0,2,9,12,0.554126657531851,30.645179221073267,1.9077347521762824,False
resnet,1.0,2,9,13,0.5125097480593427,30.645179221073267,1.9077347521762824,False
resnet,1.0,2,9,14,0.46727993914312654,30.645179221073267,1.9077347521762824,False
resnet,1.0,2,9,15,0.41795190160038753,30.645179221073267,1.9077347521762824,False
resnet,1.0,2,10,0,1.0,22.946627765926653,1.1396375664792067,False
resnet,1.0,2,10,1,0.9373651823282714,22.946627765926653,1.1396375664792067,False
resnet,1.0,2,10,2,0.8731737156307058,22.946627765926653,1.1396375664792067,False
resnet,1.0,2,10,3,0.8026744645443654,22.946627765926653,1.1396375664792067,False
resnet,1.0,2,10,4,0.7347803564504767,22.946627765926653,1.1396375664792067,False
resnet,1.0,2,10,5,0.6580033388395642,22.946627765926653,1.1396375664792067,False
resnet,1.0,2,10,6,0.5920263340545592,22.946627765926653,1.1396375664792067,False
resnet,1.0,2,10,7,0.5251519170380141,22.946627765926653,1.1396375664792067,False
resnet,1.0,2,10,8,0.47210555319042585,22.946627765926653,1.1396375664792067,False
resnet,1.0,2,10,9,0.43069024739052725,22.946627765926653,1.1396375664792067,False
resnet,1.0,2,10,10,0.3807813465868783,22.946627765926653,1.1396375664792067,False
resnet,1.0,2,10,11,0.3246559889461165,22.946627765926653,1.1396375664792067,False
resnet,1.0,2,10,12,0.2731907955835853,22.946627765926653,1.1396375664792067,False
resnet,1.0,2,10,13,0.2282588838439565,22.946627765926653,1.1396375664792067,False
resnet,1.0,2,10,14,0.17349345512864203,22.946627765926653,1.1396375664792067,False
resnet,1.0,2,10,15,0.12212896041951125,22.946627765926653,1.1396375664792067,False
resnet,1.0,2,11,0,1.0,33.34777154821799,1.9402393516836804,False
resnet,1.0,2,11,1,0.9858360650241852,33.34777154821799,1.9402393516836804,False
resnet,1.0,2,11,2,0.967228959041574,33.34777154821799,1.9402393516836804,False
resnet,1.0,2,11,3,0.9474018757764441,33.34777154821799,1.9402393516836804,False
resnet,1.0,2,11,4,0.9245978318427527,33.34777154821799,1.9402393516836804,False
resnet,1.0,2,11,5,0.90145858750511,33.34777154821799,1.9402393516836804,False
resnet,1.0,2,11,6,0.876526283802111,33.34777154821799,1.9402393516836804,False
resnet,1.0,2,11,7,0.8524876688273424,33.34777154821799,1.9402393516836804,False
resnet,1.0,2,11,8,0.824629647771994,33.34777154821799,1.9402393516836804,False
resnet,1.0,2,11,9,0.7942131539603152,33.34777154821799,1.9402393516836804,False
resnet,1.0,2,11,10,0.7632049445885244,33.34777154821799,1.9402393516836804,False
resnet,1.0,2,11,11,0.7287044170595075,33.34777154821799,1.9402393516836804,False
resnet,1.0,2,11,12,0.6923477942672563,33.34777154821799,1.9402393516836804,False
resnet,1.0,2,11,13,0.6517337011041797,33.34777154821799,1.9402393516836804,False
resnet,1.0,2,11,14,0.6137825334862564,33.34777154821799,1.9402393516836804,False
resnet,1.0,2,11,15,0.578719722795541,33.34777154821799,1.9402393516836804,False
resnet,1.0,2,12,0,1.0,14.77600882732515,0.8936731670060444,False
resnet,1.0,2,12,1,0.9002342638823319,14.77600882732515,0.8936731670060444,False
resnet,1.0,2,12,2,0.8361727270112599,14.77600882732515,0.8936731670060444,False
resnet,1.0,2,12,3,0.7637678131877426,14.77600882732515,0.8936731670060444,False
resnet,1.0,2,12,4,0.7387898841535444,14.77600882732515,0.8936731670060444,False
resnet,1.0,2,12,5,0.7163497454821739,14.77600882732515,0.8936731670060444,False
resnet,1.0,2,12,6,0.6718567051163031,14.77600882732515,0.8936731670060444,False
resnet,1.0,2,12,7,0.6308075700513907,14.77600882732515,0.8936731670060444,False
resnet,1.0,2,12,8,0.5986135100420618,14.77600882732515,0.8936731670060444,False
resnet,1.0,2,12,9,0.612537488026823,14.77600882732515,0.8936731670060444,False
resnet,1.0,2,12,10,0.6160531553277695,14.77600882732515,0.8936731670060444,False
resnet,1.0,2,12,11,0.573380229440648,14.77600882732515,0.8936731670060444,False
resnet,1.0,2,12,12,0.49926253135045523,14.77600882732515,0.8936731670060444,False
resnet,1.0,2,12,13,0.44573887574633964,14.77600882732515,0.8936731670060444,False
resnet,1.0,2,12,14,0.417179022557885,14.77600882732515,0.8936731670060444,False
resnet,1.0,2,12,15,0.39916542627148915,14.77600882732515,0.8936731670060444,False
resnet,1.0,2,13,0,1.0,41.48206731383772,2.1203845112266464,False
resnet,1.0,2,13,1,0.9755756458145322,41.48206731383772,2.1203845112266464,False
resnet,1.0,2,13,2,0.9510540057650058,41.48206731383772,2.1203845112266464,False
resnet,1.0,2,13,3,0.9192049610699609,41.48206731383772,2.1203845112266464,False
resnet,1.0,2,13,4,0.8925438007676594,41.48206731383772,2.1203845112266464,False
resnet,1.0,2,13,5,0.8656523185011573,41.48206731383772,2.1203845112266464,False
resnet,1.0,2,13,6,0.8465640092073603,41.48206731383772,2.1203845112266464,False
resnet,1.0,2,13,7,0.8282512705987438,41.48206731383772,2.1203845112266464,False
resnet,1.0,2,13,8,0.8140942295361191,41.48206731383772,2.1203845112266464,False
resnet,1.0,2,13,9,0.7959822782471901,41.48206731383772,2.1203845112266464,False
resnet,1.0,2,13,10,0.7760045139996018,41.48206731383772,2.1203845112266464,False
resnet,1.0,2,13,11,0.7530597632101026,41.48206731383772,2.1203845112266464,False
resnet,1.0,2,13,12,0.7266143957442621,41.48206731383772,2.1203845112266464,False
resnet,1.0,2,13,13,0.7043935235462888,41.48206731383772,2.1203845112266464,False
resnet,1.0,2,13,14,0.6750958367935234,41.48206731383772,2.1203845112266464,False
resnet,1.0,2,13,15,0.6409128537219284,41.48206731383772,2.1203845112266464,False
resnet,1.0,2,14,0,1.0,39.64861322181962,1.556515652778589,False
resnet,1.0,2,14,1,0.9502201952940502,39.64861322181962,1.556515652778589,False
resnet,1.0,2,14,2,0.9004037902481287,39.64861322181962,1.556515652778589,False
resnet,1.0,2,14,3,0.8580645785058287,39.64861322181962,1.556515652778589,False
resnet,1.0,2,14,4,0.8171954607868196,39.64861322181962,1.556515652778589,False
resnet,1.0,2,14,5,0.7702981904222138,39.64861322181962,1.556515652778589,False
resnet,1.0,2,14,6,0.731198201032949,39.64861322181962,1.556515652778589,False
resnet,1.0,2,14,7,0.6977821697706876,39.64861322181962,1.556515652778589,False
resnet,1.0,2,14,8,0.6568707370772757,39.64861322181962,1.556515652778589,False
resnet,1.0,2,14,9,0.6096183849436185,39.64861322181962,1.556515652778589,False
resnet,1.0,2,14,10,0.5574817900651675,39.64861322181962,1.556515652778589,False
resnet,1.0,2,14,11,0.4976417922312473,39.64861322181962,1.556515652778589,False
resnet,1.0,2,14,12,0.4415364329502323,39.64861322181962,1.556515652778589,False
resnet,1.0,2,14,13,0.38377545934114293,39.64861322181962,1.556515652778589,False
resnet,1.0,2,14,14,0.323494837610885,39.64861322181962,1.556515652778589,False
resnet,1.0,2,14,15,0.2527742453578446,39.64861322181962,1.556515652778589,False
resnet,1.0,2,15,0,1.0,30.128048176018762,0.9839196919553657,False
resnet,1.0,2,15,1,0.8859971871856335,30.128048176018762,0.9839196919553657,False
resnet,1.0,2,15,2,0.7822124054120786,30.128048176018762,0.9839196919553657,False
resnet,1.0,2,15,3,0.6753089151236098,30.128048176018762,0.9839196919553657,False
resnet,1.0,2,15,4,0.5573819206943613,30.128048176018762,0.9839196919553657,False
resnet,1.0,2,15,5,0.4505282269541591,30.128048176018762,0.9839196919553657,False
resnet,1.0,2,15,6,0.3757673934233945,30.128048176018762,0.9839196919553657,False
resnet,1.0,2,15,7,0.3227887371692461,30.128048176018762,0.9839196919553657,False
resnet,1.0,2,15,8,0.2811853809781672,30.128048176018762,0.9839196919553657,False
resnet,1.0,2,15,9,0.25404753137139213,30.128048176018762,0.9839196919553657,False
resnet,1.0,2,15,10,0.20746163498486686,30.128048176018762,0.9839196919553657,False
resnet,1.0,2,15,11,0.15227643591421133,30.128048176018762,0.9839196919553657,False
resnet,1.0,2,15,12,0.09605488786468508,30.128048176018762,0.9839196919553657,False
resnet,1.0,2,15,13,0.02721138708526027,30.128048176018762,0.9839196919553657,False
resnet,1.0,2,15,14,-0.05206724568840442,30.128048176018762,0.9839196919553657,False
resnet,1.0,2,15,15,-0.1237155052027039,30.128048176018762,0.9839196919553657,False
resnet,1.0,2,16,0,1.0,25.685127464290584,1.5307764237933532,False
resnet,1.0,2,16,1,0.9692275256577763,25.685127464290584,1.5307764237933532,False
resnet,1.0,2,16,2,0.9355340224742327,25.685127464290584,1.5307764237933532,False
resnet,1.0,2,16,3,0.9004352600847398,25.685127464290584,1.5307764237933532,False
resnet,1.0,2,16,4,0.8592737014797893,25.685127464290584,1.5307764237933532,False
resnet,1.0,2,16,5,0.8158722505314332,25.685127464290584,1.5307764237933532,False
resnet,1.0,2,16,6,0.7786363333814778,25.685127464290584,1.5307764237933532,False
resnet,1.0,2,16,7,0.7428440024482285,25.685127464290584,1.5307764237933532,False
resnet,1.0,2,16,8,0.714615261682752,25.685127464290584,1.5307764237933532,False
resnet,1.0,2,16,9,0.6963576218656613,25.685127464290584,1.5307764237933532,False
resnet,1.0,2,16,10,0.6843473679459986,25.685127464290584,1.5307764237933532,False
resnet,1.0,2,16,11,0.6759295526618428,25.685127464290584,1.5307764237933532,False
resnet,1.0,2,16,12,0.6651292094325786,25.685127464290584,1.5307764237933532,False
resnet,1.0,2,16,13,0.6535446253793498,25.685127464290584,1.5307764237933532,False
resnet,1.0,2,16,14,0.640962715520033,25.685127464290584,1.5307764237933532,False
resnet,1.0,2,16,15,0.6318322416849744,25.685127464290584,1.5307764237933532,False
resnet,1.0,2,17,0,1.0,27.661686166470055,1.713581088298593,False
resnet,1.0,2,17,1,0.9763428911526746,27.661686166470055,1.713581088298593,False
resnet,1.0,2,17,2,0.9566492966211413,27.661686166470055,1.713581088298593,False
resnet,1.0,2,17,3,0.9410301483960616,27.661686166470055,1.713581088298593,False
resnet,1.0,2,17,4,0.9230378664930422,27.661686166470055,1.713581088298593,False
resnet,1.0,2,17,5,0.9090113186564347,27.661686166470055,1.713581088298593,False
resnet,1.0,2,17,6,0.9026107554050627,27.661686166470055,1.713581088298593,False
resnet,1.0,2,17,7,0.889942166762619,27.661686166470055,1.713581088298593,False
resnet,1.0,2,17,8,0.8772646984559153,27.661686166470055,1.713581088298593,False
resnet,1.0,2,17,9,0.8691128490181813,27.661686166470055,1.713581088298593,False
resnet,1.0,2,17,10,0.8540115821012294,27.661686166470055,1.713581088298593,False
resnet,1.0,2,17,11,0.8410266170085617,27.661686166470055,1.713581088298593,False
resnet,1.0,2,17,12,0.8268933610874539,27.661686166470055,1.713581088298593,False
resnet,1.0,2,17,13,0.8087888079380057,27.661686166470055,1.713581088298593,False
resnet,1.0,2,17,14,0.7871325474622654,27.661686166470055,1.713581088298593,False
resnet,1.0,2,17,15,0.7729507490198507,27.661686166470055,1.713581088298593,False
resnet,1.0,2,18,0,1.0,45.8323467756708,2.616148456338879,False
resnet,1.0,2,18,1,0.9849110638257345,45.8323467756708,2.616148456338879,False
resnet,1.0,2,18,2,0.9682533520821844,45.8323467756708,2.616148456338879,False
resnet,1.0,2,18,3,0.9543095314046265,45.8323467756708,2.616148456338879,False
resnet,1.0,2,18,4,0.943044831984063,45.8323467756708,2.616148456338879,False
resnet,1.0,2,18,5,0.9295868442730942,45.8323467756708,2.616148456338879,False
resnet,1.0,2,18,6,0.9172702366725964,45.8323467756708,2.616148456338879,False
resnet,1.0,2,18,7,0.9051569482715759,45.8323467756708,2.616148456338879,False
resnet,1.0,2,18,8,0.8925581572828285,45.8323467756708,2.616148456338879,False
resnet,1.0,2,18,9,0.8785840946127643,45.8323467756708,2.616148456338879,False
resnet,1.0,2,18,10,0.8633205834960133,45.8323467756708,2.616148456338879,False
resnet,1.0,2,18,11,0.851070989521952,45.8323467756708,2.616148456338879,False
resnet,1.0,2,18,12,0.8415843785645996,45.8323467756708,2.616148456338879,False
resnet,1.0,2,18,13,0.8326511204996649,45.8323467756708,2.616148456338879,False
resnet,1.0,2,18,14,0.8240539570878768,45.8323467756708,2.616148456338879,False
resnet,1.0,2,18,15,0.8138253056429882,45.8323467756708,2.616148456338879,False
resnet,1.0,2,19,0,1.0,27.89419295959448,1.6571449921714374,False
resnet,1.0,2,19,1,0.9792296615633085,27.89419295959448,1.6571449921714374,False
resnet,1.0,2,19,2,0.9582563097351608,27.89419295959448,1.6571449921714374,False
resnet,1.0,2,19,3,0.9411068219822664,27.89419295959448,1.6571449921714374,False
resnet,1.0,2,19,4,0.9249658416151054,27.89419295959448,1.6571449921714374,False
resnet,1.0,2,19,5,0.8985641434593598,27.89419295959448,1.6571449921714374,False
resnet,1.0,2,19,6,0.8702413161279052,27.89419295959448,1.6571449921714374,False
resnet,1.0,2,19,7,0.8451188426120398,27.89419295959448,1.6571449921714374,False
resnet,1.0,2,19,8,0.8211469870702585,27.89419295959448,1.6571449921714374,False
resnet,1.0,2,19,9,0.7958762109464057,27.89419295959448,1.6571449921714374,False
resnet,1.0,2,19,10,0.76631945147891,27.89419295959448,1.6571449921714374,False
resnet,1.0,2,19,11,0.7399720418686457,27.89419295959448,1.6571449921714374,False
resnet,1.0,2,19,12,0.7123111849768382,27.89419295959448,1.6571449921714374,False
resnet,1.0,2,19,13,0.6889464450790679,27.89419295959448,1.6571449921714374,False
resnet,1.0,2,19,14,0.6613781096749204,27.89419295959448,1.6571449921714374,False
resnet,1.0,2,19,15,0.6344255912046592,27.89419295959448,1.6571449921714374,False
resnet,1.0,4,0,0,1.0,72.00916699176514,3.5437894731417234,False
resnet,1.0,4,0,1,0.9703729834081999,72.00916699176514,3.5437894731417234,False
resnet,1.0,4,0,2,0.9383997448079341,72.00916699176514,3.5437894731417234,False
resnet,1.0,4,0,3,0.9023996413275569,72.00916699176514,3.5437894731417234,False
resnet,1.0,4,0,4,0.871141070962699,72.00916699176514,3.5437894731417234,False
resnet,1.0,4,0,5,0.840775447385079,72.00916699176514,3.5437894731417234,False
resnet,1.0,4,0,6,0.8149871102223154,72.00916699176514,3.5437894731417234,False
resnet,1.0,4,0,7,0.793725819210535,72.00916699176514,3.5437894731417234,False
resnet,1.0,4,0,8,0.7685474346190088,72.00916699176514,3.5437894731417234,False
resnet,1.0,4,0,9,0.740039798997998,72.00916699176514,3.5437894731417234,False
resnet,1.0,4,0,10,0.7133433138334654,72.00916699176514,3.5437894731417234,False
resnet,1.0,4,0,11,0.6822710349048154,72.00916699176514,3.5437894731417234,False
resnet,1.0,4,0,12,0.6436239882744089,72.00916699176514,3.5437894731417234,False
resnet,1.0,4,0,13,0.6049531781379333,72.00916699176514,3.5437894731417234,False
resnet,1.0,4,0,14,0.5620977524880136,72.00916699176514,3.5437894731417234,False
resnet,1.0,4,0,15,0.5174226356566197,72.00916699176514,3.5437894731417234,False
resnet,1.0,4,1,0,1.0,48.72400318276596,2.752808019303737,False
resnet,1.0,4,1,1,0.9457189928690519,48.72400318276596,2.752808019303737,False
resnet,1.0,4,1,2,0.8924938385887502,48.72400318276596,2.752808019303737,False
resnet,1.0,4,1,3,0.8512538055826652,48.72400318276596,2.752808019303737,False
resnet,1.0,4,1,4,0.797714235275621,48.72400318276596,2.752808019303737,False
resnet,1.0,4,1,5,0.728073743627356,48.72400318276596,2.752808019303737,False
resnet,1.0,4,1,6,0.6657730669963924,48.72400318276596,2.752808019303737,False
resnet,1.0,4,1,7,0.607267319752355,48.72400318276596,2.752808019303737,False
resnet,1.0,4,1,8,0.5418637723820174,48.72400318276596,2.752808019303737,False
resnet,1.0,4,1,9,0.48433122694059894,48.72400318276596,2.752808019303737,False
resnet,1.0,4,1,10,0.4405331992272997,48.72400318276596,2.752808019303737,False
resnet,1.0,4,1,11,0.4176138848422289,48.72400318276596,2.752808019303737,False
resnet,1.0,4,1,12,0.3730970862916829,48.72400318276596,2.752808019303737,False
resnet,1.0,4,1,13,0.3262824455697566,48.72400318276596,2.752808019303737,False
resnet,1.0,4,1,14,0.2965536743706282,48.72400318276596,2.752808019303737,False
resnet,1.0,4,1,15,0.270720704249943,48.72400318276596,2.752808019303737,False
resnet,1.0,4,2,0,1.0,45.46443747478304,2.7173666476724376,False
resnet,1.0,4,2,1,0.9626669359770863,45.46443747478304,2.7173666476724376,False
resnet,1.0,4,2,2,0.930099535892248,45.46443747478304,2.7173666476724376,False
resnet,1.0,4,2,3,0.8966581503873312,45.46443747478304,2.7173666476724376,False
resnet,1.0,4,2,4,0.8650200742787614,45.46443747478304,2.7173666476724376,False
resnet,1.0,4,2,5,0.831218556528822,45.46443747478304,2.7173666476724376,False
resnet,1.0,4,2,6,0.7990303977288917,45.46443747478304,2.7173666476724376,False
resnet,1.0,4,2,7,0.7664518931765053,45.46443747478304,2.7173666476724376,False
resnet,1.0,4,2,8,0.726813271161258,45.46443747478304,2.7173666476724376,False
resnet,1.0,4,2,9,0.6915089220557791,45.46443747478304,2.7173666476724376,False
resnet,1.0,4,2,10,0.6583822775469146,45.46443747478304,2.7173666476724376,False
resnet,1.0,4,2,11,0.6206726219631643,45.46443747478304,2.7173666476724376,False
resnet,1.0,4,2,12,0.5805287609918789,45.46443747478304,2.7173666476724376,False
resnet,1.0,4,2,13,0.545744633471033,45.46443747478304,2.7173666476724376,False
resnet,1.0,4,2,14,0.523429191010056,45.46443747478304,2.7173666476724376,False
resnet,1.0,4,2,15,0.5014236012989116,45.46443747478304,2.7173666476724376,False
resnet,1.0,4,3,0,1.0,31.317009378968464,1.6313761161373244,False
resnet,1.0,4,3,1,0.8797209691786235,31.317009378968464,1.6313761161373244,False
resnet,1.0,4,3,2,0.7705873221297234,31.317009378968464,1.6313761161373244,False
resnet,1.0,4,3,3,0.702814558516477,31.317009378968464,1.6313761161373244,False
resnet,1.0,4,3,4,0.6348931790484997,31.317009378968464,1.6313761161373244,False
resnet,1.0,4,3,5,0.5689237662466933,31.317009378968464,1.6313761161373244,False
resnet,1.0,4,3,6,0.5335758149239663,31.317009378968464,1.6313761161373244,False
resnet,1.0,4,3,7,0.5089053289774267,31.317009378968464,1.6313761161373244,False
resnet,1.0,4,3,8,0.4900017667785152,31.317009378968464,1.6313761161373244,False
resnet,1.0,4,3,9,0.46237229526700424,31.317009378968464,1.6313761161373244,False
resnet,1.0,4,3,10,0.44323405170272434,31.317009378968464,1.6313761161373244,False
resnet,1.0,4,3,11,0.4674839285715238,31.317009378968464,1.6313761161373244,False
resnet,1.0,4,3,12,0.4843313757911177,31.317009378968464,1.6313761161373244,False
resnet,1.0,4,3,13,0.5128467027592728,31.317009378968464,1.6313761161373244,False
resnet,1.0,4,3,14,0.5392055509466215,31.317009378968464,1.6313761161373244,False
resnet,1.0,4,3,15,0.5174742128130527,31.317009378968464,1.6313761161373244,False
resnet,1.0,4,4,0,1.0,40.29484056127757,2.419684036162323,False
resnet,1.0,4,4,1,0.925788166632373,40.29484056127757,2.419684036162323,False
resnet,1.0,4,4,2,0.857857190626498,40.29484056127757,2.419684036162323,False
resnet,1.0,4,4,3,0.8029661825416894,40.29484056127757,2.419684036162323,False
resnet,1.0,4,4,4,0.7431614168942042,40.29484056127757,2.419684036162323,False
resnet,1.0,4,4,5,0.6680975700613786,40.29484056127757,2.419684036162323,False
resnet,1.0,4,4,6,0.5836018558421557,40.29484056127757,2.419684036162323,False
resnet,1.0,4,4,7,0.5052741916737405,40.29484056127757,2.419684036162323,False
resnet,1.0,4,4,8,0.42567540757255223,40.29484056127757,2.419684036162323,False
resnet,1.0,4,4,9,0.3254052852775873,40.29484056127757,2.419684036162323,False
resnet,1.0,4,4,10,0.24481493593820638,40.29484056127757,2.419684036162323,False
resnet,1.0,4,4,11,0.1687074884120784,40.29484056127757,2.419684036162323,False
resnet,1.0,4,4,12,0.10815730782662468,40.29484056127757,2.419684036162323,False
resnet,1.0,4,4,13,0.0648715765494564,40.29484056127757,2.419684036162323,False
resnet,1.0,4,4,14,0.041276638422042065,40.29484056127757,2.419684036162323,False
resnet,1.0,4,4,15,0.026733381775699446,40.29484056127757,2.419684036162323,False
resnet,1.0,4,5,0,1.0,38.63984512193981,2.2088580761256993,False
resnet,1.0,4,5,1,0.9509071789981314,38.63984512193981,2.2088580761256993,False
resnet,1.0,4,5,2,0.8997020456556727,38.63984512193981,2.2088580761256993,False
resnet,1.0,4,5,3,0.8416565588839549,38.63984512193981,2.2088580761256993,False
resnet,1.0,4,5,4,0.7840101184428352,38.63984512193981,2.2088580761256993,False
resnet,1.0,4,5,5,0.722453243933881,38.63984512193981,2.2088580761256993,False
resnet,1.0,4,5,6,0.6678785361778553,38.63984512193981,2.2088580761256993,False
resnet,1.0,4,5,7,0.6211901647068414,38.63984512193981,2.2088580761256993,False
resnet,1.0,4,5,8,0.5831721915675572,38.63984512193981,2.2088580761256993,False
resnet,1.0,4,5,9,0.5415593662614405,38.63984512193981,2.2088580761256993,False
resnet,1.0,4,5,10,0.5035452529093138,38.63984512193981,2.2088580761256993,False
resnet,1.0,4,5,11,0.48121835795325674,38.63984512193981,2.2088580761256993,False
resnet,1.0,4,5,12,0.4537843505627489,38.63984512193981,2.2088580761256993,False
resnet,1.0,4,5,13,0.4337323891642754,38.63984512193981,2.2088580761256993,False
resnet,1.0,4,5,14,0.40643511771135166,38.63984512193981,2.2088580761256993,False
resnet,1.0,4,5,15,0.38542990379074354,38.63984512193981,2.2088580761256993,False
resnet,1.0,4,6,0,1.0,41.32043271850629,2.3485292506960587,False
resnet,1.0,4,6,1,0.9642902812793717,41.32043271850629,2.3485292506960587,False
resnet,1.0,4,6,2,0.9381306413507857,41.32043271850629,2.3485292506960587,False
resnet,1.0,4,6,3,0.9126739689799905,41.32043271850629,2.3485292506960587,False
resnet,1.0,4,6,4,0.8916161764878657,41.32043271850629,2.3485292506960587,False
resnet,1.0,4,6,5,0.8655663876511865,41.32043271850629,2.3485292506960587,False
resnet,1.0,4,6,6,0.8382976227432433,41.32043271850629,2.3485292506960587,False
resnet,1.0,4,6,7,0.8083793836092581,41.32043271850629,2.3485292506960587,False
resnet,1.0,4,6,8,0.7762407643710512,41.32043271850629,2.3485292506960587,False
resnet,1.0,4,6,9,0.7433601870945309,41.32043271850629,2.3485292506960587,False
resnet,1.0,4,6,10,0.699277541042387,41.32043271850629,2.3485292506960587,False
resnet,1.0,4,6,11,0.6490044003867592,41.32043271850629,2.3485292506960587,False
resnet,1.0,4,6,12,0.6075361213703784,41.32043271850629,2.3485292506960587,False
resnet,1.0,4,6,13,0.5747079672856357,41.32043271850629,2.3485292506960587,False
resnet,1.0,4,6,14,0.5459036920640352,41.32043271850629,2.3485292506960587,False
resnet,1.0,4,6,15,0.5108756821529595,41.32043271850629,2.3485292506960587,False
resnet,1.0,4,7,0,1.0,56.660124896384545,3.287738665716621,False
resnet,1.0,4,7,1,0.969554821741388,56.660124896384545,3.287738665716621,False
resnet,1.0,4,7,2,0.9410564642611613,56.660124896384545,3.287738665716621,False
resnet,1.0,4,7,3,0.9112070740233833,56.660124896384545,3.287738665716621,False
resnet,1.0,4,7,4,0.8842144799647063,56.660124896384545,3.287738665716621,False
resnet,1.0,4,7,5,0.8610988708584107,56.660124896384545,3.287738665716621,False
resnet,1.0,4,7,6,0.8353029685278429,56.660124896384545,3.287738665716621,False
resnet,1.0,4,7,7,0.8095314960086031,56.660124896384545,3.287738665716621,False
resnet,1.0,4,7,8,0.7841770819737225,56.660124896384545,3.287738665716621,False
resnet,1.0,4,7,9,0.7581583057573282,56.660124896384545,3.287738665716621,False
resnet,1.0,4,7,10,0.738141674589498,56.660124896384545,3.287738665716621,False
resnet,1.0,4,7,11,0.7112963674576744,56.660124896384545,3.287738665716621,False
resnet,1.0,4,7,12,0.6826323912585432,56.660124896384545,3.287738665716621,False
resnet,1.0,4,7,13,0.6510604616625397,56.660124896384545,3.287738665716621,False
resnet,1.0,4,7,14,0.6120950501148678,56.660124896384545,3.287738665716621,False
resnet,1.0,4,7,15,0.5818178270803498,56.660124896384545,3.287738665716621,False
resnet,1.0,4,8,0,1.0,44.059397650818354,2.708655856005332,False
resnet,1.0,4,8,1,0.9603119619367266,44.059397650818354,2.708655856005332,False
resnet,1.0,4,8,2,0.9233494910554596,44.059397650818354,2.708655856005332,False
resnet,1.0,4,8,3,0.8950120725249607,44.059397650818354,2.708655856005332,False
resnet,1.0,4,8,4,0.8661223984579286,44.059397650818354,2.708655856005332,False
resnet,1.0,4,8,5,0.8411971472859339,44.059397650818354,2.708655856005332,False
resnet,1.0,4,8,6,0.8110761491536841,44.059397650818354,2.708655856005332,False
resnet,1.0,4,8,7,0.7773210869510611,44.059397650818354,2.708655856005332,False
resnet,1.0,4,8,8,0.7438148845127452,44.059397650818354,2.708655856005332,False
resnet,1.0,4,8,9,0.7044096135950009,44.059397650818354,2.708655856005332,False
resnet,1.0,4,8,10,0.6734682446789627,44.059397650818354,2.708655856005332,False
resnet,1.0,4,8,11,0.6376620721788325,44.059397650818354,2.708655856005332,False
resnet,1.0,4,8,12,0.6059296357784145,44.059397650818354,2.708655856005332,False
resnet,1.0,4,8,13,0.5702617351970346,44.059397650818354,2.708655856005332,False
resnet,1.0,4,8,14,0.5348615272653199,44.059397650818354,2.708655856005332,False
resnet,1.0,4,8,15,0.499560454658088,44.059397650818354,2.708655856005332,False
resnet,1.0,4,9,0,1.0,48.136310137946744,2.87823195756136,False
resnet,1.0,4,9,1,0.9748149119548931,48.136310137946744,2.87823195756136,False
resnet,1.0,4,9,2,0.9452744936585843,48.136310137946744,2.87823195756136,False
resnet,1.0,4,9,3,0.9187706367295665,48.136310137946744,2.87823195756136,False
resnet,1.0,4,9,4,0.8919550097361721,48.136310137946744,2.87823195756136,False
resnet,1.0,4,9,5,0.8628934756546245,48.136310137946744,2.87823195756136,False
resnet,1.0,4,9,6,0.8392091568101467,48.136310137946744,2.87823195756136,False
resnet,1.0,4,9,7,0.8143948230963184,48.136310137946744,2.87823195756136,False
resnet,1.0,4,9,8,0.7864721989960665,48.136310137946744,2.87823195756136,False
resnet,1.0,4,9,9,0.7511015376798893,48.136310137946744,2.87823195756136,False
resnet,1.0,4,9,10,0.7084637169887158,48.136310137946744,2.87823195756136,False
resnet,1.0,4,9,11,0.6624831536125178,48.136310137946744,2.87823195756136,False
resnet,1.0,4,9,12,0.6117140712357615,48.136310137946744,2.87823195756136,False
resnet,1.0,4,9,13,0.5680260233326396,48.136310137946744,2.87823195756136,False
resnet,1.0,4,9,14,0.5287916844154424,48.136310137946744,2.87823195756136,False
resnet,1.0,4,9,15,0.4894074241228966,48.136310137946744,2.87823195756136,False
resnet,1.0,4,10,0,1.0,40.887292935196314,2.2157939583639656,False
resnet,1.0,4,10,1,0.9583118241625542,40.887292935196314,2.2157939583639656,False
resnet,1.0,4,10,2,0.9169947573033987,40.887292935196314,2.2157939583639656,False
resnet,1.0,4,10,3,0.8687323538845646,40.887292935196314,2.2157939583639656,False
resnet,1.0,4,10,4,0.8175695774060177,40.887292935196314,2.2157939583639656,False
resnet,1.0,4,10,5,0.7660585036360109,40.887292935196314,2.2157939583639656,False
resnet,1.0,4,10,6,0.7166037653986462,40.887292935196314,2.2157939583639656,False
resnet,1.0,4,10,7,0.6747654043155368,40.887292935196314,2.2157939583639656,False
resnet,1.0,4,10,8,0.6281903769063685,40.887292935196314,2.2157939583639656,False
resnet,1.0,4,10,9,0.5816939622405273,40.887292935196314,2.2157939583639656,False
resnet,1.0,4,10,10,0.5371387583066249,40.887292935196314,2.2157939583639656,False
resnet,1.0,4,10,11,0.4881300802238764,40.887292935196314,2.2157939583639656,False
resnet,1.0,4,10,12,0.44320486009044013,40.887292935196314,2.2157939583639656,False
resnet,1.0,4,10,13,0.4023587340802579,40.887292935196314,2.2157939583639656,False
resnet,1.0,4,10,14,0.35698944489163725,40.887292935196314,2.2157939583639656,False
resnet,1.0,4,10,15,0.30698068848895,40.887292935196314,2.2157939583639656,False
resnet,1.0,4,11,0,1.0,31.134545487824386,1.9053273331432545,False
resnet,1.0,4,11,1,0.9497652707620269,31.134545487824386,1.9053273331432545,False
resnet,1.0,4,11,2,0.8962651414780289,31.134545487824386,1.9053273331432545,False
resnet,1.0,4,11,3,0.8608096897378061,31.134545487824386,1.9053273331432545,False
resnet,1.0,4,11,4,0.820274629204477,31.134545487824386,1.9053273331432545,False
resnet,1.0,4,11,5,0.7655411178521214,31.134545487824386,1.9053273331432545,False
resnet,1.0,4,11,6,0.7208851226030387,31.134545487824386,1.9053273331432545,False
resnet,1.0,4,11,7,0.6891663385327288,31.134545487824386,1.9053273331432545,False
resnet,1.0,4,11,8,0.6654334871968054,31.134545487824386,1.9053273331432545,False
resnet,1.0,4,11,9,0.6390109613833549,31.134545487824386,1.9053273331432545,False
resnet,1.0,4,11,10,0.5981569625071856,31.134545487824386,1.9053273331432545,False
resnet,1.0,4,11,11,0.5692574434520872,31.134545487824386,1.9053273331432545,False
resnet,1.0,4,11,12,0.5425757318070863,31.134545487824386,1.9053273331432545,False
resnet,1.0,4,11,13,0.51234355681994,31.134545487824386,1.9053273331432545,False
resnet,1.0,4,11,14,0.47268448613626135,31.134545487824386,1.9053273331432545,False
resnet,1.0,4,11,15,0.44308331071196744,31.134545487824386,1.9053273331432545,False
resnet,1.0,4,12,0,1.0,78.50317286513547,4.862105051192448,False
resnet,1.0,4,12,1,0.9832833446666511,78.50317286513547,4.862105051192448,False
resnet,1.0,4,12,2,0.965592528091293,78.50317286513547,4.862105051192448,False
resnet,1.0,4,12,3,0.9421393058501394,78.50317286513547,4.862105051192448,False
resnet,1.0,4,12,4,0.9183049687804917,78.50317286513547,4.862105051192448,False
resnet,1.0,4,12,5,0.8970093303220464,78.50317286513547,4.862105051192448,False
resnet,1.0,4,12,6,0.8800936149879116,78.50317286513547,4.862105051192448,False
resnet,1.0,4,12,7,0.8598450283714344,78.50317286513547,4.862105051192448,False
resnet,1.0,4,12,8,0.8381835880575541,78.50317286513547,4.862105051192448,False
resnet,1.0,4,12,9,0.8133067657670454,78.50317286513547,4.862105051192448,False
resnet,1.0,4,12,10,0.7835047953959144,78.50317286513547,4.862105051192448,False
resnet,1.0,4,12,11,0.7536182784950418,78.50317286513547,4.862105051192448,False
resnet,1.0,4,12,12,0.7202600268679229,78.50317286513547,4.862105051192448,False
resnet,1.0,4,12,13,0.6881584652421914,78.50317286513547,4.862105051192448,False
resnet,1.0,4,12,14,0.6511786982466565,78.50317286513547,4.862105051192448,False
resnet,1.0,4,12,15,0.6137004730218671,78.50317286513547,4.862105051192448,False
resnet,1.0,4,13,0,1.0,54.39233985495679,3.190922338900879,False
resnet,1.0,4,13,1,0.9705804836093682,54.39233985495679,3.190922338900879,False
resnet,1.0,4,13,2,0.9428603283183143,54.39233985495679,3.190922338900879,False
resnet,1.0,4,13,3,0.9256595165215101,54.39233985495679,3.190922338900879,False
resnet,1.0,4,13,4,0.9080623276594331,54.39233985495679,3.190922338900879,False
resnet,1.0,4,13,5,0.8887184549393786,54.39233985495679,3.190922338900879,False
resnet,1.0,4,13,6,0.8656940399507856,54.39233985495679,3.190922338900879,False
resnet,1.0,4,13,7,0.8416314405746925,54.39233985495679,3.190922338900879,False
resnet,1.0,4,13,8,0.8158922346899733,54.39233985495679,3.190922338900879,False
resnet,1.0,4,13,9,0.7894158213479308,54.39233985495679,3.190922338900879,False
resnet,1.0,4,13,10,0.7613797371545066,54.39233985495679,3.190922338900879,False
resnet,1.0,4,13,11,0.7398504053812223,54.39233985495679,3.190922338900879,False
resnet,1.0,4,13,12,0.7222875160624803,54.39233985495679,3.190922338900879,False
resnet,1.0,4,13,13,0.702195626292727,54.39233985495679,3.190922338900879,False
resnet,1.0,4,13,14,0.6875325183216977,54.39233985495679,3.190922338900879,False
resnet,1.0,4,13,15,0.6803477294405745,54.39233985495679,3.190922338900879,False
resnet,1.0,4,14,0,1.0,70.08677243449935,4.127130100920753,False
resnet,1.0,4,14,1,0.9812506105833084,70.08677243449935,4.127130100920753,False
resnet,1.0,4,14,2,0.9579905023111499,70.08677243449935,4.127130100920753,False
resnet,1.0,4,14,3,0.9293052183349069,70.08677243449935,4.127130100920753,False
resnet,1.0,4,14,4,0.9035633211980781,70.08677243449935,4.127130100920753,False
resnet,1.0,4,14,5,0.8778425208747382,70.08677243449935,4.127130100920753,False
resnet,1.0,4,14,6,0.8513460049436794,70.08677243449935,4.127130100920753,False
resnet,1.0,4,14,7,0.824534967844929,70.08677243449935,4.127130100920753,False
resnet,1.0,4,14,8,0.7920680958978327,70.08677243449935,4.127130100920753,False
resnet,1.0,4,14,9,0.7639397977697155,70.08677243449935,4.127130100920753,False
resnet,1.0,4,14,10,0.7365163586269938,70.08677243449935,4.127130100920753,False
resnet,1.0,4,14,11,0.7110976603060896,70.08677243449935,4.127130100920753,False
resnet,1.0,4,14,12,0.6872732420809012,70.08677243449935,4.127130100920753,False
resnet,1.0,4,14,13,0.6618781648315655,70.08677243449935,4.127130100920753,False
resnet,1.0,4,14,14,0.6305539589142894,70.08677243449935,4.127130100920753,False
resnet,1.0,4,14,15,0.5948988958357909,70.08677243449935,4.127130100920753,False
resnet,1.0,4,15,0,1.0,44.33221260463323,2.5941605659770532,False
resnet,1.0,4,15,1,0.9712127234659195,44.33221260463323,2.5941605659770532,False
resnet,1.0,4,15,2,0.943312983642774,44.33221260463323,2.5941605659770532,False
resnet,1.0,4,15,3,0.9239167142807495,44.33221260463323,2.5941605659770532,False
resnet,1.0,4,15,4,0.9015226288074405,44.33221260463323,2.5941605659770532,False
resnet,1.0,4,15,5,0.8807842352534546,44.33221260463323,2.5941605659770532,False
resnet,1.0,4,15,6,0.8670972729352097,44.33221260463323,2.5941605659770532,False
resnet,1.0,4,15,7,0.8530258739262472,44.33221260463323,2.5941605659770532,False
resnet,1.0,4,15,8,0.8411523876156972,44.33221260463323,2.5941605659770532,False
resnet,1.0,4,15,9,0.8319118950443614,44.33221260463323,2.5941605659770532,False
resnet,1.0,4,15,10,0.8190855619419425,44.33221260463323,2.5941605659770532,False
resnet,1.0,4,15,11,0.795238815929355,44.33221260463323,2.5941605659770532,False
resnet,1.0,4,15,12,0.7701173401314624,44.33221260463323,2.5941605659770532,False
resnet,1.0,4,15,13,0.7444408345757694,44.33221260463323,2.5941605659770532,False
resnet,1.0,4,15,14,0.7183552042705426,44.33221260463323,2.5941605659770532,False
resnet,1.0,4,15,15,0.6907066034959009,44.33221260463323,2.5941605659770532,False
resnet,1.0,4,16,0,1.0,35.18411499697921,2.0326827642986736,False
resnet,1.0,4,16,1,0.961617250399107,35.18411499697921,2.0326827642986736,False
resnet,1.0,4,16,2,0.928584874309516,35.18411499697921,2.0326827642986736,False
resnet,1.0,4,16,3,0.8943606510444071,35.18411499697921,2.0326827642986736,False
resnet,1.0,4,16,4,0.859573129785288,35.18411499697921,2.0326827642986736,False
resnet,1.0,4,16,5,0.8220338898449051,35.18411499697921,2.0326827642986736,False
resnet,1.0,4,16,6,0.7893482069083284,35.18411499697921,2.0326827642986736,False
resnet,1.0,4,16,7,0.7592889902192129,35.18411499697921,2.0326827642986736,False
resnet,1.0,4,16,8,0.7406056200073163,35.18411499697921,2.0326827642986736,False
resnet,1.0,4,16,9,0.7209784791541577,35.18411499697921,2.0326827642986736,False
resnet,1.0,4,16,10,0.6940164425684548,35.18411499697921,2.0326827642986736,False
resnet,1.0,4,16,11,0.6772351988867269,35.18411499697921,2.0326827642986736,False
resnet,1.0,4,16,12,0.6616422343803755,35.18411499697921,2.0326827642986736,False
resnet,1.0,4,16,13,0.6453229269909424,35.18411499697921,2.0326827642986736,False
resnet,1.0,4,16,14,0.6247481082955983,35.18411499697921,2.0326827642986736,False
resnet,1.0,4,16,15,0.5959474920347644,35.18411499697921,2.0326827642986736,False
resnet,1.0,4,17,0,1.0,47.85694348692437,2.893964935395446,False
resnet,1.0,4,17,1,0.9536249970293779,47.85694348692437,2.893964935395446,False
resnet,1.0,4,17,2,0.9003012155274172,47.85694348692437,2.893964935395446,False
resnet,1.0,4,17,3,0.8536964087622184,47.85694348692437,2.893964935395446,False
resnet,1.0,4,17,4,0.8025309322869609,47.85694348692437,2.893964935395446,False
resnet,1.0,4,17,5,0.7481000515935787,47.85694348692437,2.893964935395446,False
resnet,1.0,4,17,6,0.7016017398553699,47.85694348692437,2.893964935395446,False
resnet,1.0,4,17,7,0.664733909676551,47.85694348692437,2.893964935395446,False
resnet,1.0,4,17,8,0.6342199762398485,47.85694348692437,2.893964935395446,False
resnet,1.0,4,17,9,0.6146410062502077,47.85694348692437,2.893964935395446,False
resnet,1.0,4,17,10,0.5965611094109741,47.85694348692437,2.893964935395446,False
resnet,1.0,4,17,11,0.5801902737705422,47.85694348692437,2.893964935395446,False
resnet,1.0,4,17,12,0.5527919369658647,47.85694348692437,2.893964935395446,False
resnet,1.0,4,17,13,0.5138043084397246,47.85694348692437,2.893964935395446,False
resnet,1.0,4,17,14,0.46103208394756806,47.85694348692437,2.893964935395446,False
resnet,1.0,4,17,15,0.41091633528920335,47.85694348692437,2.893964935395446,False
resnet,1.0,4,18,0,1.0,33.74238087770364,2.0186327741554444,False
resnet,1.0,4,18,1,0.9230903316108968,33.74238087770364,2.0186327741554444,False
resnet,1.0,4,18,2,0.85769385882241,33.74238087770364,2.0186327741554444,False
resnet,1.0,4,18,3,0.8163518762447438,33.74238087770364,2.0186327741554444,False
resnet,1.0,4,18,4,0.7669610485667259,33.74238087770364,2.0186327741554444,False
resnet,1.0,4,18,5,0.7096703462006088,33.74238087770364,2.0186327741554444,False
resnet,1.0,4,18,6,0.6514813806809961,33.74238087770364,2.0186327741554444,False
resnet,1.0,4,18,7,0.6066703543478783,33.74238087770364,2.0186327741554444,False
resnet,1.0,4,18,8,0.5701102684640101,33.74238087770364,2.0186327741554444,False
resnet,1.0,4,18,9,0.5488382368997321,33.74238087770364,2.0186327741554444,False
resnet,1.0,4,18,10,0.513674942256831,33.74238087770364,2.0186327741554444,False
resnet,1.0,4,18,11,0.48550237931555923,33.74238087770364,2.0186327741554444,False
resnet,1.0,4,18,12,0.4681805652826413,33.74238087770364,2.0186327741554444,False
resnet,1.0,4,18,13,0.4588953269637716,33.74238087770364,2.0186327741554444,False
resnet,1.0,4,18,14,0.45722086947290796,33.74238087770364,2.0186327741554444,False
resnet,1.0,4,18,15,0.45876488555124817,33.74238087770364,2.0186327741554444,False
resnet,1.0,4,19,0,1.0,28.55131082651727,1.7793139745391349,False
resnet,1.0,4,19,1,0.9469451344943146,28.55131082651727,1.7793139745391349,False
resnet,1.0,4,19,2,0.8841594944124146,28.55131082651727,1.7793139745391349,False
resnet,1.0,4,19,3,0.8248561149925983,28.55131082651727,1.7793139745391349,False
resnet,1.0,4,19,4,0.769210914790736,28.55131082651727,1.7793139745391349,False
resnet,1.0,4,19,5,0.7155050116336231,28.55131082651727,1.7793139745391349,False
resnet,1.0,4,19,6,0.6604644435884321,28.55131082651727,1.7793139745391349,False
resnet,1.0,4,19,7,0.613123283245662,28.55131082651727,1.7793139745391349,False
resnet,1.0,4,19,8,0.5645457321451229,28.55131082651727,1.7793139745391349,False
resnet,1.0,4,19,9,0.49688824302061574,28.55131082651727,1.7793139745391349,False
resnet,1.0,4,19,10,0.42088185956827284,28.55131082651727,1.7793139745391349,False
resnet,1.0,4,19,11,0.3410571327926867,28.55131082651727,1.7793139745391349,False
resnet,1.0,4,19,12,0.272066561204506,28.55131082651727,1.7793139745391349,False
resnet,1.0,4,19,13,0.2149988067125461,28.55131082651727,1.7793139745391349,False
resnet,1.0,4,19,14,0.14618482557063442,28.55131082651727,1.7793139745391349,False
resnet,1.0,4,19,15,0.08100889217897347,28.55131082651727,1.7793139745391349,False
resnet,1.0,10,0,0,1.0,65.00214070189098,3.590807549118983,False
resnet,1.0,10,0,1,0.8900021689241107,65.00214070189098,3.590807549118983,False
resnet,1.0,10,0,2,0.7703754300296927,65.00214070189098,3.590807549118983,False
resnet,1.0,10,0,3,0.6596053264071728,65.00214070189098,3.590807549118983,False
resnet,1.0,10,0,4,0.5476777782826014,65.00214070189098,3.590807549118983,False
resnet,1.0,10,0,5,0.4536367939456672,65.00214070189098,3.590807549118983,False
resnet,1.0,10,0,6,0.340496460509558,65.00214070189098,3.590807549118983,False
resnet,1.0,10,0,7,0.23539313148370236,65.00214070189098,3.590807549118983,False
resnet,1.0,10,0,8,0.16629115600644612,65.00214070189098,3.590807549118983,False
resnet,1.0,10,0,9,0.10997530762973223,65.00214070189098,3.590807549118983,False
resnet,1.0,10,0,10,0.06274552559251446,65.00214070189098,3.590807549118983,False
resnet,1.0,10,0,11,0.015167022919210226,65.00214070189098,3.590807549118983,False
resnet,1.0,10,0,12,0.0019509399139956466,65.00214070189098,3.590807549118983,False
resnet,1.0,10,0,13,0.031138829174306108,65.00214070189098,3.590807549118983,False
resnet,1.0,10,0,14,0.0758619009785011,65.00214070189098,3.590807549118983,False
resnet,1.0,10,0,15,0.12277031422017745,65.00214070189098,3.590807549118983,False
resnet,1.0,10,1,0,1.0,68.5886605342564,4.019654162908607,False
resnet,1.0,10,1,1,0.9202330393799076,68.5886605342564,4.019654162908607,False
resnet,1.0,10,1,2,0.8363938167669499,68.5886605342564,4.019654162908607,False
resnet,1.0,10,1,3,0.7559613105419788,68.5886605342564,4.019654162908607,False
resnet,1.0,10,1,4,0.6519018126990452,68.5886605342564,4.019654162908607,False
resnet,1.0,10,1,5,0.5559410450012467,68.5886605342564,4.019654162908607,False
resnet,1.0,10,1,6,0.4695262761902197,68.5886605342564,4.019654162908607,False
resnet,1.0,10,1,7,0.38959985695153593,68.5886605342564,4.019654162908607,False
resnet,1.0,10,1,8,0.313922164337923,68.5886605342564,4.019654162908607,False
resnet,1.0,10,1,9,0.2575824468343234,68.5886605342564,4.019654162908607,False
resnet,1.0,10,1,10,0.17266710672367397,68.5886605342564,4.019654162908607,False
resnet,1.0,10,1,11,0.09731977516042599,68.5886605342564,4.019654162908607,False
resnet,1.0,10,1,12,0.06516172690294421,68.5886605342564,4.019654162908607,False
resnet,1.0,10,1,13,0.042408321186900536,68.5886605342564,4.019654162908607,False
resnet,1.0,10,1,14,0.03204735891916676,68.5886605342564,4.019654162908607,False
resnet,1.0,10,1,15,0.030611328180598307,68.5886605342564,4.019654162908607,False
resnet,1.0,10,2,0,1.0,66.61854048278961,4.163570905933269,False
resnet,1.0,10,2,1,0.9274455272088428,66.61854048278961,4.163570905933269,False
resnet,1.0,10,2,2,0.8468125859630506,66.61854048278961,4.163570905933269,False
resnet,1.0,10,2,3,0.7758883742714547,66.61854048278961,4.163570905933269,False
resnet,1.0,10,2,4,0.7308310145039003,66.61854048278961,4.163570905933269,False
resnet,1.0,10,2,5,0.6994861185491512,66.61854048278961,4.163570905933269,False
resnet,1.0,10,2,6,0.6327921516741657,66.61854048278961,4.163570905933269,False
resnet,1.0,10,2,7,0.5492690178629988,66.61854048278961,4.163570905933269,False
resnet,1.0,10,2,8,0.4780036626570474,66.61854048278961,4.163570905933269,False
resnet,1.0,10,2,9,0.4196187936291552,66.61854048278961,4.163570905933269,False
resnet,1.0,10,2,10,0.3788593147255669,66.61854048278961,4.163570905933269,False
resnet,1.0,10,2,11,0.32982789771241255,66.61854048278961,4.163570905933269,False
resnet,1.0,10,2,12,0.28326500863294723,66.61854048278961,4.163570905933269,False
resnet,1.0,10,2,13,0.2252634895176457,66.61854048278961,4.163570905933269,False
resnet,1.0,10,2,14,0.1630994564231793,66.61854048278961,4.163570905933269,False
resnet,1.0,10,2,15,0.103367714303155,66.61854048278961,4.163570905933269,False
resnet,1.0,10,3,0,1.0,78.2154618114348,4.188981521549926,False
resnet,1.0,10,3,1,0.9264966271190336,78.2154618114348,4.188981521549926,False
resnet,1.0,10,3,2,0.8355204647120705,78.2154618114348,4.188981521549926,False
resnet,1.0,10,3,3,0.7312451623851003,78.2154618114348,4.188981521549926,False
resnet,1.0,10,3,4,0.6429385920448629,78.2154618114348,4.188981521549926,False
resnet,1.0,10,3,5,0.5739853277870965,78.2154618114348,4.188981521549926,False
resnet,1.0,10,3,6,0.5225490642510059,78.2154618114348,4.188981521549926,False
resnet,1.0,10,3,7,0.4706611734624965,78.2154618114348,4.188981521549926,False
resnet,1.0,10,3,8,0.4275987636866386,78.2154618114348,4.188981521549926,False
resnet,1.0,10,3,9,0.3894381251272089,78.2154618114348,4.188981521549926,False
resnet,1.0,10,3,10,0.3692819871496352,78.2154618114348,4.188981521549926,False
resnet,1.0,10,3,11,0.3618765270984928,78.2154618114348,4.188981521549926,False
resnet,1.0,10,3,12,0.3537526515085675,78.2154618114348,4.188981521549926,False
resnet,1.0,10,3,13,0.31956117626723485,78.2154618114348,4.188981521549926,False
resnet,1.0,10,3,14,0.27998544693461574,78.2154618114348,4.188981521549926,False
resnet,1.0,10,3,15,0.2416238631419351,78.2154618114348,4.188981521549926,False
resnet,1.0,10,4,0,1.0,89.36364745134779,5.312485925636366,False
resnet,1.0,10,4,1,0.9418297303175849,89.36364745134779,5.312485925636366,False
resnet,1.0,10,4,2,0.873062533465145,89.36364745134779,5.312485925636366,False
resnet,1.0,10,4,3,0.817273814636973,89.36364745134779,5.312485925636366,False
resnet,1.0,10,4,4,0.7638025630408741,89.36364745134779,5.312485925636366,False
resnet,1.0,10,4,5,0.7143376684495101,89.36364745134779,5.312485925636366,False
resnet,1.0,10,4,6,0.6537565907597154,89.36364745134779,5.312485925636366,False
resnet,1.0,10,4,7,0.5802160174930001,89.36364745134779,5.312485925636366,False
resnet,1.0,10,4,8,0.5033081053757582,89.36364745134779,5.312485925636366,False
resnet,1.0,10,4,9,0.4295829394932295,89.36364745134779,5.312485925636366,False
resnet,1.0,10,4,10,0.36121837868073153,89.36364745134779,5.312485925636366,False
resnet,1.0,10,4,11,0.28200591701812155,89.36364745134779,5.312485925636366,False
resnet,1.0,10,4,12,0.21861052191360208,89.36364745134779,5.312485925636366,False
resnet,1.0,10,4,13,0.17106644641758603,89.36364745134779,5.312485925636366,False
resnet,1.0,10,4,14,0.13169149779921255,89.36364745134779,5.312485925636366,False
resnet,1.0,10,4,15,0.12127638878464858,89.36364745134779,5.312485925636366,False
resnet,1.0,10,5,0,1.0,71.56803632340703,3.838726240526823,False
resnet,1.0,10,5,1,0.9191808915370291,71.56803632340703,3.838726240526823,False
resnet,1.0,10,5,2,0.8509395144840177,71.56803632340703,3.838726240526823,False
resnet,1.0,10,5,3,0.7913584566461089,71.56803632340703,3.838726240526823,False
resnet,1.0,10,5,4,0.7071133983002484,71.56803632340703,3.838726240526823,False
resnet,1.0,10,5,5,0.6130711320377781,71.56803632340703,3.838726240526823,False
resnet,1.0,10,5,6,0.5478685915503483,71.56803632340703,3.838726240526823,False
resnet,1.0,10,5,7,0.5044437008554594,71.56803632340703,3.838726240526823,False
resnet,1.0,10,5,8,0.45508439068933537,71.56803632340703,3.838726240526823,False
resnet,1.0,10,5,9,0.42168582055658965,71.56803632340703,3.838726240526823,False
resnet,1.0,10,5,10,0.38569520058020346,71.56803632340703,3.838726240526823,False
resnet,1.0,10,5,11,0.34755157430272166,71.56803632340703,3.838726240526823,False
resnet,1.0,10,5,12,0.30813248943100363,71.56803632340703,3.838726240526823,False
resnet,1.0,10,5,13,0.25668409248199364,71.56803632340703,3.838726240526823,False
resnet,1.0,10,5,14,0.21607978386565482,71.56803632340703,3.838726240526823,False
resnet,1.0,10,5,15,0.16786960704369713,71.56803632340703,3.838726240526823,False
resnet,1.0,10,6,0,1.0,71.38883868094229,3.9378396019277218,False
resnet,1.0,10,6,1,0.9310752124948916,71.38883868094229,3.9378396019277218,False
resnet,1.0,10,6,2,0.876053226773339,71.38883868094229,3.9378396019277218,False
resnet,1.0,10,6,3,0.8342296270747072,71.38883868094229,3.9378396019277218,False
resnet,1.0,10,6,4,0.7903252791433748,71.38883868094229,3.9378396019277218,False
resnet,1.0,10,6,5,0.7790539196955097,71.38883868094229,3.9378396019277218,False
resnet,1.0,10,6,6,0.7639096483235114,71.38883868094229,3.9378396019277218,False
resnet,1.0,10,6,7,0.7375938722771207,71.38883868094229,3.9378396019277218,False
resnet,1.0,10,6,8,0.7259296864262227,71.38883868094229,3.9378396019277218,False
resnet,1.0,10,6,9,0.698788554898973,71.38883868094229,3.9378396019277218,False
resnet,1.0,10,6,10,0.6780963565008724,71.38883868094229,3.9378396019277218,False
resnet,1.0,10,6,11,0.6698359238968106,71.38883868094229,3.9378396019277218,False
resnet,1.0,10,6,12,0.6523869048460459,71.38883868094229,3.9378396019277218,False
resnet,1.0,10,6,13,0.6302949012430957,71.38883868094229,3.9378396019277218,False
resnet,1.0,10,6,14,0.6192979328833198,71.38883868094229,3.9378396019277218,False
resnet,1.0,10,6,15,0.5970994042656997,71.38883868094229,3.9378396019277218,False
resnet,1.0,10,7,0,1.0,70.2509079881296,4.229953713543515,False
resnet,1.0,10,7,1,0.9112181451080064,70.2509079881296,4.229953713543515,False
resnet,1.0,10,7,2,0.8228858507730856,70.2509079881296,4.229953713543515,False
resnet,1.0,10,7,3,0.7687274721219637,70.2509079881296,4.229953713543515,False
resnet,1.0,10,7,4,0.7347764483198943,70.2509079881296,4.229953713543515,False
resnet,1.0,10,7,5,0.7010522095976569,70.2509079881296,4.229953713543515,False
resnet,1.0,10,7,6,0.6599546697825142,70.2509079881296,4.229953713543515,False
resnet,1.0,10,7,7,0.6281424242734354,70.2509079881296,4.229953713543515,False
resnet,1.0,10,7,8,0.6422698301020631,70.2509079881296,4.229953713543515,False
resnet,1.0,10,7,9,0.6475125489456646,70.2509079881296,4.229953713543515,False
resnet,1.0,10,7,10,0.6375081436049052,70.2509079881296,4.229953713543515,False
resnet,1.0,10,7,11,0.6414887580002201,70.2509079881296,4.229953713543515,False
resnet,1.0,10,7,12,0.6262355417415604,70.2509079881296,4.229953713543515,False
resnet,1.0,10,7,13,0.5910814771831606,70.2509079881296,4.229953713543515,False
resnet,1.0,10,7,14,0.5570955700092567,70.2509079881296,4.229953713543515,False
resnet,1.0,10,7,15,0.5297884885931414,70.2509079881296,4.229953713543515,False
resnet,1.0,10,8,0,1.0,96.28372161230804,5.7062874514429085,False
resnet,1.0,10,8,1,0.9522127841775379,96.28372161230804,5.7062874514429085,False
resnet,1.0,10,8,2,0.9148897878407067,96.28372161230804,5.7062874514429085,False
resnet,1.0,10,8,3,0.8691617140348177,96.28372161230804,5.7062874514429085,False
resnet,1.0,10,8,4,0.8335584172416385,96.28372161230804,5.7062874514429085,False
resnet,1.0,10,8,5,0.7945626802185312,96.28372161230804,5.7062874514429085,False
resnet,1.0,10,8,6,0.7604791871987031,96.28372161230804,5.7062874514429085,False
resnet,1.0,10,8,7,0.7141294100653606,96.28372161230804,5.7062874514429085,False
resnet,1.0,10,8,8,0.6586534762076305,96.28372161230804,5.7062874514429085,False
resnet,1.0,10,8,9,0.6101720140243185,96.28372161230804,5.7062874514429085,False
resnet,1.0,10,8,10,0.5655101689922547,96.28372161230804,5.7062874514429085,False
resnet,1.0,10,8,11,0.5281060926350978,96.28372161230804,5.7062874514429085,False
resnet,1.0,10,8,12,0.48681882160586165,96.28372161230804,5.7062874514429085,False
resnet,1.0,10,8,13,0.45066743365686446,96.28372161230804,5.7062874514429085,False
resnet,1.0,10,8,14,0.41952439099227745,96.28372161230804,5.7062874514429085,False
resnet,1.0,10,8,15,0.389560958619746,96.28372161230804,5.7062874514429085,False
resnet,1.0,10,9,0,1.0,139.21498938491536,7.255987875147648,False
resnet,1.0,10,9,1,0.9715950944864281,139.21498938491536,7.255987875147648,False
resnet,1.0,10,9,2,0.9382022553805496,139.21498938491536,7.255987875147648,False
resnet,1.0,10,9,3,0.8940687753227525,139.21498938491536,7.255987875147648,False
resnet,1.0,10,9,4,0.8385673762347157,139.21498938491536,7.255987875147648,False
resnet,1.0,10,9,5,0.7769160519696081,139.21498938491536,7.255987875147648,False
resnet,1.0,10,9,6,0.713079490003276,139.21498938491536,7.255987875147648,False
resnet,1.0,10,9,7,0.6534166232398695,139.21498938491536,7.255987875147648,False
resnet,1.0,10,9,8,0.5933865027850759,139.21498938491536,7.255987875147648,False
resnet,1.0,10,9,9,0.5399699335880318,139.21498938491536,7.255987875147648,False
resnet,1.0,10,9,10,0.4919706383197684,139.21498938491536,7.255987875147648,False
resnet,1.0,10,9,11,0.45008925854066495,139.21498938491536,7.255987875147648,False
resnet,1.0,10,9,12,0.41158613429609797,139.21498938491536,7.255987875147648,False
resnet,1.0,10,9,13,0.37136961123397977,139.21498938491536,7.255987875147648,False
resnet,1.0,10,9,14,0.34027295687937803,139.21498938491536,7.255987875147648,False
resnet,1.0,10,9,15,0.31013176477248583,139.21498938491536,7.255987875147648,False
resnet,1.0,10,10,0,1.0,113.85319129142566,6.8814709724051015,False
resnet,1.0,10,10,1,0.9780532966937909,113.85319129142566,6.8814709724051015,False
resnet,1.0,10,10,2,0.9560165438220483,113.85319129142566,6.8814709724051015,False
resnet,1.0,10,10,3,0.93560168178589,113.85319129142566,6.8814709724051015,False
resnet,1.0,10,10,4,0.9109984606433634,113.85319129142566,6.8814709724051015,False
resnet,1.0,10,10,5,0.8931251069382593,113.85319129142566,6.8814709724051015,False
resnet,1.0,10,10,6,0.8736004136032213,113.85319129142566,6.8814709724051015,False
resnet,1.0,10,10,7,0.8479551304405788,113.85319129142566,6.8814709724051015,False
resnet,1.0,10,10,8,0.8258922663910501,113.85319129142566,6.8814709724051015,False
resnet,1.0,10,10,9,0.794053610444398,113.85319129142566,6.8814709724051015,False
resnet,1.0,10,10,10,0.7644848241972583,113.85319129142566,6.8814709724051015,False
resnet,1.0,10,10,11,0.7371575957034243,113.85319129142566,6.8814709724051015,False
resnet,1.0,10,10,12,0.7113318156655368,113.85319129142566,6.8814709724051015,False
resnet,1.0,10,10,13,0.6903719190645167,113.85319129142566,6.8814709724051015,False
resnet,1.0,10,10,14,0.6673563203924968,113.85319129142566,6.8814709724051015,False
resnet,1.0,10,10,15,0.6367857357671158,113.85319129142566,6.8814709724051015,False
resnet,1.0,10,11,0,1.0,70.70145122900593,4.396345879290293,False
resnet,1.0,10,11,1,0.9447110485157223,70.70145122900593,4.396345879290293,False
resnet,1.0,10,11,2,0.8856586571680888,70.70145122900593,4.396345879290293,False
resnet,1.0,10,11,3,0.8415562531483061,70.70145122900593,4.396345879290293,False
resnet,1.0,10,11,4,0.7854910823225131,70.70145122900593,4.396345879290293,False
resnet,1.0,10,11,5,0.7229396404224927,70.70145122900593,4.396345879290293,False
resnet,1.0,10,11,6,0.6597841795317418,70.70145122900593,4.396345879290293,False
resnet,1.0,10,11,7,0.6008754670400104,70.70145122900593,4.396345879290293,False
resnet,1.0,10,11,8,0.5396346188882107,70.70145122900593,4.396345879290293,False
resnet,1.0,10,11,9,0.4774272986076196,70.70145122900593,4.396345879290293,False
resnet,1.0,10,11,10,0.4175046024267817,70.70145122900593,4.396345879290293,False
resnet,1.0,10,11,11,0.3694043436692236,70.70145122900593,4.396345879290293,False
resnet,1.0,10,11,12,0.3205533080413859,70.70145122900593,4.396345879290293,False
resnet,1.0,10,11,13,0.25523753830424234,70.70145122900593,4.396345879290293,False
resnet,1.0,10,11,14,0.19733418620197637,70.70145122900593,4.396345879290293,False
resnet,1.0,10,11,15,0.1484530236434054,70.70145122900593,4.396345879290293,False
resnet,1.0,10,12,0,1.0,96.38346285005879,5.041576518696975,False
resnet,1.0,10,12,1,0.9484133126886972,96.38346285005879,5.041576518696975,False
resnet,1.0,10,12,2,0.8965012794477948,96.38346285005879,5.041576518696975,False
resnet,1.0,10,12,3,0.8510858956103508,96.38346285005879,5.041576518696975,False
resnet,1.0,10,12,4,0.7879605848143677,96.38346285005879,5.041576518696975,False
resnet,1.0,10,12,5,0.7274306311998592,96.38346285005879,5.041576518696975,False
resnet,1.0,10,12,6,0.6586912324045888,96.38346285005879,5.041576518696975,False
resnet,1.0,10,12,7,0.599251684340707,96.38346285005879,5.041576518696975,False
resnet,1.0,10,12,8,0.549860339671621,96.38346285005879,5.041576518696975,False
resnet,1.0,10,12,9,0.4825650212482209,96.38346285005879,5.041576518696975,False
resnet,1.0,10,12,10,0.4245871481253473,96.38346285005879,5.041576518696975,False
resnet,1.0,10,12,11,0.3690756760864354,96.38346285005879,5.041576518696975,False
resnet,1.0,10,12,12,0.2994860169000979,96.38346285005879,5.041576518696975,False
resnet,1.0,10,12,13,0.22124909033387422,96.38346285005879,5.041576518696975,False
resnet,1.0,10,12,14,0.13374317203898603,96.38346285005879,5.041576518696975,False
resnet,1.0,10,12,15,0.05059705596444333,96.38346285005879,5.041576518696975,False
resnet,1.0,10,13,0,1.0,94.2024447960767,5.774148115796155,False
resnet,1.0,10,13,1,0.961368000003738,94.2024447960767,5.774148115796155,False
resnet,1.0,10,13,2,0.9225637563440994,94.2024447960767,5.774148115796155,False
resnet,1.0,10,13,3,0.8780593578992647,94.2024447960767,5.774148115796155,False
resnet,1.0,10,13,4,0.8433008061918773,94.2024447960767,5.774148115796155,False
resnet,1.0,10,13,5,0.8032783462673834,94.2024447960767,5.774148115796155,False
resnet,1.0,10,13,6,0.7629459565986733,94.2024447960767,5.774148115796155,False
resnet,1.0,10,13,7,0.7355205420217824,94.2024447960767,5.774148115796155,False
resnet,1.0,10,13,8,0.7152340706598481,94.2024447960767,5.774148115796155,False
resnet,1.0,10,13,9,0.6954416527466282,94.2024447960767,5.774148115796155,False
resnet,1.0,10,13,10,0.6644496031991671,94.2024447960767,5.774148115796155,False
resnet,1.0,10,13,11,0.6451393226726307,94.2024447960767,5.774148115796155,False
resnet,1.0,10,13,12,0.6187988792337836,94.2024447960767,5.774148115796155,False
resnet,1.0,10,13,13,0.6014962071485185,94.2024447960767,5.774148115796155,False
resnet,1.0,10,13,14,0.5805881752001102,94.2024447960767,5.774148115796155,False
resnet,1.0,10,13,15,0.5682683305350033,94.2024447960767,5.774148115796155,False
resnet,1.0,10,14,0,1.0,103.03887310877779,5.61707600241048,False
resnet,1.0,10,14,1,0.9486535601403734,103.03887310877779,5.61707600241048,False
resnet,1.0,10,14,2,0.9055972416926,103.03887310877779,5.61707600241048,False
resnet,1.0,10,14,3,0.8603491072961992,103.03887310877779,5.61707600241048,False
resnet,1.0,10,14,4,0.8181809893466119,103.03887310877779,5.61707600241048,False
resnet,1.0,10,14,5,0.7806290199392882,103.03887310877779,5.61707600241048,False
resnet,1.0,10,14,6,0.7521677620295032,103.03887310877779,5.61707600241048,False
resnet,1.0,10,14,7,0.7271389238940547,103.03887310877779,5.61707600241048,False
resnet,1.0,10,14,8,0.7060747982858842,103.03887310877779,5.61707600241048,False
resnet,1.0,10,14,9,0.6648098310319267,103.03887310877779,5.61707600241048,False
resnet,1.0,10,14,10,0.6215969346289762,103.03887310877779,5.61707600241048,False
resnet,1.0,10,14,11,0.582790444763714,103.03887310877779,5.61707600241048,False
resnet,1.0,10,14,12,0.5471685982876359,103.03887310877779,5.61707600241048,False
resnet,1.0,10,14,13,0.5175633660829493,103.03887310877779,5.61707600241048,False
resnet,1.0,10,14,14,0.48027431805340987,103.03887310877779,5.61707600241048,False
resnet,1.0,10,14,15,0.46085387425674385,103.03887310877779,5.61707600241048,False
resnet,1.0,10,15,0,1.0,64.28858276867814,3.8302470762159873,False
resnet,1.0,10,15,1,0.9436989626081322,64.28858276867814,3.8302470762159873,False
resnet,1.0,10,15,2,0.8924392366101513,64.28858276867814,3.8302470762159873,False
resnet,1.0,10,15,3,0.8526427153568833,64.28858276867814,3.8302470762159873,False
resnet,1.0,10,15,4,0.819713205749936,64.28858276867814,3.8302470762159873,False
resnet,1.0,10,15,5,0.7738816223686563,64.28858276867814,3.8302470762159873,False
resnet,1.0,10,15,6,0.7208305967933801,64.28858276867814,3.8302470762159873,False
resnet,1.0,10,15,7,0.6662326224515729,64.28858276867814,3.8302470762159873,False
resnet,1.0,10,15,8,0.61907519998542,64.28858276867814,3.8302470762159873,False
resnet,1.0,10,15,9,0.5794156489174945,64.28858276867814,3.8302470762159873,False
resnet,1.0,10,15,10,0.5360432793377198,64.28858276867814,3.8302470762159873,False
resnet,1.0,10,15,11,0.48569841055060564,64.28858276867814,3.8302470762159873,False
resnet,1.0,10,15,12,0.42998481124951604,64.28858276867814,3.8302470762159873,False
resnet,1.0,10,15,13,0.3864039036858865,64.28858276867814,3.8302470762159873,False
resnet,1.0,10,15,14,0.33764670281343295,64.28858276867814,3.8302470762159873,False
resnet,1.0,10,15,15,0.2924820237241377,64.28858276867814,3.8302470762159873,False
resnet,1.0,10,16,0,1.0,121.28998522452567,5.719164268103218,False
resnet,1.0,10,16,1,0.9729925324918444,121.28998522452567,5.719164268103218,False
resnet,1.0,10,16,2,0.9498599739654848,121.28998522452567,5.719164268103218,False
resnet,1.0,10,16,3,0.9270462378159633,121.28998522452567,5.719164268103218,False
resnet,1.0,10,16,4,0.9052590430161354,121.28998522452567,5.719164268103218,False
resnet,1.0,10,16,5,0.8835387953135013,121.28998522452567,5.719164268103218,False
resnet,1.0,10,16,6,0.8665925250023873,121.28998522452567,5.719164268103218,False
resnet,1.0,10,16,7,0.8461120891313523,121.28998522452567,5.719164268103218,False
resnet,1.0,10,16,8,0.8282962433821965,121.28998522452567,5.719164268103218,False
resnet,1.0,10,16,9,0.8138337880479389,121.28998522452567,5.719164268103218,False
resnet,1.0,10,16,10,0.7970895317593745,121.28998522452567,5.719164268103218,False
resnet,1.0,10,16,11,0.7769629936218906,121.28998522452567,5.719164268103218,False
resnet,1.0,10,16,12,0.760068554096356,121.28998522452567,5.719164268103218,False
resnet,1.0,10,16,13,0.7376904366845353,121.28998522452567,5.719164268103218,False
resnet,1.0,10,16,14,0.7116861531392408,121.28998522452567,5.719164268103218,False
resnet,1.0,10,16,15,0.6894281587778764,121.28998522452567,5.719164268103218,False
resnet,1.0,10,17,0,1.0,58.496539922724814,3.613909147205247,False
resnet,1.0,10,17,1,0.920883308732445,58.496539922724814,3.613909147205247,False
resnet,1.0,10,17,2,0.8703377208037782,58.496539922724814,3.613909147205247,False
resnet,1.0,10,17,3,0.8446784510746459,58.496539922724814,3.613909147205247,False
resnet,1.0,10,17,4,0.7998845027243954,58.496539922724814,3.613909147205247,False
resnet,1.0,10,17,5,0.7561717951538072,58.496539922724814,3.613909147205247,False
resnet,1.0,10,17,6,0.7252184490664764,58.496539922724814,3.613909147205247,False
resnet,1.0,10,17,7,0.7048886227848994,58.496539922724814,3.613909147205247,False
resnet,1.0,10,17,8,0.674397186603314,58.496539922724814,3.613909147205247,False
resnet,1.0,10,17,9,0.6530062040151338,58.496539922724814,3.613909147205247,False
resnet,1.0,10,17,10,0.6376033300092662,58.496539922724814,3.613909147205247,False
resnet,1.0,10,17,11,0.5924301753036016,58.496539922724814,3.613909147205247,False
resnet,1.0,10,17,12,0.544724129992508,58.496539922724814,3.613909147205247,False
resnet,1.0,10,17,13,0.5075554994247536,58.496539922724814,3.613909147205247,False
resnet,1.0,10,17,14,0.4882140949152184,58.496539922724814,3.613909147205247,False
resnet,1.0,10,17,15,0.4543497581886093,58.496539922724814,3.613909147205247,False
resnet,1.0,10,18,0,1.0,99.69726865466545,5.708383786256249,False
resnet,1.0,10,18,1,0.9383897369189736,99.69726865466545,5.708383786256249,False
resnet,1.0,10,18,2,0.8808744847166713,99.69726865466545,5.708383786256249,False
resnet,1.0,10,18,3,0.8278465833205854,99.69726865466545,5.708383786256249,False
resnet,1.0,10,18,4,0.7692102205318638,99.69726865466545,5.708383786256249,False
resnet,1.0,10,18,5,0.7226873232054198,99.69726865466545,5.708383786256249,False
resnet,1.0,10,18,6,0.6713981964239727,99.69726865466545,5.708383786256249,False
resnet,1.0,10,18,7,0.6241829377320532,99.69726865466545,5.708383786256249,False
resnet,1.0,10,18,8,0.5831616369956205,99.69726865466545,5.708383786256249,False
resnet,1.0,10,18,9,0.5549848719326523,99.69726865466545,5.708383786256249,False
resnet,1.0,10,18,10,0.5144904641414351,99.69726865466545,5.708383786256249,False
resnet,1.0,10,18,11,0.4714999342168767,99.69726865466545,5.708383786256249,False
resnet,1.0,10,18,12,0.41917259325861145,99.69726865466545,5.708383786256249,False
resnet,1.0,10,18,13,0.3790583570889711,99.69726865466545,5.708383786256249,False
resnet,1.0,10,18,14,0.3466895881771512,99.69726865466545,5.708383786256249,False
resnet,1.0,10,18,15,0.30951505321548967,99.69726865466545,5.708383786256249,False
resnet,1.0,10,19,0,1.0,79.99203445628999,4.952002541221906,False
resnet,1.0,10,19,1,0.9627776997177327,79.99203445628999,4.952002541221906,False
resnet,1.0,10,19,2,0.9245669637693681,79.99203445628999,4.952002541221906,False
resnet,1.0,10,19,3,0.8831837170503601,79.99203445628999,4.952002541221906,False
resnet,1.0,10,19,4,0.8480679365886473,79.99203445628999,4.952002541221906,False
resnet,1.0,10,19,5,0.8244400296775091,79.99203445628999,4.952002541221906,False
resnet,1.0,10,19,6,0.7887761893389252,79.99203445628999,4.952002541221906,False
resnet,1.0,10,19,7,0.7480595723518781,79.99203445628999,4.952002541221906,False
resnet,1.0,10,19,8,0.6927988033182163,79.99203445628999,4.952002541221906,False
resnet,1.0,10,19,9,0.6392145462058167,79.99203445628999,4.952002541221906,False
resnet,1.0,10,19,10,0.5883075443318193,79.99203445628999,4.952002541221906,False
resnet,1.0,10,19,11,0.5325201675345143,79.99203445628999,4.952002541221906,False
resnet,1.0,10,19,12,0.4785038000250953,79.99203445628999,4.952002541221906,False
resnet,1.0,10,19,13,0.42531137689890014,79.99203445628999,4.952002541221906,False
resnet,1.0,10,19,14,0.3691742349674472,79.99203445628999,4.952002541221906,False
resnet,1.0,10,19,15,0.31527977008664587,79.99203445628999,4.952002541221906,False
resnet,1.0,24,0,0,1.0,90.47752911972302,5.629447824270127,False
resnet,1.0,24,0,1,0.8219160478388434,90.47752911972302,5.629447824270127,False
resnet,1.0,24,0,2,0.7105764377293488,90.47752911972302,5.629447824270127,False
resnet,1.0,24,0,3,0.5996048162913465,90.47752911972302,5.629447824270127,False
resnet,1.0,24,0,4,0.4664943571959102,90.47752911972302,5.629447824270127,False
resnet,1.0,24,0,5,0.39517295422758925,90.47752911972302,5.629447824270127,False
resnet,1.0,24,0,6,0.3211860256199085,90.47752911972302,5.629447824270127,False
resnet,1.0,24,0,7,0.28137114678196334,90.47752911972302,5.629447824270127,False
resnet,1.0,24,0,8,0.24194436793407445,90.47752911972302,5.629447824270127,False
resnet,1.0,24,0,9,0.18941777968560122,90.47752911972302,5.629447824270127,False
resnet,1.0,24,0,10,0.18702103965473033,90.47752911972302,5.629447824270127,False
resnet,1.0,24,0,11,0.1379069464088867,90.47752911972302,5.629447824270127,False
resnet,1.0,24,0,12,0.11922219548107602,90.47752911972302,5.629447824270127,False
resnet,1.0,24,0,13,0.07290293171886877,90.47752911972302,5.629447824270127,False
resnet,1.0,24,0,14,0.018567344630674235,90.47752911972302,5.629447824270127,False
resnet,1.0,24,0,15,-0.01860733712962534,90.47752911972302,5.629447824270127,False
resnet,1.0,24,1,0,1.0,147.72166506552358,9.229333275303532,False
resnet,1.0,24,1,1,0.9332873067361497,147.72166506552358,9.229333275303532,False
resnet,1.0,24,1,2,0.8863302641975888,147.72166506552358,9.229333275303532,False
resnet,1.0,24,1,3,0.8375455480773276,147.72166506552358,9.229333275303532,False
resnet,1.0,24,1,4,0.8037762062895877,147.72166506552358,9.229333275303532,False
resnet,1.0,24,1,5,0.7640260365886168,147.72166506552358,9.229333275303532,False
resnet,1.0,24,1,6,0.7123096492541858,147.72166506552358,9.229333275303532,False
resnet,1.0,24,1,7,0.6567436058204671,147.72166506552358,9.229333275303532,False
resnet,1.0,24,1,8,0.6167173854561073,147.72166506552358,9.229333275303532,False
resnet,1.0,24,1,9,0.5874208091220383,147.72166506552358,9.229333275303532,False
resnet,1.0,24,1,10,0.5361305936327179,147.72166506552358,9.229333275303532,False
resnet,1.0,24,1,11,0.49632816028516347,147.72166506552358,9.229333275303532,False
resnet,1.0,24,1,12,0.4494010536773393,147.72166506552358,9.229333275303532,False
resnet,1.0,24,1,13,0.4230305720666542,147.72166506552358,9.229333275303532,False
resnet,1.0,24,1,14,0.4089903903764105,147.72166506552358,9.229333275303532,False
resnet,1.0,24,1,15,0.37648727243301194,147.72166506552358,9.229333275303532,False
resnet,1.0,24,2,0,1.0,128.4618332215167,8.006610821878098,False
resnet,1.0,24,2,1,0.9353787921899236,128.4618332215167,8.006610821878098,False
resnet,1.0,24,2,2,0.884159643648542,128.4618332215167,8.006610821878098,False
resnet,1.0,24,2,3,0.839334069287798,128.4618332215167,8.006610821878098,False
resnet,1.0,24,2,4,0.797490983679074,128.4618332215167,8.006610821878098,False
resnet,1.0,24,2,5,0.762510895562743,128.4618332215167,8.006610821878098,False
resnet,1.0,24,2,6,0.7211622469156945,128.4618332215167,8.006610821878098,False
resnet,1.0,24,2,7,0.6732411863378781,128.4618332215167,8.006610821878098,False
resnet,1.0,24,2,8,0.6282337369538356,128.4618332215167,8.006610821878098,False
resnet,1.0,24,2,9,0.5973475342252951,128.4618332215167,8.006610821878098,False
resnet,1.0,24,2,10,0.5517108203617722,128.4618332215167,8.006610821878098,False
resnet,1.0,24,2,11,0.5010579767410249,128.4618332215167,8.006610821878098,False
resnet,1.0,24,2,12,0.4574060213364562,128.4618332215167,8.006610821878098,False
resnet,1.0,24,2,13,0.42116756127030036,128.4618332215167,8.006610821878098,False
resnet,1.0,24,2,14,0.38573589515819184,128.4618332215167,8.006610821878098,False
resnet,1.0,24,2,15,0.3349265746665111,128.4618332215167,8.006610821878098,False
resnet,1.0,24,3,0,1.0,169.01442065926437,9.951240006880992,False
resnet,1.0,24,3,1,0.9487588345464376,169.01442065926437,9.951240006880992,False
resnet,1.0,24,3,2,0.8828807261758245,169.01442065926437,9.951240006880992,False
resnet,1.0,24,3,3,0.8105335688653253,169.01442065926437,9.951240006880992,False
resnet,1.0,24,3,4,0.7453128409559759,169.01442065926437,9.951240006880992,False
resnet,1.0,24,3,5,0.6933632538713683,169.01442065926437,9.951240006880992,False
resnet,1.0,24,3,6,0.6434079795512155,169.01442065926437,9.951240006880992,False
resnet,1.0,24,3,7,0.5902628994380513,169.01442065926437,9.951240006880992,False
resnet,1.0,24,3,8,0.5364896442057315,169.01442065926437,9.951240006880992,False
resnet,1.0,24,3,9,0.4606094175812249,169.01442065926437,9.951240006880992,False
resnet,1.0,24,3,10,0.37880985211906504,169.01442065926437,9.951240006880992,False
resnet,1.0,24,3,11,0.2935070547525624,169.01442065926437,9.951240006880992,False
resnet,1.0,24,3,12,0.21784154120338486,169.01442065926437,9.951240006880992,False
resnet,1.0,24,3,13,0.15007493005823225,169.01442065926437,9.951240006880992,False
resnet,1.0,24,3,14,0.08819871957591514,169.01442065926437,9.951240006880992,False
resnet,1.0,24,3,15,0.024465300010340044,169.01442065926437,9.951240006880992,False
resnet,1.0,24,4,0,1.0,131.60813583174883,8.224709540293704,False
resnet,1.0,24,4,1,0.9057020374629203,131.60813583174883,8.224709540293704,False
resnet,1.0,24,4,2,0.8200402425209139,131.60813583174883,8.224709540293704,False
resnet,1.0,24,4,3,0.7541802394432333,131.60813583174883,8.224709540293704,False
resnet,1.0,24,4,4,0.674642604584089,131.60813583174883,8.224709540293704,False
resnet,1.0,24,4,5,0.6076761210335899,131.60813583174883,8.224709540293704,False
resnet,1.0,24,4,6,0.5678345268762125,131.60813583174883,8.224709540293704,False
resnet,1.0,24,4,7,0.5125191753298546,131.60813583174883,8.224709540293704,False
resnet,1.0,24,4,8,0.4304974525122265,131.60813583174883,8.224709540293704,False
resnet,1.0,24,4,9,0.3599353022685956,131.60813583174883,8.224709540293704,False
resnet,1.0,24,4,10,0.3154644528723793,131.60813583174883,8.224709540293704,False
resnet,1.0,24,4,11,0.2990611259820648,131.60813583174883,8.224709540293704,False
resnet,1.0,24,4,12,0.3072283200471194,131.60813583174883,8.224709540293704,False
resnet,1.0,24,4,13,0.33142637963399757,131.60813583174883,8.224709540293704,False
resnet,1.0,24,4,14,0.3388379402842511,131.60813583174883,8.224709540293704,False
resnet,1.0,24,4,15,0.3303236835827948,131.60813583174883,8.224709540293704,False
resnet,1.0,24,5,0,1.0,182.521357673784,11.36482584956366,False
resnet,1.0,24,5,1,0.9596041283408702,182.521357673784,11.36482584956366,False
resnet,1.0,24,5,2,0.9163660620931006,182.521357673784,11.36482584956366,False
resnet,1.0,24,5,3,0.864865609298961,182.521357673784,11.36482584956366,False
resnet,1.0,24,5,4,0.8127572981579925,182.521357673784,11.36482584956366,False
resnet,1.0,24,5,5,0.7580677020982782,182.521357673784,11.36482584956366,False
resnet,1.0,24,5,6,0.707707418844029,182.521357673784,11.36482584956366,False
resnet,1.0,24,5,7,0.6611476201575115,182.521357673784,11.36482584956366,False
resnet,1.0,24,5,8,0.6183789447152529,182.521357673784,11.36482584956366,False
resnet,1.0,24,5,9,0.5863024705111255,182.521357673784,11.36482584956366,False
resnet,1.0,24,5,10,0.5556397762503164,182.521357673784,11.36482584956366,False
resnet,1.0,24,5,11,0.5190440418814024,182.521357673784,11.36482584956366,False
resnet,1.0,24,5,12,0.5016004352606406,182.521357673784,11.36482584956366,False
resnet,1.0,24,5,13,0.4890417834784469,182.521357673784,11.36482584956366,False
resnet,1.0,24,5,14,0.486614316150721,182.521357673784,11.36482584956366,False
resnet,1.0,24,5,15,0.47596205975482436,182.521357673784,11.36482584956366,False
resnet,1.0,24,6,0,1.0,154.5068026400762,9.32379468224211,False
resnet,1.0,24,6,1,0.9464114855693821,154.5068026400762,9.32379468224211,False
resnet,1.0,24,6,2,0.9164914902432173,154.5068026400762,9.32379468224211,False
resnet,1.0,24,6,3,0.8844356165094276,154.5068026400762,9.32379468224211,False
resnet,1.0,24,6,4,0.8544347515425152,154.5068026400762,9.32379468224211,False
resnet,1.0,24,6,5,0.8195804978041403,154.5068026400762,9.32379468224211,False
resnet,1.0,24,6,6,0.7922431189835445,154.5068026400762,9.32379468224211,False
resnet,1.0,24,6,7,0.769918902061938,154.5068026400762,9.32379468224211,False
resnet,1.0,24,6,8,0.7372675963551624,154.5068026400762,9.32379468224211,False
resnet,1.0,24,6,9,0.6983221764530155,154.5068026400762,9.32379468224211,False
resnet,1.0,24,6,10,0.6707116991632912,154.5068026400762,9.32379468224211,False
resnet,1.0,24,6,11,0.6410163745854708,154.5068026400762,9.32379468224211,False
resnet,1.0,24,6,12,0.6047136410199074,154.5068026400762,9.32379468224211,False
resnet,1.0,24,6,13,0.5779626483945055,154.5068026400762,9.32379468224211,False
resnet,1.0,24,6,14,0.5404673236344046,154.5068026400762,9.32379468224211,False
resnet,1.0,24,6,15,0.5169846736609643,154.5068026400762,9.32379468224211,False
resnet,1.0,24,7,0,1.0,138.17727575891405,8.361152524944133,False
resnet,1.0,24,7,1,0.9048761334852709,138.17727575891405,8.361152524944133,False
resnet,1.0,24,7,2,0.8346102676133128,138.17727575891405,8.361152524944133,False
resnet,1.0,24,7,3,0.7607489316537503,138.17727575891405,8.361152524944133,False
resnet,1.0,24,7,4,0.6760296192705844,138.17727575891405,8.361152524944133,False
resnet,1.0,24,7,5,0.6203398378633191,138.17727575891405,8.361152524944133,False
resnet,1.0,24,7,6,0.5808239149917257,138.17727575891405,8.361152524944133,False
resnet,1.0,24,7,7,0.529421012757916,138.17727575891405,8.361152524944133,False
resnet,1.0,24,7,8,0.4852512214701405,138.17727575891405,8.361152524944133,False
resnet,1.0,24,7,9,0.43908899407916185,138.17727575891405,8.361152524944133,False
resnet,1.0,24,7,10,0.3795571062782298,138.17727575891405,8.361152524944133,False
resnet,1.0,24,7,11,0.3470568593365609,138.17727575891405,8.361152524944133,False
resnet,1.0,24,7,12,0.30408424932824124,138.17727575891405,8.361152524944133,False
resnet,1.0,24,7,13,0.25766863920673083,138.17727575891405,8.361152524944133,False
resnet,1.0,24,7,14,0.23764550383736296,138.17727575891405,8.361152524944133,False
resnet,1.0,24,7,15,0.20897819561885853,138.17727575891405,8.361152524944133,False
resnet,1.0,24,8,0,1.0,166.6737013056833,10.013427657135905,False
resnet,1.0,24,8,1,0.9155059425374098,166.6737013056833,10.013427657135905,False
resnet,1.0,24,8,2,0.822499478513158,166.6737013056833,10.013427657135905,False
resnet,1.0,24,8,3,0.7207434782366681,166.6737013056833,10.013427657135905,False
resnet,1.0,24,8,4,0.6203917925162252,166.6737013056833,10.013427657135905,False
resnet,1.0,24,8,5,0.5318120587554571,166.6737013056833,10.013427657135905,False
resnet,1.0,24,8,6,0.4455963185882858,166.6737013056833,10.013427657135905,False
resnet,1.0,24,8,7,0.3824684922674062,166.6737013056833,10.013427657135905,False
resnet,1.0,24,8,8,0.3321555497910605,166.6737013056833,10.013427657135905,False
resnet,1.0,24,8,9,0.31313113985684976,166.6737013056833,10.013427657135905,False
resnet,1.0,24,8,10,0.29993272697398893,166.6737013056833,10.013427657135905,False
resnet,1.0,24,8,11,0.27852715178134174,166.6737013056833,10.013427657135905,False
resnet,1.0,24,8,12,0.2543615279285531,166.6737013056833,10.013427657135905,False
resnet,1.0,24,8,13,0.21959919143154455,166.6737013056833,10.013427657135905,False
resnet,1.0,24,8,14,0.19443438623140563,166.6737013056833,10.013427657135905,False
resnet,1.0,24,8,15,0.18686112308034966,166.6737013056833,10.013427657135905,False
resnet,1.0,24,9,0,1.0,163.5830232942569,9.572578300007244,False
resnet,1.0,24,9,1,0.9452564113844688,163.5830232942569,9.572578300007244,False
resnet,1.0,24,9,2,0.9012029092736571,163.5830232942569,9.572578300007244,False
resnet,1.0,24,9,3,0.8527710604637887,163.5830232942569,9.572578300007244,False
resnet,1.0,24,9,4,0.8046263266952972,163.5830232942569,9.572578300007244,False
resnet,1.0,24,9,5,0.7709008663593737,163.5830232942569,9.572578300007244,False
resnet,1.0,24,9,6,0.7465217376150526,163.5830232942569,9.572578300007244,False
resnet,1.0,24,9,7,0.7283599002835256,163.5830232942569,9.572578300007244,False
resnet,1.0,24,9,8,0.6974999108803271,163.5830232942569,9.572578300007244,False
resnet,1.0,24,9,9,0.6751966178100651,163.5830232942569,9.572578300007244,False
resnet,1.0,24,9,10,0.6592125989496548,163.5830232942569,9.572578300007244,False
resnet,1.0,24,9,11,0.6402650355492225,163.5830232942569,9.572578300007244,False
resnet,1.0,24,9,12,0.6197615810897826,163.5830232942569,9.572578300007244,False
resnet,1.0,24,9,13,0.6014661545548035,163.5830232942569,9.572578300007244,False
resnet,1.0,24,9,14,0.5733352278671903,163.5830232942569,9.572578300007244,False
resnet,1.0,24,9,15,0.5485297407556831,163.5830232942569,9.572578300007244,False
resnet,1.0,24,10,0,1.0,134.44837678025476,7.3593510340526915,False
resnet,1.0,24,10,1,0.9017979696552296,134.44837678025476,7.3593510340526915,False
resnet,1.0,24,10,2,0.8146562162623886,134.44837678025476,7.3593510340526915,False
resnet,1.0,24,10,3,0.7545611800696511,134.44837678025476,7.3593510340526915,False
resnet,1.0,24,10,4,0.6947188270200944,134.44837678025476,7.3593510340526915,False
resnet,1.0,24,10,5,0.6193878736436628,134.44837678025476,7.3593510340526915,False
resnet,1.0,24,10,6,0.5574166842821304,134.44837678025476,7.3593510340526915,False
resnet,1.0,24,10,7,0.5044675113962641,134.44837678025476,7.3593510340526915,False
resnet,1.0,24,10,8,0.42659354284328815,134.44837678025476,7.3593510340526915,False
resnet,1.0,24,10,9,0.3596349900798767,134.44837678025476,7.3593510340526915,False
resnet,1.0,24,10,10,0.31138853923525633,134.44837678025476,7.3593510340526915,False
resnet,1.0,24,10,11,0.24722429500990842,134.44837678025476,7.3593510340526915,False
resnet,1.0,24,10,12,0.1977109467980263,134.44837678025476,7.3593510340526915,False
resnet,1.0,24,10,13,0.14395751838134396,134.44837678025476,7.3593510340526915,False
resnet,1.0,24,10,14,0.08624081829249826,134.44837678025476,7.3593510340526915,False
resnet,1.0,24,10,15,0.03155644044908058,134.44837678025476,7.3593510340526915,False
resnet,1.0,24,11,0,1.0,173.31638303899533,10.557617116049776,False
resnet,1.0,24,11,1,0.9353318839182099,173.31638303899533,10.557617116049776,False
resnet,1.0,24,11,2,0.8724306344399361,173.31638303899533,10.557617116049776,False
resnet,1.0,24,11,3,0.7961989368457221,173.31638303899533,10.557617116049776,False
resnet,1.0,24,11,4,0.7295060536531964,173.31638303899533,10.557617116049776,False
resnet,1.0,24,11,5,0.6815621639235602,173.31638303899533,10.557617116049776,False
resnet,1.0,24,11,6,0.6567089641475671,173.31638303899533,10.557617116049776,False
resnet,1.0,24,11,7,0.6333978288721988,173.31638303899533,10.557617116049776,False
resnet,1.0,24,11,8,0.628124800918738,173.31638303899533,10.557617116049776,False
resnet,1.0,24,11,9,0.6170668700760265,173.31638303899533,10.557617116049776,False
resnet,1.0,24,11,10,0.5892889862745927,173.31638303899533,10.557617116049776,False
resnet,1.0,24,11,11,0.5530081711744337,173.31638303899533,10.557617116049776,False
resnet,1.0,24,11,12,0.5272318659015732,173.31638303899533,10.557617116049776,False
resnet,1.0,24,11,13,0.49349204148068043,173.31638303899533,10.557617116049776,False
resnet,1.0,24,11,14,0.47237065115203936,173.31638303899533,10.557617116049776,False
resnet,1.0,24,11,15,0.46094710347421347,173.31638303899533,10.557617116049776,False
resnet,1.0,24,12,0,1.0,112.88692879481566,6.554429311958988,False
resnet,1.0,24,12,1,0.8674347822234062,112.88692879481566,6.554429311958988,False
resnet,1.0,24,12,2,0.7474858618898366,112.88692879481566,6.554429311958988,False
resnet,1.0,24,12,3,0.6315789804664467,112.88692879481566,6.554429311958988,False
resnet,1.0,24,12,4,0.5613851582495033,112.88692879481566,6.554429311958988,False
resnet,1.0,24,12,5,0.5034387647104609,112.88692879481566,6.554429311958988,False
resnet,1.0,24,12,6,0.4508160743251174,112.88692879481566,6.554429311958988,False
resnet,1.0,24,12,7,0.40388401360217513,112.88692879481566,6.554429311958988,False
resnet,1.0,24,12,8,0.4009200419540949,112.88692879481566,6.554429311958988,False
resnet,1.0,24,12,9,0.4110238017130106,112.88692879481566,6.554429311958988,False
resnet,1.0,24,12,10,0.40158370851995423,112.88692879481566,6.554429311958988,False
resnet,1.0,24,12,11,0.3801628206494025,112.88692879481566,6.554429311958988,False
resnet,1.0,24,12,12,0.3252104754785281,112.88692879481566,6.554429311958988,False
resnet,1.0,24,12,13,0.2409467589666577,112.88692879481566,6.554429311958988,False
resnet,1.0,24,12,14,0.18160177119213838,112.88692879481566,6.554429311958988,False
resnet,1.0,24,12,15,0.14844916956502113,112.88692879481566,6.554429311958988,False
resnet,1.0,24,13,0,1.0,160.59537330996883,9.930311843151587,False
resnet,1.0,24,13,1,0.8823061355040712,160.59537330996883,9.930311843151587,False
resnet,1.0,24,13,2,0.7956973355316582,160.59537330996883,9.930311843151587,False
resnet,1.0,24,13,3,0.6771298450640181,160.59537330996883,9.930311843151587,False
resnet,1.0,24,13,4,0.622761488121867,160.59537330996883,9.930311843151587,False
resnet,1.0,24,13,5,0.5529560589934562,160.59537330996883,9.930311843151587,False
resnet,1.0,24,13,6,0.5111681455684632,160.59537330996883,9.930311843151587,False
resnet,1.0,24,13,7,0.4248819662679005,160.59537330996883,9.930311843151587,False
resnet,1.0,24,13,8,0.3673291572523721,160.59537330996883,9.930311843151587,False
resnet,1.0,24,13,9,0.2942540051144368,160.59537330996883,9.930311843151587,False
resnet,1.0,24,13,10,0.25036723225809515,160.59537330996883,9.930311843151587,False
resnet,1.0,24,13,11,0.18351865329773182,160.59537330996883,9.930311843151587,False
resnet,1.0,24,13,12,0.1384304973757501,160.59537330996883,9.930311843151587,False
resnet,1.0,24,13,13,0.09784391721478024,160.59537330996883,9.930311843151587,False
resnet,1.0,24,13,14,0.057350359417963175,160.59537330996883,9.930311843151587,False
resnet,1.0,24,13,15,-0.003966594147900996,160.59537330996883,9.930311843151587,False
resnet,1.0,24,14,0,1.0,255.64804157409284,15.731957299143078,False
resnet,1.0,24,14,1,0.9611946108857554,255.64804157409284,15.731957299143078,False
resnet,1.0,24,14,2,0.9163631930938333,255.64804157409284,15.731957299143078,False
resnet,1.0,24,14,3,0.8737984850530657,255.64804157409284,15.731957299143078,False
resnet,1.0,24,14,4,0.8328499785034629,255.64804157409284,15.731957299143078,False
resnet,1.0,24,14,5,0.7836818195627574,255.64804157409284,15.731957299143078,False
resnet,1.0,24,14,6,0.724972645798325,255.64804157409284,15.731957299143078,False
resnet,1.0,24,14,7,0.6638943051207595,255.64804157409284,15.731957299143078,False
resnet,1.0,24,14,8,0.6100720427555032,255.64804157409284,15.731957299143078,False
resnet,1.0,24,14,9,0.5659566019094198,255.64804157409284,15.731957299143078,False
resnet,1.0,24,14,10,0.5237637664502498,255.64804157409284,15.731957299143078,False
resnet,1.0,24,14,11,0.48982185062966027,255.64804157409284,15.731957299143078,False
resnet,1.0,24,14,12,0.4483787700878696,255.64804157409284,15.731957299143078,False
resnet,1.0,24,14,13,0.4086656651154268,255.64804157409284,15.731957299143078,False
resnet,1.0,24,14,14,0.37218210499569193,255.64804157409284,15.731957299143078,False
resnet,1.0,24,14,15,0.34245845510365397,255.64804157409284,15.731957299143078,False
resnet,1.0,24,15,0,1.0,94.12987252487322,5.673777620280318,False
resnet,1.0,24,15,1,0.896266580211889,94.12987252487322,5.673777620280318,False
resnet,1.0,24,15,2,0.8128303842137059,94.12987252487322,5.673777620280318,False
resnet,1.0,24,15,3,0.7536058207547769,94.12987252487322,5.673777620280318,False
resnet,1.0,24,15,4,0.7088860602459153,94.12987252487322,5.673777620280318,False
resnet,1.0,24,15,5,0.6568488995739058,94.12987252487322,5.673777620280318,False
resnet,1.0,24,15,6,0.6078636092177353,94.12987252487322,5.673777620280318,False
resnet,1.0,24,15,7,0.5648633843270385,94.12987252487322,5.673777620280318,False
resnet,1.0,24,15,8,0.4982188775902031,94.12987252487322,5.673777620280318,False
resnet,1.0,24,15,9,0.42149451652666053,94.12987252487322,5.673777620280318,False
resnet,1.0,24,15,10,0.36664208097835416,94.12987252487322,5.673777620280318,False
resnet,1.0,24,15,11,0.29114579238299343,94.12987252487322,5.673777620280318,False
resnet,1.0,24,15,12,0.1872606812440742,94.12987252487322,5.673777620280318,False
resnet,1.0,24,15,13,0.10425641635331127,94.12987252487322,5.673777620280318,False
resnet,1.0,24,15,14,0.04567460505623735,94.12987252487322,5.673777620280318,False
resnet,1.0,24,15,15,0.011004035278591683,94.12987252487322,5.673777620280318,False
resnet,1.0,24,16,0,1.0,109.54072954457737,5.954306402228162,False
resnet,1.0,24,16,1,0.913897701223143,109.54072954457737,5.954306402228162,False
resnet,1.0,24,16,2,0.8525573616593609,109.54072954457737,5.954306402228162,False
resnet,1.0,24,16,3,0.7888938166561806,109.54072954457737,5.954306402228162,False
resnet,1.0,24,16,4,0.7342532607762614,109.54072954457737,5.954306402228162,False
resnet,1.0,24,16,5,0.6884292149427478,109.54072954457737,5.954306402228162,False
resnet,1.0,24,16,6,0.645667350081735,109.54072954457737,5.954306402228162,False
resnet,1.0,24,16,7,0.6066546965522939,109.54072954457737,5.954306402228162,False
resnet,1.0,24,16,8,0.590845660127181,109.54072954457737,5.954306402228162,False
resnet,1.0,24,16,9,0.5665598819059796,109.54072954457737,5.954306402228162,False
resnet,1.0,24,16,10,0.553290394033585,109.54072954457737,5.954306402228162,False
resnet,1.0,24,16,11,0.5312661303846582,109.54072954457737,5.954306402228162,False
resnet,1.0,24,16,12,0.5212809042290484,109.54072954457737,5.954306402228162,False
resnet,1.0,24,16,13,0.5052822205026644,109.54072954457737,5.954306402228162,False
resnet,1.0,24,16,14,0.47697604173279357,109.54072954457737,5.954306402228162,False
resnet,1.0,24,16,15,0.46553045524865844,109.54072954457737,5.954306402228162,False
resnet,1.0,24,17,0,1.0,141.31652377878055,8.567652031807734,False
resnet,1.0,24,17,1,0.9294223750370102,141.31652377878055,8.567652031807734,False
resnet,1.0,24,17,2,0.8327717448908252,141.31652377878055,8.567652031807734,False
resnet,1.0,24,17,3,0.714618116290958,141.31652377878055,8.567652031807734,False
resnet,1.0,24,17,4,0.5916143947163959,141.31652377878055,8.567652031807734,False
resnet,1.0,24,17,5,0.4752925338444349,141.31652377878055,8.567652031807734,False
resnet,1.0,24,17,6,0.37438431965518504,141.31652377878055,8.567652031807734,False
resnet,1.0,24,17,7,0.2875148990112221,141.31652377878055,8.567652031807734,False
resnet,1.0,24,17,8,0.22203599126049212,141.31652377878055,8.567652031807734,False
resnet,1.0,24,17,9,0.15391633618679418,141.31652377878055,8.567652031807734,False
resnet,1.0,24,17,10,0.08685700912728296,141.31652377878055,8.567652031807734,False
resnet,1.0,24,17,11,0.011152474663653792,141.31652377878055,8.567652031807734,False
resnet,1.0,24,17,12,-0.06766407216923016,141.31652377878055,8.567652031807734,False
resnet,1.0,24,17,13,-0.13630508880979664,141.31652377878055,8.567652031807734,False
resnet,1.0,24,17,14,-0.17679379436582865,141.31652377878055,8.567652031807734,False
resnet,1.0,24,17,15,-0.19466226553390306,141.31652377878055,8.567652031807734,False
resnet,1.0,24,18,0,1.0,174.27798909965583,9.927540265175649,False
resnet,1.0,24,18,1,0.9146518846421343,174.27798909965583,9.927540265175649,False
resnet,1.0,24,18,2,0.8638374329317782,174.27798909965583,9.927540265175649,False
resnet,1.0,24,18,3,0.8252543637940363,174.27798909965583,9.927540265175649,False
resnet,1.0,24,18,4,0.7954089858449884,174.27798909965583,9.927540265175649,False
resnet,1.0,24,18,5,0.7392208715786056,174.27798909965583,9.927540265175649,False
resnet,1.0,24,18,6,0.6775934028680711,174.27798909965583,9.927540265175649,False
resnet,1.0,24,18,7,0.6212332357489929,174.27798909965583,9.927540265175649,False
resnet,1.0,24,18,8,0.600421016862268,174.27798909965583,9.927540265175649,False
resnet,1.0,24,18,9,0.540862089622774,174.27798909965583,9.927540265175649,False
resnet,1.0,24,18,10,0.5012896455460312,174.27798909965583,9.927540265175649,False
resnet,1.0,24,18,11,0.45883334838266765,174.27798909965583,9.927540265175649,False
resnet,1.0,24,18,12,0.4126693384532372,174.27798909965583,9.927540265175649,False
resnet,1.0,24,18,13,0.36479072101627114,174.27798909965583,9.927540265175649,False
resnet,1.0,24,18,14,0.31717140828569124,174.27798909965583,9.927540265175649,False
resnet,1.0,24,18,15,0.25618543185882303,174.27798909965583,9.927540265175649,False
resnet,1.0,24,19,0,1.0,128.81996320396865,8.027779488273097,False
resnet,1.0,24,19,1,0.8968697722567635,128.81996320396865,8.027779488273097,False
resnet,1.0,24,19,2,0.7933908702816163,128.81996320396865,8.027779488273097,False
resnet,1.0,24,19,3,0.7357988814248049,128.81996320396865,8.027779488273097,False
resnet,1.0,24,19,4,0.6834967610036145,128.81996320396865,8.027779488273097,False
resnet,1.0,24,19,5,0.624161600678863,128.81996320396865,8.027779488273097,False
resnet,1.0,24,19,6,0.5420390090735175,128.81996320396865,8.027779488273097,False
resnet,1.0,24,19,7,0.48016813340354136,128.81996320396865,8.027779488273097,False
resnet,1.0,24,19,8,0.4358818916102797,128.81996320396865,8.027779488273097,False
resnet,1.0,24,19,9,0.40386604682538924,128.81996320396865,8.027779488273097,False
resnet,1.0,24,19,10,0.37982718748440625,128.81996320396865,8.027779488273097,False
resnet,1.0,24,19,11,0.36909580515779394,128.81996320396865,8.027779488273097,False
resnet,1.0,24,19,12,0.3787293156943991,128.81996320396865,8.027779488273097,False
resnet,1.0,24,19,13,0.3952750967492678,128.81996320396865,8.027779488273097,False
resnet,1.0,24,19,14,0.4007228243442926,128.81996320396865,8.027779488273097,False
resnet,1.0,24,19,15,0.4016413441385163,128.81996320396865,8.027779488273097,False
resnet,1.0,50,0,0,1.0,179.55111424918385,10.356050323476945,False
resnet,1.0,50,0,1,0.7789255567439125,179.55111424918385,10.356050323476945,False
resnet,1.0,50,0,2,0.6524783224802366,179.55111424918385,10.356050323476945,False
resnet,1.0,50,0,3,0.559283674656341,179.55111424918385,10.356050323476945,False
resnet,1.0,50,0,4,0.493486260255995,179.55111424918385,10.356050323476945,False
resnet,1.0,50,0,5,0.4575802678735012,179.55111424918385,10.356050323476945,False
resnet,1.0,50,0,6,0.41973026048270523,179.55111424918385,10.356050323476945,False
resnet,1.0,50,0,7,0.43043315223592643,179.55111424918385,10.356050323476945,False
resnet,1.0,50,0,8,0.3860477424161962,179.55111424918385,10.356050323476945,False
resnet,1.0,50,0,9,0.3372715559474289,179.55111424918385,10.356050323476945,False
resnet,1.0,50,0,10,0.2875358866891821,179.55111424918385,10.356050323476945,False
resnet,1.0,50,0,11,0.23585054425140622,179.55111424918385,10.356050323476945,False
resnet,1.0,50,0,12,0.20153881836540716,179.55111424918385,10.356050323476945,False
resnet,1.0,50,0,13,0.18178912598248628,179.55111424918385,10.356050323476945,False
resnet,1.0,50,0,14,0.17806215613600757,179.55111424918385,10.356050323476945,False
resnet,1.0,50,0,15,0.13385078714847548,179.55111424918385,10.356050323476945,False
resnet,1.0,50,1,0,1.0,215.42438931695855,13.425843013334427,False
resnet,1.0,50,1,1,0.9007008984611413,215.42438931695855,13.425843013334427,False
resnet,1.0,50,1,2,0.8270884621833533,215.42438931695855,13.425843013334427,False
resnet,1.0,50,1,3,0.7360011223466697,215.42438931695855,13.425843013334427,False
resnet,1.0,50,1,4,0.6588351598604242,215.42438931695855,13.425843013334427,False
resnet,1.0,50,1,5,0.5935597553521117,215.42438931695855,13.425843013334427,False
resnet,1.0,50,1,6,0.538369823726269,215.42438931695855,13.425843013334427,False
resnet,1.0,50,1,7,0.46702497734530807,215.42438931695855,13.425843013334427,False
resnet,1.0,50,1,8,0.43804863639935004,215.42438931695855,13.425843013334427,False
resnet,1.0,50,1,9,0.4082598545316876,215.42438931695855,13.425843013334427,False
resnet,1.0,50,1,10,0.38527141188095615,215.42438931695855,13.425843013334427,False
resnet,1.0,50,1,11,0.37198087781267986,215.42438931695855,13.425843013334427,False
resnet,1.0,50,1,12,0.3196811812648074,215.42438931695855,13.425843013334427,False
resnet,1.0,50,1,13,0.2667978352951489,215.42438931695855,13.425843013334427,False
resnet,1.0,50,1,14,0.226776737154265,215.42438931695855,13.425843013334427,False
resnet,1.0,50,1,15,0.20358164498571998,215.42438931695855,13.425843013334427,False
resnet,1.0,50,2,0,1.0,159.81828825275275,9.804037081081644,False
resnet,1.0,50,2,1,0.848272886732704,159.81828825275275,9.804037081081644,False
resnet,1.0,50,2,2,0.7748652696193336,159.81828825275275,9.804037081081644,False
resnet,1.0,50,2,3,0.6747372773315448,159.81828825275275,9.804037081081644,False
resnet,1.0,50,2,4,0.6279138530595463,159.81828825275275,9.804037081081644,False
resnet,1.0,50,2,5,0.5728686918845352,159.81828825275275,9.804037081081644,False
resnet,1.0,50,2,6,0.5586731081866912,159.81828825275275,9.804037081081644,False
resnet,1.0,50,2,7,0.4720470420382951,159.81828825275275,9.804037081081644,False
resnet,1.0,50,2,8,0.43526211325383646,159.81828825275275,9.804037081081644,False
resnet,1.0,50,2,9,0.38096209432332756,159.81828825275275,9.804037081081644,False
resnet,1.0,50,2,10,0.3829903762035026,159.81828825275275,9.804037081081644,False
resnet,1.0,50,2,11,0.36390838553443294,159.81828825275275,9.804037081081644,False
resnet,1.0,50,2,12,0.3526727338334896,159.81828825275275,9.804037081081644,False
resnet,1.0,50,2,13,0.2919421903043306,159.81828825275275,9.804037081081644,False
resnet,1.0,50,2,14,0.2699265423163506,159.81828825275275,9.804037081081644,False
resnet,1.0,50,2,15,0.24589527777409678,159.81828825275275,9.804037081081644,False
resnet,1.0,50,3,0,1.0,304.23143014602374,18.566774927650407,False
resnet,1.0,50,3,1,0.9290807023070231,304.23143014602374,18.566774927650407,False
resnet,1.0,50,3,2,0.8725911720210483,304.23143014602374,18.566774927650407,False
resnet,1.0,50,3,3,0.8106427339027394,304.23143014602374,18.566774927650407,False
resnet,1.0,50,3,4,0.7701797293889618,304.23143014602374,18.566774927650407,False
resnet,1.0,50,3,5,0.7360186023445331,304.23143014602374,18.566774927650407,False
resnet,1.0,50,3,6,0.7029652697821099,304.23143014602374,18.566774927650407,False
resnet,1.0,50,3,7,0.6906811636702527,304.23143014602374,18.566774927650407,False
resnet,1.0,50,3,8,0.6637549257989266,304.23143014602374,18.566774927650407,False
resnet,1.0,50,3,9,0.6409576065316884,304.23143014602374,18.566774927650407,False
resnet,1.0,50,3,10,0.6262726484156339,304.23143014602374,18.566774927650407,False
resnet,1.0,50,3,11,0.5953856649510993,304.23143014602374,18.566774927650407,False
resnet,1.0,50,3,12,0.553748858093688,304.23143014602374,18.566774927650407,False
resnet,1.0,50,3,13,0.5158128085241942,304.23143014602374,18.566774927650407,False
resnet,1.0,50,3,14,0.5010388435178189,304.23143014602374,18.566774927650407,False
resnet,1.0,50,3,15,0.4979106617085792,304.23143014602374,18.566774927650407,False
resnet,1.0,50,4,0,1.0,394.598556996787,22.44153538157902,False
resnet,1.0,50,4,1,0.9207456712947111,394.598556996787,22.44153538157902,False
resnet,1.0,50,4,2,0.845038194876714,394.598556996787,22.44153538157902,False
resnet,1.0,50,4,3,0.7601958640373873,394.598556996787,22.44153538157902,False
resnet,1.0,50,4,4,0.6719990976972159,394.598556996787,22.44153538157902,False
resnet,1.0,50,4,5,0.5968553930472127,394.598556996787,22.44153538157902,False
resnet,1.0,50,4,6,0.5197636310184865,394.598556996787,22.44153538157902,False
resnet,1.0,50,4,7,0.44688457670692333,394.598556996787,22.44153538157902,False
resnet,1.0,50,4,8,0.39916307627711434,394.598556996787,22.44153538157902,False
resnet,1.0,50,4,9,0.3648946514398833,394.598556996787,22.44153538157902,False
resnet,1.0,50,4,10,0.34433940821682846,394.598556996787,22.44153538157902,False
resnet,1.0,50,4,11,0.31926692826103015,394.598556996787,22.44153538157902,False
resnet,1.0,50,4,12,0.2971917936848507,394.598556996787,22.44153538157902,False
resnet,1.0,50,4,13,0.28040901472641494,394.598556996787,22.44153538157902,False
resnet,1.0,50,4,14,0.23775137552727846,394.598556996787,22.44153538157902,False
resnet,1.0,50,4,15,0.20604382391027623,394.598556996787,22.44153538157902,False
resnet,1.0,50,5,0,1.0,234.10619382965308,14.543477344874779,False
resnet,1.0,50,5,1,0.9043625543467021,234.10619382965308,14.543477344874779,False
resnet,1.0,50,5,2,0.8102449139737209,234.10619382965308,14.543477344874779,False
resnet,1.0,50,5,3,0.7533302084092968,234.10619382965308,14.543477344874779,False
resnet,1.0,50,5,4,0.6857346121956026,234.10619382965308,14.543477344874779,False
resnet,1.0,50,5,5,0.6297597218868441,234.10619382965308,14.543477344874779,False
resnet,1.0,50,5,6,0.5841293714756032,234.10619382965308,14.543477344874779,False
resnet,1.0,50,5,7,0.5439940113963173,234.10619382965308,14.543477344874779,False
resnet,1.0,50,5,8,0.4866935777937574,234.10619382965308,14.543477344874779,False
resnet,1.0,50,5,9,0.4465919996428249,234.10619382965308,14.543477344874779,False
resnet,1.0,50,5,10,0.4230476820514221,234.10619382965308,14.543477344874779,False
resnet,1.0,50,5,11,0.3770108800420432,234.10619382965308,14.543477344874779,False
resnet,1.0,50,5,12,0.35047104409215046,234.10619382965308,14.543477344874779,False
resnet,1.0,50,5,13,0.3232753935208202,234.10619382965308,14.543477344874779,False
resnet,1.0,50,5,14,0.24848617977534954,234.10619382965308,14.543477344874779,False
resnet,1.0,50,5,15,0.16749901126030883,234.10619382965308,14.543477344874779,False
resnet,1.0,50,6,0,1.0,260.83025675891116,15.90254165009058,False
resnet,1.0,50,6,1,0.8588368116720014,260.83025675891116,15.90254165009058,False
resnet,1.0,50,6,2,0.7428110254769349,260.83025675891116,15.90254165009058,False
resnet,1.0,50,6,3,0.6544452552510973,260.83025675891116,15.90254165009058,False
resnet,1.0,50,6,4,0.5854669561046233,260.83025675891116,15.90254165009058,False
resnet,1.0,50,6,5,0.5330389554387986,260.83025675891116,15.90254165009058,False
resnet,1.0,50,6,6,0.5034842087541165,260.83025675891116,15.90254165009058,False
resnet,1.0,50,6,7,0.49089791183563264,260.83025675891116,15.90254165009058,False
resnet,1.0,50,6,8,0.47884488566062167,260.83025675891116,15.90254165009058,False
resnet,1.0,50,6,9,0.472766097214486,260.83025675891116,15.90254165009058,False
resnet,1.0,50,6,10,0.4417452349425734,260.83025675891116,15.90254165009058,False
resnet,1.0,50,6,11,0.3775497561443221,260.83025675891116,15.90254165009058,False
resnet,1.0,50,6,12,0.31721197852867994,260.83025675891116,15.90254165009058,False
resnet,1.0,50,6,13,0.26162496532494933,260.83025675891116,15.90254165009058,False
resnet,1.0,50,6,14,0.2467203015065195,260.83025675891116,15.90254165009058,False
resnet,1.0,50,6,15,0.2747212836412538,260.83025675891116,15.90254165009058,False
resnet,1.0,50,7,0,1.0,272.6076510538145,17.03147070138587,False
resnet,1.0,50,7,1,0.873679158942305,272.6076510538145,17.03147070138587,False
resnet,1.0,50,7,2,0.7316166683161897,272.6076510538145,17.03147070138587,False
resnet,1.0,50,7,3,0.5815319847983539,272.6076510538145,17.03147070138587,False
resnet,1.0,50,7,4,0.4520417224610401,272.6076510538145,17.03147070138587,False
resnet,1.0,50,7,5,0.3400332384592743,272.6076510538145,17.03147070138587,False
resnet,1.0,50,7,6,0.2658026768586335,272.6076510538145,17.03147070138587,False
resnet,1.0,50,7,7,0.161287287103856,272.6076510538145,17.03147070138587,False
resnet,1.0,50,7,8,0.08282714596576397,272.6076510538145,17.03147070138587,False
resnet,1.0,50,7,9,0.04558525244748482,272.6076510538145,17.03147070138587,False
resnet,1.0,50,7,10,0.03915403780083189,272.6076510538145,17.03147070138587,False
resnet,1.0,50,7,11,0.052440208245176645,272.6076510538145,17.03147070138587,False
resnet,1.0,50,7,12,0.12730630865118073,272.6076510538145,17.03147070138587,False
resnet,1.0,50,7,13,0.19648970575519864,272.6076510538145,17.03147070138587,False
resnet,1.0,50,7,14,0.2560268615576235,272.6076510538145,17.03147070138587,False
resnet,1.0,50,7,15,0.3019673726825006,272.6076510538145,17.03147070138587,False
resnet,1.0,50,8,0,1.0,229.12155221146543,13.633290047720925,False
resnet,1.0,50,8,1,0.8540181859650342,229.12155221146543,13.633290047720925,False
resnet,1.0,50,8,2,0.7160575104693354,229.12155221146543,13.633290047720925,False
resnet,1.0,50,8,3,0.6358704932514174,229.12155221146543,13.633290047720925,False
resnet,1.0,50,8,4,0.5704488647872169,229.12155221146543,13.633290047720925,False
resnet,1.0,50,8,5,0.537998769465602,229.12155221146543,13.633290047720925,False
resnet,1.0,50,8,6,0.5121098268179783,229.12155221146543,13.633290047720925,False
resnet,1.0,50,8,7,0.47737351884380524,229.12155221146543,13.633290047720925,False
resnet,1.0,50,8,8,0.43815082497777325,229.12155221146543,13.633290047720925,False
resnet,1.0,50,8,9,0.36657294607042384,229.12155221146543,13.633290047720925,False
resnet,1.0,50,8,10,0.2821294727079559,229.12155221146543,13.633290047720925,False
resnet,1.0,50,8,11,0.23503092598210815,229.12155221146543,13.633290047720925,False
resnet,1.0,50,8,12,0.18370278723863667,229.12155221146543,13.633290047720925,False
resnet,1.0,50,8,13,0.15685130390404614,229.12155221146543,13.633290047720925,False
resnet,1.0,50,8,14,0.15227142963788334,229.12155221146543,13.633290047720925,False
resnet,1.0,50,8,15,0.13345478066528504,229.12155221146543,13.633290047720925,False
resnet,1.0,50,9,0,1.0,308.055923119906,19.253169780412406,False
resnet,1.0,50,9,1,0.9557567184812739,308.055923119906,19.253169780412406,False
resnet,1.0,50,9,2,0.9169668468638427,308.055923119906,19.253169780412406,False
resnet,1.0,50,9,3,0.8804616491151157,308.055923119906,19.253169780412406,False
resnet,1.0,50,9,4,0.841286362530737,308.055923119906,19.253169780412406,False
resnet,1.0,50,9,5,0.8082761733090896,308.055923119906,19.253169780412406,False
resnet,1.0,50,9,6,0.7755872058490363,308.055923119906,19.253169780412406,False
resnet,1.0,50,9,7,0.7366782246086451,308.055923119906,19.253169780412406,False
resnet,1.0,50,9,8,0.6953511342417645,308.055923119906,19.253169780412406,False
resnet,1.0,50,9,9,0.6611791419753116,308.055923119906,19.253169780412406,False
resnet,1.0,50,9,10,0.640764535344473,308.055923119906,19.253169780412406,False
resnet,1.0,50,9,11,0.6154702634680904,308.055923119906,19.253169780412406,False
resnet,1.0,50,9,12,0.5884357304371963,308.055923119906,19.253169780412406,False
resnet,1.0,50,9,13,0.5508747590132949,308.055923119906,19.253169780412406,False
resnet,1.0,50,9,14,0.5100912266295113,308.055923119906,19.253169780412406,False
resnet,1.0,50,9,15,0.4661397420994931,308.055923119906,19.253169780412406,False
resnet,1.0,50,10,0,1.0,240.91294871424373,15.046053267812301,False
resnet,1.0,50,10,1,0.8879030845148979,240.91294871424373,15.046053267812301,False
resnet,1.0,50,10,2,0.7967677260448278,240.91294871424373,15.046053267812301,False
resnet,1.0,50,10,3,0.7202287394803487,240.91294871424373,15.046053267812301,False
resnet,1.0,50,10,4,0.6510294892397417,240.91294871424373,15.046053267812301,False
resnet,1.0,50,10,5,0.5893175962804249,240.91294871424373,15.046053267812301,False
resnet,1.0,50,10,6,0.5697369258467552,240.91294871424373,15.046053267812301,False
resnet,1.0,50,10,7,0.5048885369596374,240.91294871424373,15.046053267812301,False
resnet,1.0,50,10,8,0.43574473771251165,240.91294871424373,15.046053267812301,False
resnet,1.0,50,10,9,0.3744980156608385,240.91294871424373,15.046053267812301,False
resnet,1.0,50,10,10,0.3248999248401014,240.91294871424373,15.046053267812301,False
resnet,1.0,50,10,11,0.28945652877499395,240.91294871424373,15.046053267812301,False
resnet,1.0,50,10,12,0.268305239249415,240.91294871424373,15.046053267812301,False
resnet,1.0,50,10,13,0.23217225073745829,240.91294871424373,15.046053267812301,False
resnet,1.0,50,10,14,0.2155013631343233,240.91294871424373,15.046053267812301,False
resnet,1.0,50,10,15,0.20721719542475175,240.91294871424373,15.046053267812301,False
resnet,1.0,50,11,0,1.0,339.62071174338126,21.178562405340806,False
resnet,1.0,50,11,1,0.9255733054416986,339.62071174338126,21.178562405340806,False
resnet,1.0,50,11,2,0.8454185131799612,339.62071174338126,21.178562405340806,False
resnet,1.0,50,11,3,0.7633325648472966,339.62071174338126,21.178562405340806,False
resnet,1.0,50,11,4,0.6913419388525537,339.62071174338126,21.178562405340806,False
resnet,1.0,50,11,5,0.6109079169596895,339.62071174338126,21.178562405340806,False
resnet,1.0,50,11,6,0.5288354299070538,339.62071174338126,21.178562405340806,False
resnet,1.0,50,11,7,0.45743590380865917,339.62071174338126,21.178562405340806,False
resnet,1.0,50,11,8,0.3886041695459461,339.62071174338126,21.178562405340806,False
resnet,1.0,50,11,9,0.3236241315878985,339.62071174338126,21.178562405340806,False
resnet,1.0,50,11,10,0.2586449745093836,339.62071174338126,21.178562405340806,False
resnet,1.0,50,11,11,0.21017475777425562,339.62071174338126,21.178562405340806,False
resnet,1.0,50,11,12,0.17154884485085892,339.62071174338126,21.178562405340806,False
resnet,1.0,50,11,13,0.11671261083205645,339.62071174338126,21.178562405340806,False
resnet,1.0,50,11,14,0.07468662140298775,339.62071174338126,21.178562405340806,False
resnet,1.0,50,11,15,0.019658450012958194,339.62071174338126,21.178562405340806,False
resnet,1.0,50,12,0,1.0,200.12508770073637,11.709424668865646,False
resnet,1.0,50,12,1,0.850964907263719,200.12508770073637,11.709424668865646,False
resnet,1.0,50,12,2,0.7597464168766097,200.12508770073637,11.709424668865646,False
resnet,1.0,50,12,3,0.6356317634677793,200.12508770073637,11.709424668865646,False
resnet,1.0,50,12,4,0.5609154363059334,200.12508770073637,11.709424668865646,False
resnet,1.0,50,12,5,0.44675114446402875,200.12508770073637,11.709424668865646,False
resnet,1.0,50,12,6,0.3465711132555397,200.12508770073637,11.709424668865646,False
resnet,1.0,50,12,7,0.23127878048054848,200.12508770073637,11.709424668865646,False
resnet,1.0,50,12,8,0.15374759638698446,200.12508770073637,11.709424668865646,False
resnet,1.0,50,12,9,0.08308284519137973,200.12508770073637,11.709424668865646,False
resnet,1.0,50,12,10,0.0609964827620855,200.12508770073637,11.709424668865646,False
resnet,1.0,50,12,11,0.06361362681732399,200.12508770073637,11.709424668865646,False
resnet,1.0,50,12,12,0.05066987340332107,200.12508770073637,11.709424668865646,False
resnet,1.0,50,12,13,0.03462747531036576,200.12508770073637,11.709424668865646,False
resnet,1.0,50,12,14,0.02978442680077037,200.12508770073637,11.709424668865646,False
resnet,1.0,50,12,15,0.013746731081937394,200.12508770073637,11.709424668865646,False
resnet,1.0,50,13,0,1.0,329.15268470958586,20.492952656974506,False
resnet,1.0,50,13,1,0.9107108148811097,329.15268470958586,20.492952656974506,False
resnet,1.0,50,13,2,0.8281411172976738,329.15268470958586,20.492952656974506,False
resnet,1.0,50,13,3,0.7530756078289151,329.15268470958586,20.492952656974506,False
resnet,1.0,50,13,4,0.6758479429770982,329.15268470958586,20.492952656974506,False
resnet,1.0,50,13,5,0.6123949676662547,329.15268470958586,20.492952656974506,False
resnet,1.0,50,13,6,0.5442207063866742,329.15268470958586,20.492952656974506,False
resnet,1.0,50,13,7,0.4583552899127783,329.15268470958586,20.492952656974506,False
resnet,1.0,50,13,8,0.388694202582871,329.15268470958586,20.492952656974506,False
resnet,1.0,50,13,9,0.34070949013830215,329.15268470958586,20.492952656974506,False
resnet,1.0,50,13,10,0.2843953900999177,329.15268470958586,20.492952656974506,False
resnet,1.0,50,13,11,0.2298344746860083,329.15268470958586,20.492952656974506,False
resnet,1.0,50,13,12,0.18620383987897662,329.15268470958586,20.492952656974506,False
resnet,1.0,50,13,13,0.15128945100733462,329.15268470958586,20.492952656974506,False
resnet,1.0,50,13,14,0.11160396764249135,329.15268470958586,20.492952656974506,False
resnet,1.0,50,13,15,0.0709529804516327,329.15268470958586,20.492952656974506,False
resnet,1.0,50,14,0,1.0,326.31551715487126,15.072392561742197,False
resnet,1.0,50,14,1,0.8797871258192204,326.31551715487126,15.072392561742197,False
resnet,1.0,50,14,2,0.8196971772574605,326.31551715487126,15.072392561742197,False
resnet,1.0,50,14,3,0.727877436172559,326.31551715487126,15.072392561742197,False
resnet,1.0,50,14,4,0.6340274133145584,326.31551715487126,15.072392561742197,False
resnet,1.0,50,14,5,0.5435236536357692,326.31551715487126,15.072392561742197,False
resnet,1.0,50,14,6,0.43404443171764423,326.31551715487126,15.072392561742197,False
resnet,1.0,50,14,7,0.30664896547266074,326.31551715487126,15.072392561742197,False
resnet,1.0,50,14,8,0.2202890250004215,326.31551715487126,15.072392561742197,False
resnet,1.0,50,14,9,0.1309392834654868,326.31551715487126,15.072392561742197,False
resnet,1.0,50,14,10,0.07694494302405529,326.31551715487126,15.072392561742197,False
resnet,1.0,50,14,11,0.031624547299825556,326.31551715487126,15.072392561742197,False
resnet,1.0,50,14,12,-0.006735988120250721,326.31551715487126,15.072392561742197,False
resnet,1.0,50,14,13,-0.03393427561864721,326.31551715487126,15.072392561742197,False
resnet,1.0,50,14,14,-0.055465756478840396,326.31551715487126,15.072392561742197,False
resnet,1.0,50,14,15,-0.040995655386506964,326.31551715487126,15.072392561742197,False
resnet,1.0,50,15,0,1.0,310.1331986133168,17.812786403954828,False
resnet,1.0,50,15,1,0.9269252500151696,310.1331986133168,17.812786403954828,False
resnet,1.0,50,15,2,0.8568974101985902,310.1331986133168,17.812786403954828,False
resnet,1.0,50,15,3,0.7851883004866363,310.1331986133168,17.812786403954828,False
resnet,1.0,50,15,4,0.7261543981957014,310.1331986133168,17.812786403954828,False
resnet,1.0,50,15,5,0.6507025247329264,310.1331986133168,17.812786403954828,False
resnet,1.0,50,15,6,0.5785790809193075,310.1331986133168,17.812786403954828,False
resnet,1.0,50,15,7,0.5319512736436571,310.1331986133168,17.812786403954828,False
resnet,1.0,50,15,8,0.4905606981769946,310.1331986133168,17.812786403954828,False
resnet,1.0,50,15,9,0.4526300200270567,310.1331986133168,17.812786403954828,False
resnet,1.0,50,15,10,0.40921251114855955,310.1331986133168,17.812786403954828,False
resnet,1.0,50,15,11,0.36351934001847264,310.1331986133168,17.812786403954828,False
resnet,1.0,50,15,12,0.32303806450879874,310.1331986133168,17.812786403954828,False
resnet,1.0,50,15,13,0.28659362836817537,310.1331986133168,17.812786403954828,False
resnet,1.0,50,15,14,0.23936959611766095,310.1331986133168,17.812786403954828,False
resnet,1.0,50,15,15,0.1710896596687237,310.1331986133168,17.812786403954828,False
resnet,1.0,50,16,0,1.0,262.8601449048995,16.272567187658023,False
resnet,1.0,50,16,1,0.9426433875601039,262.8601449048995,16.272567187658023,False
resnet,1.0,50,16,2,0.8894037730920296,262.8601449048995,16.272567187658023,False
resnet,1.0,50,16,3,0.8403029560967171,262.8601449048995,16.272567187658023,False
resnet,1.0,50,16,4,0.7924989041638001,262.8601449048995,16.272567187658023,False
resnet,1.0,50,16,5,0.7451295260263043,262.8601449048995,16.272567187658023,False
resnet,1.0,50,16,6,0.6965765397582772,262.8601449048995,16.272567187658023,False
resnet,1.0,50,16,7,0.6564724246992034,262.8601449048995,16.272567187658023,False
resnet,1.0,50,16,8,0.6152727533135826,262.8601449048995,16.272567187658023,False
resnet,1.0,50,16,9,0.5613761880327562,262.8601449048995,16.272567187658023,False
resnet,1.0,50,16,10,0.5107829018273564,262.8601449048995,16.272567187658023,False
resnet,1.0,50,16,11,0.46300214722653754,262.8601449048995,16.272567187658023,False
resnet,1.0,50,16,12,0.41667699365639627,262.8601449048995,16.272567187658023,False
resnet,1.0,50,16,13,0.3646255280420085,262.8601449048995,16.272567187658023,False
resnet,1.0,50,16,14,0.3272940467595674,262.8601449048995,16.272567187658023,False
resnet,1.0,50,16,15,0.2880123460869383,262.8601449048995,16.272567187658023,False
resnet,1.0,50,17,0,1.0,233.35922655312595,14.574856287422573,False
resnet,1.0,50,17,1,0.9301869740651759,233.35922655312595,14.574856287422573,False
resnet,1.0,50,17,2,0.852413375840713,233.35922655312595,14.574856287422573,False
resnet,1.0,50,17,3,0.7830879748425286,233.35922655312595,14.574856287422573,False
resnet,1.0,50,17,4,0.7122323906445622,233.35922655312595,14.574856287422573,False
resnet,1.0,50,17,5,0.6442708993510453,233.35922655312595,14.574856287422573,False
resnet,1.0,50,17,6,0.5805876516879446,233.35922655312595,14.574856287422573,False
resnet,1.0,50,17,7,0.5045391968328287,233.35922655312595,14.574856287422573,False
resnet,1.0,50,17,8,0.43401500890073075,233.35922655312595,14.574856287422573,False
resnet,1.0,50,17,9,0.3718932851223211,233.35922655312595,14.574856287422573,False
resnet,1.0,50,17,10,0.3053682079506997,233.35922655312595,14.574856287422573,False
resnet,1.0,50,17,11,0.24068826603290644,233.35922655312595,14.574856287422573,False
resnet,1.0,50,17,12,0.18425288643959606,233.35922655312595,14.574856287422573,False
resnet,1.0,50,17,13,0.13358800239503738,233.35922655312595,14.574856287422573,False
resnet,1.0,50,17,14,0.08414232859881628,233.35922655312595,14.574856287422573,False
resnet,1.0,50,17,15,0.032762116981972116,233.35922655312595,14.574856287422573,False
resnet,1.0,50,18,0,1.0,310.51581317493265,19.407084157821572,False
resnet,1.0,50,18,1,0.873670203891404,310.51581317493265,19.407084157821572,False
resnet,1.0,50,18,2,0.8140127456218024,310.51581317493265,19.407084157821572,False
resnet,1.0,50,18,3,0.7591930796681146,310.51581317493265,19.407084157821572,False
resnet,1.0,50,18,4,0.6983145884102281,310.51581317493265,19.407084157821572,False
resnet,1.0,50,18,5,0.6406210025612473,310.51581317493265,19.407084157821572,False
resnet,1.0,50,18,6,0.5907019223379717,310.51581317493265,19.407084157821572,False
resnet,1.0,50,18,7,0.5249844730467812,310.51581317493265,19.407084157821572,False
resnet,1.0,50,18,8,0.46742686478243994,310.51581317493265,19.407084157821572,False
resnet,1.0,50,18,9,0.44707998630501855,310.51581317493265,19.407084157821572,False
resnet,1.0,50,18,10,0.37366775468882335,310.51581317493265,19.407084157821572,False
resnet,1.0,50,18,11,0.32748483846083765,310.51581317493265,19.407084157821572,False
resnet,1.0,50,18,12,0.2605103844932809,310.51581317493265,19.407084157821572,False
resnet,1.0,50,18,13,0.22532676994029163,310.51581317493265,19.407084157821572,False
resnet,1.0,50,18,14,0.1997898561218145,310.51581317493265,19.407084157821572,False
resnet,1.0,50,18,15,0.18762309298634178,310.51581317493265,19.407084157821572,False
resnet,1.0,50,19,0,1.0,338.92960123756507,20.995080932727888,False
resnet,1.0,50,19,1,0.9466239908780012,338.92960123756507,20.995080932727888,False
resnet,1.0,50,19,2,0.9110567681858138,338.92960123756507,20.995080932727888,False
resnet,1.0,50,19,3,0.873237319997102,338.92960123756507,20.995080932727888,False
resnet,1.0,50,19,4,0.8356199447810466,338.92960123756507,20.995080932727888,False
resnet,1.0,50,19,5,0.8037082109692508,338.92960123756507,20.995080932727888,False
resnet,1.0,50,19,6,0.7664410733736542,338.92960123756507,20.995080932727888,False
resnet,1.0,50,19,7,0.7270001372527516,338.92960123756507,20.995080932727888,False
resnet,1.0,50,19,8,0.689688067765448,338.92960123756507,20.995080932727888,False
resnet,1.0,50,19,9,0.6490635831402957,338.92960123756507,20.995080932727888,False
resnet,1.0,50,19,10,0.6091316169423716,338.92960123756507,20.995080932727888,False
resnet,1.0,50,19,11,0.5678357831316035,338.92960123756507,20.995080932727888,False
resnet,1.0,50,19,12,0.5290658949753695,338.92960123756507,20.995080932727888,False
resnet,1.0,50,19,13,0.48191240401027574,338.92960123756507,20.995080932727888,False
resnet,1.0,50,19,14,0.4328388848182254,338.92960123756507,20.995080932727888,False
resnet,1.0,50,19,15,0.4037718813963248,338.92960123756507,20.995080932727888,False
resnet,0.1,2,0,0,1.0,28.94112153413442,1.0356710384453007,False
resnet,0.1,2,0,1,0.9874218792201647,28.94112153413442,1.0356710384453007,False
resnet,0.1,2,0,2,0.9743361426705255,28.94112153413442,1.0356710384453007,False
resnet,0.1,2,0,3,0.9604365179799054,28.94112153413442,1.0356710384453007,False
resnet,0.1,2,0,4,0.9474405627572275,28.94112153413442,1.0356710384453007,False
resnet,0.1,2,0,5,0.9352100177888415,28.94112153413442,1.0356710384453007,False
resnet,0.1,2,0,6,0.9239788682240504,28.94112153413442,1.0356710384453007,False
resnet,0.1,2,0,7,0.9134137600732342,28.94112153413442,1.0356710384453007,False
resnet,0.1,2,0,8,0.9040938731134148,28.94112153413442,1.0356710384453007,False
resnet,0.1,2,0,9,0.8964571330936217,28.94112153413442,1.0356710384453007,False
resnet,0.1,2,0,10,0.8882764893980337,28.94112153413442,1.0356710384453007,False
resnet,0.1,2,0,11,0.8797939317690803,28.94112153413442,1.0356710384453007,False
resnet,0.1,2,0,12,0.8715341132432586,28.94112153413442,1.0356710384453007,False
resnet,0.1,2,0,13,0.8642754120720458,28.94112153413442,1.0356710384453007,False
resnet,0.1,2,0,14,0.8566153787759284,28.94112153413442,1.0356710384453007,False
resnet,0.1,2,0,15,0.8480350054364615,28.94112153413442,1.0356710384453007,False
resnet,0.1,2,1,0,1.0,18.49863242414512,0.6247254351805159,False
resnet,0.1,2,1,1,0.975680084913761,18.49863242414512,0.6247254351805159,False
resnet,0.1,2,1,2,0.9503009865875041,18.49863242414512,0.6247254351805159,False
resnet,0.1,2,1,3,0.9223236772514005,18.49863242414512,0.6247254351805159,False
resnet,0.1,2,1,4,0.8970993338728162,18.49863242414512,0.6247254351805159,False
resnet,0.1,2,1,5,0.872649051992267,18.49863242414512,0.6247254351805159,False
resnet,0.1,2,1,6,0.8511596428451998,18.49863242414512,0.6247254351805159,False
resnet,0.1,2,1,7,0.8288117438311006,18.49863242414512,0.6247254351805159,False
resnet,0.1,2,1,8,0.8046830369874921,18.49863242414512,0.6247254351805159,False
resnet,0.1,2,1,9,0.7835416156845552,18.49863242414512,0.6247254351805159,False
resnet,0.1,2,1,10,0.7630329567879822,18.49863242414512,0.6247254351805159,False
resnet,0.1,2,1,11,0.7450069568056282,18.49863242414512,0.6247254351805159,False
resnet,0.1,2,1,12,0.7276039522645653,18.49863242414512,0.6247254351805159,False
resnet,0.1,2,1,13,0.7081595005186289,18.49863242414512,0.6247254351805159,False
resnet,0.1,2,1,14,0.6894964034646887,18.49863242414512,0.6247254351805159,False
resnet,0.1,2,1,15,0.6717071692080473,18.49863242414512,0.6247254351805159,False
resnet,0.1,2,2,0,1.0,20.952073330966915,0.4032314818634984,False
resnet,0.1,2,2,1,0.9336983254615911,20.952073330966915,0.4032314818634984,False
resnet,0.1,2,2,2,0.8697735781183908,20.952073330966915,0.4032314818634984,False
resnet,0.1,2,2,3,0.8123178817168635,20.952073330966915,0.4032314818634984,False
resnet,0.1,2,2,4,0.7445771237404001,20.952073330966915,0.4032314818634984,False
resnet,0.1,2,2,5,0.6830567697638797,20.952073330966915,0.4032314818634984,False
resnet,0.1,2,2,6,0.6255508106980384,20.952073330966915,0.4032314818634984,False
resnet,0.1,2,2,7,0.5637484161056416,20.952073330966915,0.4032314818634984,False
resnet,0.1,2,2,8,0.5141564394675093,20.952073330966915,0.4032314818634984,False
resnet,0.1,2,2,9,0.4544736664424442,20.952073330966915,0.4032314818634984,False
resnet,0.1,2,2,10,0.4018713605385497,20.952073330966915,0.4032314818634984,False
resnet,0.1,2,2,11,0.3633872139883412,20.952073330966915,0.4032314818634984,False
resnet,0.1,2,2,12,0.33691511334362073,20.952073330966915,0.4032314818634984,False
resnet,0.1,2,2,13,0.31362945140455484,20.952073330966915,0.4032314818634984,False
resnet,0.1,2,2,14,0.2964643970815455,20.952073330966915,0.4032314818634984,False
resnet,0.1,2,2,15,0.28517505349760364,20.952073330966915,0.4032314818634984,False
resnet,0.1,2,3,0,1.0,13.089000620696545,0.8099381921335366,False
resnet,0.1,2,3,1,0.9866688796331146,13.089000620696545,0.8099381921335366,False
resnet,0.1,2,3,2,0.9736524204137609,13.089000620696545,0.8099381921335366,False
resnet,0.1,2,3,3,0.9604833053895853,13.089000620696545,0.8099381921335366,False
resnet,0.1,2,3,4,0.9477531058018566,13.089000620696545,0.8099381921335366,False
resnet,0.1,2,3,5,0.9335650740217158,13.089000620696545,0.8099381921335366,False
resnet,0.1,2,3,6,0.9194675569293971,13.089000620696545,0.8099381921335366,False
resnet,0.1,2,3,7,0.906412917169961,13.089000620696545,0.8099381921335366,False
resnet,0.1,2,3,8,0.8933867917704529,13.089000620696545,0.8099381921335366,False
resnet,0.1,2,3,9,0.8806224410556989,13.089000620696545,0.8099381921335366,False
resnet,0.1,2,3,10,0.8684924028752978,13.089000620696545,0.8099381921335366,False
resnet,0.1,2,3,11,0.8580483802041478,13.089000620696545,0.8099381921335366,False
resnet,0.1,2,3,12,0.8473504176949432,13.089000620696545,0.8099381921335366,False
resnet,0.1,2,3,13,0.8358978232217786,13.089000620696545,0.8099381921335366,False
resnet,0.1,2,3,14,0.8270119164484058,13.089000620696545,0.8099381921335366,False
resnet,0.1,2,3,15,0.8186958657359419,13.089000620696545,0.8099381921335366,False
resnet,0.1,2,4,0,1.0,19.54169190025146,0.9179052082980363,False
resnet,0.1,2,4,1,0.9880798178445337,19.54169190025146,0.9179052082980363,False
resnet,0.1,2,4,2,0.9742708947262236,19.54169190025146,0.9179052082980363,False
resnet,0.1,2,4,3,0.9613018257916677,19.54169190025146,0.9179052082980363,False
resnet,0.1,2,4,4,0.9493977626494506,19.54169190025146,0.9179052082980363,False
resnet,0.1,2,4,5,0.9374806069556564,19.54169190025146,0.9179052082980363,False
resnet,0.1,2,4,6,0.927356011984431,19.54169190025146,0.9179052082980363,False
resnet,0.1,2,4,7,0.91674569789458,19.54169190025146,0.9179052082980363,False
resnet,0.1,2,4,8,0.9044918280492493,19.54169190025146,0.9179052082980363,False
resnet,0.1,2,4,9,0.8896773057407441,19.54169190025146,0.9179052082980363,False
resnet,0.1,2,4,10,0.8721199884065065,19.54169190025146,0.9179052082980363,False
resnet,0.1,2,4,11,0.8554893230384935,19.54169190025146,0.9179052082980363,False
resnet,0.1,2,4,12,0.8376405425884016,19.54169190025146,0.9179052082980363,False
resnet,0.1,2,4,13,0.8192756500150941,19.54169190025146,0.9179052082980363,False
resnet,0.1,2,4,14,0.8016131761316934,19.54169190025146,0.9179052082980363,False
resnet,0.1,2,4,15,0.7859027198114807,19.54169190025146,0.9179052082980363,False
resnet,0.1,2,5,0,1.0,25.408005970222202,0.4969087851264325,False
resnet,0.1,2,5,1,0.9692698522876744,25.408005970222202,0.4969087851264325,False
resnet,0.1,2,5,2,0.9481893659466942,25.408005970222202,0.4969087851264325,False
resnet,0.1,2,5,3,0.9335087078483352,25.408005970222202,0.4969087851264325,False
resnet,0.1,2,5,4,0.9154414800611702,25.408005970222202,0.4969087851264325,False
resnet,0.1,2,5,5,0.9031426496756684,25.408005970222202,0.4969087851264325,False
resnet,0.1,2,5,6,0.8793748392673927,25.408005970222202,0.4969087851264325,False
resnet,0.1,2,5,7,0.8543851719313393,25.408005970222202,0.4969087851264325,False
resnet,0.1,2,5,8,0.834895577293703,25.408005970222202,0.4969087851264325,False
resnet,0.1,2,5,9,0.8142804161870533,25.408005970222202,0.4969087851264325,False
resnet,0.1,2,5,10,0.8032212098171947,25.408005970222202,0.4969087851264325,False
resnet,0.1,2,5,11,0.7884061469614625,25.408005970222202,0.4969087851264325,False
resnet,0.1,2,5,12,0.7713747744964115,25.408005970222202,0.4969087851264325,False
resnet,0.1,2,5,13,0.7571928345325825,25.408005970222202,0.4969087851264325,False
resnet,0.1,2,5,14,0.7440224076723556,25.408005970222202,0.4969087851264325,False
resnet,0.1,2,5,15,0.7430360020739595,25.408005970222202,0.4969087851264325,False
resnet,0.1,2,6,0,1.0,25.00308937523555,0.5827383197337546,False
resnet,0.1,2,6,1,0.9734875340514797,25.00308937523555,0.5827383197337546,False
resnet,0.1,2,6,2,0.9513233926391682,25.00308937523555,0.5827383197337546,False
resnet,0.1,2,6,3,0.9277472293837391,25.00308937523555,0.5827383197337546,False
resnet,0.1,2,6,4,0.9034014729504907,25.00308937523555,0.5827383197337546,False
resnet,0.1,2,6,5,0.8778798520966685,25.00308937523555,0.5827383197337546,False
resnet,0.1,2,6,6,0.8502140831193071,25.00308937523555,0.5827383197337546,False
resnet,0.1,2,6,7,0.8230959584509003,25.00308937523555,0.5827383197337546,False
resnet,0.1,2,6,8,0.7957978695018734,25.00308937523555,0.5827383197337546,False
resnet,0.1,2,6,9,0.7634358432267927,25.00308937523555,0.5827383197337546,False
resnet,0.1,2,6,10,0.7295942531981326,25.00308937523555,0.5827383197337546,False
resnet,0.1,2,6,11,0.6936681780137148,25.00308937523555,0.5827383197337546,False
resnet,0.1,2,6,12,0.6563201952931486,25.00308937523555,0.5827383197337546,False
resnet,0.1,2,6,13,0.6180130667358911,25.00308937523555,0.5827383197337546,False
resnet,0.1,2,6,14,0.5775828152401515,25.00308937523555,0.5827383197337546,False
resnet,0.1,2,6,15,0.5351738982713372,25.00308937523555,0.5827383197337546,False
resnet,0.1,2,7,0,1.0,7.99832918168468,0.3828139045778465,False
resnet,0.1,2,7,1,0.9504705349564214,7.99832918168468,0.3828139045778465,False
resnet,0.1,2,7,2,0.9127809795358248,7.99832918168468,0.3828139045778465,False
resnet,0.1,2,7,3,0.8743320395418827,7.99832918168468,0.3828139045778465,False
resnet,0.1,2,7,4,0.8403948588481147,7.99832918168468,0.3828139045778465,False
resnet,0.1,2,7,5,0.8046474633777155,7.99832918168468,0.3828139045778465,False
resnet,0.1,2,7,6,0.7742849571766233,7.99832918168468,0.3828139045778465,False
resnet,0.1,2,7,7,0.7401230785638033,7.99832918168468,0.3828139045778465,False
resnet,0.1,2,7,8,0.7099221607847431,7.99832918168468,0.3828139045778465,False
resnet,0.1,2,7,9,0.6786319274277021,7.99832918168468,0.3828139045778465,False
resnet,0.1,2,7,10,0.6487672302416857,7.99832918168468,0.3828139045778465,False
resnet,0.1,2,7,11,0.6207010857428373,7.99832918168468,0.3828139045778465,False
resnet,0.1,2,7,12,0.5860255365383512,7.99832918168468,0.3828139045778465,False
resnet,0.1,2,7,13,0.561231241808826,7.99832918168468,0.3828139045778465,False
resnet,0.1,2,7,14,0.5228968198178789,7.99832918168468,0.3828139045778465,False
resnet,0.1,2,7,15,0.48423561803635073,7.99832918168468,0.3828139045778465,False
resnet,0.1,2,8,0,1.0,14.032295613062683,0.7398817258043442,False
resnet,0.1,2,8,1,0.9827663780733705,14.032295613062683,0.7398817258043442,False
resnet,0.1,2,8,2,0.9632558633122478,14.032295613062683,0.7398817258043442,False
resnet,0.1,2,8,3,0.9409518817036209,14.032295613062683,0.7398817258043442,False
resnet,0.1,2,8,4,0.9208012377278472,14.032295613062683,0.7398817258043442,False
resnet,0.1,2,8,5,0.9013670287740402,14.032295613062683,0.7398817258043442,False
resnet,0.1,2,8,6,0.8802623220679939,14.032295613062683,0.7398817258043442,False
resnet,0.1,2,8,7,0.8622221883105942,14.032295613062683,0.7398817258043442,False
resnet,0.1,2,8,8,0.8473584270338034,14.032295613062683,0.7398817258043442,False
resnet,0.1,2,8,9,0.8324153711183745,14.032295613062683,0.7398817258043442,False
resnet,0.1,2,8,10,0.8188652985262481,14.032295613062683,0.7398817258043442,False
resnet,0.1,2,8,11,0.8042190070565335,14.032295613062683,0.7398817258043442,False
resnet,0.1,2,8,12,0.7913979097751761,14.032295613062683,0.7398817258043442,False
resnet,0.1,2,8,13,0.7779966307160435,14.032295613062683,0.7398817258043442,False
resnet,0.1,2,8,14,0.7640740926646202,14.032295613062683,0.7398817258043442,False
resnet,0.1,2,8,15,0.749170142194925,14.032295613062683,0.7398817258043442,False
resnet,0.1,2,9,0,1.0,19.945343598210687,1.2046734843541973,False
resnet,0.1,2,9,1,0.988552324748155,19.945343598210687,1.2046734843541973,False
resnet,0.1,2,9,2,0.974742023951507,19.945343598210687,1.2046734843541973,False
resnet,0.1,2,9,3,0.9642592508636011,19.945343598210687,1.2046734843541973,False
resnet,0.1,2,9,4,0.9539882805356256,19.945343598210687,1.2046734843541973,False
resnet,0.1,2,9,5,0.9440190670960434,19.945343598210687,1.2046734843541973,False
resnet,0.1,2,9,6,0.9343228264182926,19.945343598210687,1.2046734843541973,False
resnet,0.1,2,9,7,0.9248653866529202,19.945343598210687,1.2046734843541973,False
resnet,0.1,2,9,8,0.9139227524189447,19.945343598210687,1.2046734843541973,False
resnet,0.1,2,9,9,0.9006280181981853,19.945343598210687,1.2046734843541973,False
resnet,0.1,2,9,10,0.8894208047224862,19.945343598210687,1.2046734843541973,False
resnet,0.1,2,9,11,0.8786777568150734,19.945343598210687,1.2046734843541973,False
resnet,0.1,2,9,12,0.867297855314042,19.945343598210687,1.2046734843541973,False
resnet,0.1,2,9,13,0.8562645279213669,19.945343598210687,1.2046734843541973,False
resnet,0.1,2,9,14,0.8404247659413621,19.945343598210687,1.2046734843541973,False
resnet,0.1,2,9,15,0.8218703041533263,19.945343598210687,1.2046734843541973,False
resnet,0.1,2,10,0,1.0,14.05980951650473,0.2651593910633251,False
resnet,0.1,2,10,1,0.9056507068795739,14.05980951650473,0.2651593910633251,False
resnet,0.1,2,10,2,0.8321702990975671,14.05980951650473,0.2651593910633251,False
resnet,0.1,2,10,3,0.7651286777188564,14.05980951650473,0.2651593910633251,False
resnet,0.1,2,10,4,0.7045000343489373,14.05980951650473,0.2651593910633251,False
resnet,0.1,2,10,5,0.6362704523570367,14.05980951650473,0.2651593910633251,False
resnet,0.1,2,10,6,0.569766592946021,14.05980951650473,0.2651593910633251,False
resnet,0.1,2,10,7,0.5128236339393822,14.05980951650473,0.2651593910633251,False
resnet,0.1,2,10,8,0.4642247237895281,14.05980951650473,0.2651593910633251,False
resnet,0.1,2,10,9,0.42350354567806964,14.05980951650473,0.2651593910633251,False
resnet,0.1,2,10,10,0.39141833623401234,14.05980951650473,0.2651593910633251,False
resnet,0.1,2,10,11,0.32250633370066334,14.05980951650473,0.2651593910633251,False
resnet,0.1,2,10,12,0.25738777241168026,14.05980951650473,0.2651593910633251,False
resnet,0.1,2,10,13,0.21006859884123072,14.05980951650473,0.2651593910633251,False
resnet,0.1,2,10,14,0.1660773183736475,14.05980951650473,0.2651593910633251,False
resnet,0.1,2,10,15,0.12398438457652744,14.05980951650473,0.2651593910633251,False
resnet,0.1,2,11,0,1.0,21.75116557240774,0.9813025663760846,False
resnet,0.1,2,11,1,0.9904574668686046,21.75116557240774,0.9813025663760846,False
resnet,0.1,2,11,2,0.9800585976467475,21.75116557240774,0.9813025663760846,False
resnet,0.1,2,11,3,0.9704326921582501,21.75116557240774,0.9813025663760846,False
resnet,0.1,2,11,4,0.9596805520963374,21.75116557240774,0.9813025663760846,False
resnet,0.1,2,11,5,0.9491381708976186,21.75116557240774,0.9813025663760846,False
resnet,0.1,2,11,6,0.93971507934506,21.75116557240774,0.9813025663760846,False
resnet,0.1,2,11,7,0.9308174075916869,21.75116557240774,0.9813025663760846,False
resnet,0.1,2,11,8,0.9213374504284721,21.75116557240774,0.9813025663760846,False
resnet,0.1,2,11,9,0.9120766506452485,21.75116557240774,0.9813025663760846,False
resnet,0.1,2,11,10,0.902774796187614,21.75116557240774,0.9813025663760846,False
resnet,0.1,2,11,11,0.8940960346827888,21.75116557240774,0.9813025663760846,False
resnet,0.1,2,11,12,0.884963949573458,21.75116557240774,0.9813025663760846,False
resnet,0.1,2,11,13,0.8759216551460399,21.75116557240774,0.9813025663760846,False
resnet,0.1,2,11,14,0.866782442999949,21.75116557240774,0.9813025663760846,False
resnet,0.1,2,11,15,0.8574515430233034,21.75116557240774,0.9813025663760846,False
resnet,0.1,2,12,0,1.0,9.978427585585639,0.49642192925204004,False
resnet,0.1,2,12,1,0.969138516949675,9.978427585585639,0.49642192925204004,False
resnet,0.1,2,12,2,0.94023615496706,9.978427585585639,0.49642192925204004,False
resnet,0.1,2,12,3,0.9098737978859311,9.978427585585639,0.49642192925204004,False
resnet,0.1,2,12,4,0.8862102650902309,9.978427585585639,0.49642192925204004,False
resnet,0.1,2,12,5,0.8565678986718118,9.978427585585639,0.49642192925204004,False
resnet,0.1,2,12,6,0.8216794288897171,9.978427585585639,0.49642192925204004,False
resnet,0.1,2,12,7,0.788645197506056,9.978427585585639,0.49642192925204004,False
resnet,0.1,2,12,8,0.7557721375394804,9.978427585585639,0.49642192925204004,False
resnet,0.1,2,12,9,0.7307332077484265,9.978427585585639,0.49642192925204004,False
resnet,0.1,2,12,10,0.7075857261585463,9.978427585585639,0.49642192925204004,False
resnet,0.1,2,12,11,0.683238855274983,9.978427585585639,0.49642192925204004,False
resnet,0.1,2,12,12,0.6511210162395228,9.978427585585639,0.49642192925204004,False
resnet,0.1,2,12,13,0.6157901766406594,9.978427585585639,0.49642192925204004,False
resnet,0.1,2,12,14,0.5839115875245863,9.978427585585639,0.49642192925204004,False
resnet,0.1,2,12,15,0.5535584684989338,9.978427585585639,0.49642192925204004,False
resnet,0.1,2,13,0,1.0,17.519643039132276,0.714378448240561,False
resnet,0.1,2,13,1,0.9794535891304311,17.519643039132276,0.714378448240561,False
resnet,0.1,2,13,2,0.9577184143565317,17.519643039132276,0.714378448240561,False
resnet,0.1,2,13,3,0.9371837822758816,17.519643039132276,0.714378448240561,False
resnet,0.1,2,13,4,0.9200715354428234,17.519643039132276,0.714378448240561,False
resnet,0.1,2,13,5,0.9058943582211618,17.519643039132276,0.714378448240561,False
resnet,0.1,2,13,6,0.8947181146395563,17.519643039132276,0.714378448240561,False
resnet,0.1,2,13,7,0.8804045374478584,17.519643039132276,0.714378448240561,False
resnet,0.1,2,13,8,0.8648033400663325,17.519643039132276,0.714378448240561,False
resnet,0.1,2,13,9,0.8472615410517979,17.519643039132276,0.714378448240561,False
resnet,0.1,2,13,10,0.8281598723391003,17.519643039132276,0.714378448240561,False
resnet,0.1,2,13,11,0.8109378051352734,17.519643039132276,0.714378448240561,False
resnet,0.1,2,13,12,0.7959875076712389,17.519643039132276,0.714378448240561,False
resnet,0.1,2,13,13,0.7807316844979617,17.519643039132276,0.714378448240561,False
resnet,0.1,2,13,14,0.766902461223231,17.519643039132276,0.714378448240561,False
resnet,0.1,2,13,15,0.7532949614737195,17.519643039132276,0.714378448240561,False
resnet,0.1,2,14,0,1.0,31.206860613932513,0.4032039794473231,False
resnet,0.1,2,14,1,0.9635637674078408,31.206860613932513,0.4032039794473231,False
resnet,0.1,2,14,2,0.9334618770795204,31.206860613932513,0.4032039794473231,False
resnet,0.1,2,14,3,0.8969868457096335,31.206860613932513,0.4032039794473231,False
resnet,0.1,2,14,4,0.866440698738986,31.206860613932513,0.4032039794473231,False
resnet,0.1,2,14,5,0.840774795284547,31.206860613932513,0.4032039794473231,False
resnet,0.1,2,14,6,0.8146148482548702,31.206860613932513,0.4032039794473231,False
resnet,0.1,2,14,7,0.7900365023186383,31.206860613932513,0.4032039794473231,False
resnet,0.1,2,14,8,0.7705175426094335,31.206860613932513,0.4032039794473231,False
resnet,0.1,2,14,9,0.7508992639535734,31.206860613932513,0.4032039794473231,False
resnet,0.1,2,14,10,0.7366915715885591,31.206860613932513,0.4032039794473231,False
resnet,0.1,2,14,11,0.7175307921696842,31.206860613932513,0.4032039794473231,False
resnet,0.1,2,14,12,0.703684403486624,31.206860613932513,0.4032039794473231,False
resnet,0.1,2,14,13,0.6906358378988878,31.206860613932513,0.4032039794473231,False
resnet,0.1,2,14,14,0.6761919216051304,31.206860613932513,0.4032039794473231,False
resnet,0.1,2,14,15,0.6553061245581413,31.206860613932513,0.4032039794473231,False
resnet,0.1,2,15,0,1.0,23.85559080103692,0.6088449429348809,False
resnet,0.1,2,15,1,0.9792677647740666,23.85559080103692,0.6088449429348809,False
resnet,0.1,2,15,2,0.9590968570065239,23.85559080103692,0.6088449429348809,False
resnet,0.1,2,15,3,0.9423992840753744,23.85559080103692,0.6088449429348809,False
resnet,0.1,2,15,4,0.920710651047892,23.85559080103692,0.6088449429348809,False
resnet,0.1,2,15,5,0.8992081425586382,23.85559080103692,0.6088449429348809,False
resnet,0.1,2,15,6,0.8799648828502485,23.85559080103692,0.6088449429348809,False
resnet,0.1,2,15,7,0.8606389970547083,23.85559080103692,0.6088449429348809,False
resnet,0.1,2,15,8,0.8434357021198091,23.85559080103692,0.6088449429348809,False
resnet,0.1,2,15,9,0.8273785921189978,23.85559080103692,0.6088449429348809,False
resnet,0.1,2,15,10,0.8039878286245378,23.85559080103692,0.6088449429348809,False
resnet,0.1,2,15,11,0.7833728899432232,23.85559080103692,0.6088449429348809,False
resnet,0.1,2,15,12,0.7638125784334077,23.85559080103692,0.6088449429348809,False
resnet,0.1,2,15,13,0.7405515145299991,23.85559080103692,0.6088449429348809,False
resnet,0.1,2,15,14,0.7185059368914495,23.85559080103692,0.6088449429348809,False
resnet,0.1,2,15,15,0.6910176306320597,23.85559080103692,0.6088449429348809,False
resnet,0.1,2,16,0,1.0,15.243852852614667,0.6993470998442493,False
resnet,0.1,2,16,1,0.9767352598746178,15.243852852614667,0.6993470998442493,False
resnet,0.1,2,16,2,0.9488925612769474,15.243852852614667,0.6993470998442493,False
resnet,0.1,2,16,3,0.9234349994576276,15.243852852614667,0.6993470998442493,False
resnet,0.1,2,16,4,0.8952758911918934,15.243852852614667,0.6993470998442493,False
resnet,0.1,2,16,5,0.8692599076088524,15.243852852614667,0.6993470998442493,False
resnet,0.1,2,16,6,0.8496404522571664,15.243852852614667,0.6993470998442493,False
resnet,0.1,2,16,7,0.8306016578035381,15.243852852614667,0.6993470998442493,False
resnet,0.1,2,16,8,0.8154328962028885,15.243852852614667,0.6993470998442493,False
resnet,0.1,2,16,9,0.8040938890748982,15.243852852614667,0.6993470998442493,False
resnet,0.1,2,16,10,0.7948159368424005,15.243852852614667,0.6993470998442493,False
resnet,0.1,2,16,11,0.7857310366834224,15.243852852614667,0.6993470998442493,False
resnet,0.1,2,16,12,0.7718973419012183,15.243852852614667,0.6993470998442493,False
resnet,0.1,2,16,13,0.7556926007116397,15.243852852614667,0.6993470998442493,False
resnet,0.1,2,16,14,0.7394140078646961,15.243852852614667,0.6993470998442493,False
resnet,0.1,2,16,15,0.7214160282467811,15.243852852614667,0.6993470998442493,False
resnet,0.1,2,17,0,1.0,9.120962409595323,0.5532534834907841,False
resnet,0.1,2,17,1,0.9672882917908495,9.120962409595323,0.5532534834907841,False
resnet,0.1,2,17,2,0.9354073613926243,9.120962409595323,0.5532534834907841,False
resnet,0.1,2,17,3,0.9028195853613227,9.120962409595323,0.5532534834907841,False
resnet,0.1,2,17,4,0.8741974167607531,9.120962409595323,0.5532534834907841,False
resnet,0.1,2,17,5,0.8484753232105177,9.120962409595323,0.5532534834907841,False
resnet,0.1,2,17,6,0.8234218913349625,9.120962409595323,0.5532534834907841,False
resnet,0.1,2,17,7,0.8047661004554069,9.120962409595323,0.5532534834907841,False
resnet,0.1,2,17,8,0.7850769988536865,9.120962409595323,0.5532534834907841,False
resnet,0.1,2,17,9,0.7683840610009961,9.120962409595323,0.5532534834907841,False
resnet,0.1,2,17,10,0.7500937110222106,9.120962409595323,0.5532534834907841,False
resnet,0.1,2,17,11,0.7364435987596837,9.120962409595323,0.5532534834907841,False
resnet,0.1,2,17,12,0.7233087717217368,9.120962409595323,0.5532534834907841,False
resnet,0.1,2,17,13,0.705920239687967,9.120962409595323,0.5532534834907841,False
resnet,0.1,2,17,14,0.695092480573307,9.120962409595323,0.5532534834907841,False
resnet,0.1,2,17,15,0.6867090511762504,9.120962409595323,0.5532534834907841,False
resnet,0.1,2,18,0,1.0,26.77331948294976,1.099187483700789,False
resnet,0.1,2,18,1,0.9880140299223295,26.77331948294976,1.099187483700789,False
resnet,0.1,2,18,2,0.9751440908712784,26.77331948294976,1.099187483700789,False
resnet,0.1,2,18,3,0.962339983223285,26.77331948294976,1.099187483700789,False
resnet,0.1,2,18,4,0.9487448836350836,26.77331948294976,1.099187483700789,False
resnet,0.1,2,18,5,0.9344132248542796,26.77331948294976,1.099187483700789,False
resnet,0.1,2,18,6,0.9196883852213691,26.77331948294976,1.099187483700789,False
resnet,0.1,2,18,7,0.905379592126675,26.77331948294976,1.099187483700789,False
resnet,0.1,2,18,8,0.89030765838996,26.77331948294976,1.099187483700789,False
resnet,0.1,2,18,9,0.872150199204283,26.77331948294976,1.099187483700789,False
resnet,0.1,2,18,10,0.8533226423017632,26.77331948294976,1.099187483700789,False
resnet,0.1,2,18,11,0.8361320188113966,26.77331948294976,1.099187483700789,False
resnet,0.1,2,18,12,0.8199020065832476,26.77331948294976,1.099187483700789,False
resnet,0.1,2,18,13,0.8041902281043296,26.77331948294976,1.099187483700789,False
resnet,0.1,2,18,14,0.7881811373722896,26.77331948294976,1.099187483700789,False
resnet,0.1,2,18,15,0.771775241490068,26.77331948294976,1.099187483700789,False
resnet,0.1,2,19,0,1.0,13.52901356244594,0.6658378223561456,False
resnet,0.1,2,19,1,0.9809753007259299,13.52901356244594,0.6658378223561456,False
resnet,0.1,2,19,2,0.9617087704703295,13.52901356244594,0.6658378223561456,False
resnet,0.1,2,19,3,0.9473938600633545,13.52901356244594,0.6658378223561456,False
resnet,0.1,2,19,4,0.9337194949281025,13.52901356244594,0.6658378223561456,False
resnet,0.1,2,19,5,0.9170992368182704,13.52901356244594,0.6658378223561456,False
resnet,0.1,2,19,6,0.8979749766933627,13.52901356244594,0.6658378223561456,False
resnet,0.1,2,19,7,0.8775520733295288,13.52901356244594,0.6658378223561456,False
resnet,0.1,2,19,8,0.8570006669109871,13.52901356244594,0.6658378223561456,False
resnet,0.1,2,19,9,0.8386248132113415,13.52901356244594,0.6658378223561456,False
resnet,0.1,2,19,10,0.8209926082753836,13.52901356244594,0.6658378223561456,False
resnet,0.1,2,19,11,0.8019313073197506,13.52901356244594,0.6658378223561456,False
resnet,0.1,2,19,12,0.7802545403993277,13.52901356244594,0.6658378223561456,False
resnet,0.1,2,19,13,0.7606934000190325,13.52901356244594,0.6658378223561456,False
resnet,0.1,2,19,14,0.7457629991664317,13.52901356244594,0.6658378223561456,False
resnet,0.1,2,19,15,0.7287774342230378,13.52901356244594,0.6658378223561456,False
resnet,0.1,4,0,0,1.0,45.0172569635849,1.0171221662728185,False
resnet,0.1,4,0,1,0.9800162849169674,45.0172569635849,1.0171221662728185,False
resnet,0.1,4,0,2,0.9590272615264427,45.0172569635849,1.0171221662728185,False
resnet,0.1,4,0,3,0.9338214049061933,45.0172569635849,1.0171221662728185,False
resnet,0.1,4,0,4,0.9072889436230438,45.0172569635849,1.0171221662728185,False
resnet,0.1,4,0,5,0.8791518836968352,45.0172569635849,1.0171221662728185,False
resnet,0.1,4,0,6,0.8530131715363021,45.0172569635849,1.0171221662728185,False
resnet,0.1,4,0,7,0.8279873218951298,45.0172569635849,1.0171221662728185,False
resnet,0.1,4,0,8,0.8065328525276162,45.0172569635849,1.0171221662728185,False
resnet,0.1,4,0,9,0.78973687243887,45.0172569635849,1.0171221662728185,False
resnet,0.1,4,0,10,0.7779580143692363,45.0172569635849,1.0171221662728185,False
resnet,0.1,4,0,11,0.7705262311659071,45.0172569635849,1.0171221662728185,False
resnet,0.1,4,0,12,0.7629373388632024,45.0172569635849,1.0171221662728185,False
resnet,0.1,4,0,13,0.7556926714477781,45.0172569635849,1.0171221662728185,False
resnet,0.1,4,0,14,0.7490687390835602,45.0172569635849,1.0171221662728185,False
resnet,0.1,4,0,15,0.7381982158310266,45.0172569635849,1.0171221662728185,False
resnet,0.1,4,1,0,1.0,13.411137562949397,0.4649506258133844,False
resnet,0.1,4,1,1,0.9649598228962768,13.411137562949397,0.4649506258133844,False
resnet,0.1,4,1,2,0.9307455425224773,13.411137562949397,0.4649506258133844,False
resnet,0.1,4,1,3,0.8963957094990274,13.411137562949397,0.4649506258133844,False
resnet,0.1,4,1,4,0.8602699109912332,13.411137562949397,0.4649506258133844,False
resnet,0.1,4,1,5,0.8199298759259496,13.411137562949397,0.4649506258133844,False
resnet,0.1,4,1,6,0.7779582166836323,13.411137562949397,0.4649506258133844,False
resnet,0.1,4,1,7,0.7456192303538111,13.411137562949397,0.4649506258133844,False
resnet,0.1,4,1,8,0.707342661289619,13.411137562949397,0.4649506258133844,False
resnet,0.1,4,1,9,0.6710022297693394,13.411137562949397,0.4649506258133844,False
resnet,0.1,4,1,10,0.6273074426822486,13.411137562949397,0.4649506258133844,False
resnet,0.1,4,1,11,0.5776538171837475,13.411137562949397,0.4649506258133844,False
resnet,0.1,4,1,12,0.5258537281761453,13.411137562949397,0.4649506258133844,False
resnet,0.1,4,1,13,0.473513763189197,13.411137562949397,0.4649506258133844,False
resnet,0.1,4,1,14,0.43315025203637514,13.411137562949397,0.4649506258133844,False
resnet,0.1,4,1,15,0.395244030391359,13.411137562949397,0.4649506258133844,False
resnet,0.1,4,2,0,1.0,10.362561493482437,0.601327934137848,False
resnet,0.1,4,2,1,0.9733905971893467,10.362561493482437,0.601327934137848,False
resnet,0.1,4,2,2,0.9454689120161063,10.362561493482437,0.601327934137848,False
resnet,0.1,4,2,3,0.9159440175654416,10.362561493482437,0.601327934137848,False
resnet,0.1,4,2,4,0.8834535710707013,10.362561493482437,0.601327934137848,False
resnet,0.1,4,2,5,0.851151913084971,10.362561493482437,0.601327934137848,False
resnet,0.1,4,2,6,0.814660598452708,10.362561493482437,0.601327934137848,False
resnet,0.1,4,2,7,0.7785892637128559,10.362561493482437,0.601327934137848,False
resnet,0.1,4,2,8,0.7404826301669627,10.362561493482437,0.601327934137848,False
resnet,0.1,4,2,9,0.7057734042961261,10.362561493482437,0.601327934137848,False
resnet,0.1,4,2,10,0.6728664084437952,10.362561493482437,0.601327934137848,False
resnet,0.1,4,2,11,0.6384903566688093,10.362561493482437,0.601327934137848,False
resnet,0.1,4,2,12,0.6120961957630568,10.362561493482437,0.601327934137848,False
resnet,0.1,4,2,13,0.5866530678690366,10.362561493482437,0.601327934137848,False
resnet,0.1,4,2,14,0.5655764934930031,10.362561493482437,0.601327934137848,False
resnet,0.1,4,2,15,0.5480478937838726,10.362561493482437,0.601327934137848,False
resnet,0.1,4,3,0,1.0,11.060393774059644,0.30116866976611945,False
resnet,0.1,4,3,1,0.8895458556037593,11.060393774059644,0.30116866976611945,False
resnet,0.1,4,3,2,0.7710876531949553,11.060393774059644,0.30116866976611945,False
resnet,0.1,4,3,3,0.7138636192026756,11.060393774059644,0.30116866976611945,False
resnet,0.1,4,3,4,0.6784782188097199,11.060393774059644,0.30116866976611945,False
resnet,0.1,4,3,5,0.6385903170713405,11.060393774059644,0.30116866976611945,False
resnet,0.1,4,3,6,0.5902810139296526,11.060393774059644,0.30116866976611945,False
resnet,0.1,4,3,7,0.5495433381269177,11.060393774059644,0.30116866976611945,False
resnet,0.1,4,3,8,0.49868416700526585,11.060393774059644,0.30116866976611945,False
resnet,0.1,4,3,9,0.4458661132323585,11.060393774059644,0.30116866976611945,False
resnet,0.1,4,3,10,0.4019842226293686,11.060393774059644,0.30116866976611945,False
resnet,0.1,4,3,11,0.3868770328712155,11.060393774059644,0.30116866976611945,False
resnet,0.1,4,3,12,0.3750996677928812,11.060393774059644,0.30116866976611945,False
resnet,0.1,4,3,13,0.33309510044633384,11.060393774059644,0.30116866976611945,False
resnet,0.1,4,3,14,0.2944845379011525,11.060393774059644,0.30116866976611945,False
resnet,0.1,4,3,15,0.250838937610924,11.060393774059644,0.30116866976611945,False
resnet,0.1,4,4,0,1.0,13.23961624222813,0.8142198319185451,False
resnet,0.1,4,4,1,0.9758264141955738,13.23961624222813,0.8142198319185451,False
resnet,0.1,4,4,2,0.9530276416150614,13.23961624222813,0.8142198319185451,False
resnet,0.1,4,4,3,0.9387815792775397,13.23961624222813,0.8142198319185451,False
resnet,0.1,4,4,4,0.9198143683648137,13.23961624222813,0.8142198319185451,False
resnet,0.1,4,4,5,0.8990124475994715,13.23961624222813,0.8142198319185451,False
resnet,0.1,4,4,6,0.8756119597298412,13.23961624222813,0.8142198319185451,False
resnet,0.1,4,4,7,0.8501705141939279,13.23961624222813,0.8142198319185451,False
resnet,0.1,4,4,8,0.8266138789208302,13.23961624222813,0.8142198319185451,False
resnet,0.1,4,4,9,0.804735181074734,13.23961624222813,0.8142198319185451,False
resnet,0.1,4,4,10,0.7906703499508276,13.23961624222813,0.8142198319185451,False
resnet,0.1,4,4,11,0.7745657862872374,13.23961624222813,0.8142198319185451,False
resnet,0.1,4,4,12,0.7567466933821926,13.23961624222813,0.8142198319185451,False
resnet,0.1,4,4,13,0.7443393066805615,13.23961624222813,0.8142198319185451,False
resnet,0.1,4,4,14,0.7285211864263496,13.23961624222813,0.8142198319185451,False
resnet,0.1,4,4,15,0.7182388340493316,13.23961624222813,0.8142198319185451,False
resnet,0.1,4,5,0,1.0,35.62001721260111,1.2895874342376243,False
resnet,0.1,4,5,1,0.9912487714519159,35.62001721260111,1.2895874342376243,False
resnet,0.1,4,5,2,0.9816773895207656,35.62001721260111,1.2895874342376243,False
resnet,0.1,4,5,3,0.9719627951895082,35.62001721260111,1.2895874342376243,False
resnet,0.1,4,5,4,0.962581620660045,35.62001721260111,1.2895874342376243,False
resnet,0.1,4,5,5,0.9538473089770332,35.62001721260111,1.2895874342376243,False
resnet,0.1,4,5,6,0.9459121259585451,35.62001721260111,1.2895874342376243,False
resnet,0.1,4,5,7,0.9390061107018468,35.62001721260111,1.2895874342376243,False
resnet,0.1,4,5,8,0.9323821105430147,35.62001721260111,1.2895874342376243,False
resnet,0.1,4,5,9,0.926861837377006,35.62001721260111,1.2895874342376243,False
resnet,0.1,4,5,10,0.9190778799358256,35.62001721260111,1.2895874342376243,False
resnet,0.1,4,5,11,0.9101897574169777,35.62001721260111,1.2895874342376243,False
resnet,0.1,4,5,12,0.900919832005629,35.62001721260111,1.2895874342376243,False
resnet,0.1,4,5,13,0.8907374969881757,35.62001721260111,1.2895874342376243,False
resnet,0.1,4,5,14,0.8805162316641288,35.62001721260111,1.2895874342376243,False
resnet,0.1,4,5,15,0.8701148515679022,35.62001721260111,1.2895874342376243,False
resnet,0.1,4,6,0,1.0,13.747136698678068,0.6988917404640065,False
resnet,0.1,4,6,1,0.9727390473159243,13.747136698678068,0.6988917404640065,False
resnet,0.1,4,6,2,0.9435086176849106,13.747136698678068,0.6988917404640065,False
resnet,0.1,4,6,3,0.9146210348625187,13.747136698678068,0.6988917404640065,False
resnet,0.1,4,6,4,0.8879106708308869,13.747136698678068,0.6988917404640065,False
resnet,0.1,4,6,5,0.8626815130701756,13.747136698678068,0.6988917404640065,False
resnet,0.1,4,6,6,0.8392883456771463,13.747136698678068,0.6988917404640065,False
resnet,0.1,4,6,7,0.8145853076829507,13.747136698678068,0.6988917404640065,False
resnet,0.1,4,6,8,0.7914419823569622,13.747136698678068,0.6988917404640065,False
resnet,0.1,4,6,9,0.7726657281458755,13.747136698678068,0.6988917404640065,False
resnet,0.1,4,6,10,0.7500753359455198,13.747136698678068,0.6988917404640065,False
resnet,0.1,4,6,11,0.7229984425607222,13.747136698678068,0.6988917404640065,False
resnet,0.1,4,6,12,0.6982070819519869,13.747136698678068,0.6988917404640065,False
resnet,0.1,4,6,13,0.6745391673214812,13.747136698678068,0.6988917404640065,False
resnet,0.1,4,6,14,0.6557898229600968,13.747136698678068,0.6988917404640065,False
resnet,0.1,4,6,15,0.6388098838672104,13.747136698678068,0.6988917404640065,False
resnet,0.1,4,7,0,1.0,21.26991168049392,0.7514715144744761,False
resnet,0.1,4,7,1,0.976498100802602,21.26991168049392,0.7514715144744761,False
resnet,0.1,4,7,2,0.9525892451207085,21.26991168049392,0.7514715144744761,False
resnet,0.1,4,7,3,0.9237262180939886,21.26991168049392,0.7514715144744761,False
resnet,0.1,4,7,4,0.8956609802972042,21.26991168049392,0.7514715144744761,False
resnet,0.1,4,7,5,0.8675803452878182,21.26991168049392,0.7514715144744761,False
resnet,0.1,4,7,6,0.8404677195168012,21.26991168049392,0.7514715144744761,False
resnet,0.1,4,7,7,0.8226611509085575,21.26991168049392,0.7514715144744761,False
resnet,0.1,4,7,8,0.8081605836605543,21.26991168049392,0.7514715144744761,False
resnet,0.1,4,7,9,0.7951844363593946,21.26991168049392,0.7514715144744761,False
resnet,0.1,4,7,10,0.7821798370797801,21.26991168049392,0.7514715144744761,False
resnet,0.1,4,7,11,0.771204984191055,21.26991168049392,0.7514715144744761,False
resnet,0.1,4,7,12,0.7604060311789415,21.26991168049392,0.7514715144744761,False
resnet,0.1,4,7,13,0.749483720835501,21.26991168049392,0.7514715144744761,False
resnet,0.1,4,7,14,0.7392717276132255,21.26991168049392,0.7514715144744761,False
resnet,0.1,4,7,15,0.7259199216204235,21.26991168049392,0.7514715144744761,False
resnet,0.1,4,8,0,1.0,16.001394750888775,0.5827669447848988,False
resnet,0.1,4,8,1,0.972939089072859,16.001394750888775,0.5827669447848988,False
resnet,0.1,4,8,2,0.9468746878002112,16.001394750888775,0.5827669447848988,False
resnet,0.1,4,8,3,0.9230344093464878,16.001394750888775,0.5827669447848988,False
resnet,0.1,4,8,4,0.8998980683618047,16.001394750888775,0.5827669447848988,False
resnet,0.1,4,8,5,0.8722297653863356,16.001394750888775,0.5827669447848988,False
resnet,0.1,4,8,6,0.8427645682385749,16.001394750888775,0.5827669447848988,False
resnet,0.1,4,8,7,0.8122897655581418,16.001394750888775,0.5827669447848988,False
resnet,0.1,4,8,8,0.7834672248906598,16.001394750888775,0.5827669447848988,False
resnet,0.1,4,8,9,0.7534941387875903,16.001394750888775,0.5827669447848988,False
resnet,0.1,4,8,10,0.7250668237439364,16.001394750888775,0.5827669447848988,False
resnet,0.1,4,8,11,0.6969747582919009,16.001394750888775,0.5827669447848988,False
resnet,0.1,4,8,12,0.6720694871431396,16.001394750888775,0.5827669447848988,False
resnet,0.1,4,8,13,0.6466913275438044,16.001394750888775,0.5827669447848988,False
resnet,0.1,4,8,14,0.6216836622706573,16.001394750888775,0.5827669447848988,False
resnet,0.1,4,8,15,0.5968610079123821,16.001394750888775,0.5827669447848988,False
resnet,0.1,4,9,0,1.0,22.748678141445033,0.36998654656417634,False
resnet,0.1,4,9,1,0.9529591742960236,22.748678141445033,0.36998654656417634,False
resnet,0.1,4,9,2,0.9106457103789708,22.748678141445033,0.36998654656417634,False
resnet,0.1,4,9,3,0.875087113466676,22.748678141445033,0.36998654656417634,False
resnet,0.1,4,9,4,0.8275208131722454,22.748678141445033,0.36998654656417634,False
resnet,0.1,4,9,5,0.7759752127888774,22.748678141445033,0.36998654656417634,False
resnet,0.1,4,9,6,0.7279338268007112,22.748678141445033,0.36998654656417634,False
resnet,0.1,4,9,7,0.6827252701827126,22.748678141445033,0.36998654656417634,False
resnet,0.1,4,9,8,0.6437985620042461,22.748678141445033,0.36998654656417634,False
resnet,0.1,4,9,9,0.6049543181965805,22.748678141445033,0.36998654656417634,False
resnet,0.1,4,9,10,0.5624696428401976,22.748678141445033,0.36998654656417634,False
resnet,0.1,4,9,11,0.5087819167259553,22.748678141445033,0.36998654656417634,False
resnet,0.1,4,9,12,0.4595164448968488,22.748678141445033,0.36998654656417634,False
resnet,0.1,4,9,13,0.40919162116783886,22.748678141445033,0.36998654656417634,False
resnet,0.1,4,9,14,0.3536358556124042,22.748678141445033,0.36998654656417634,False
resnet,0.1,4,9,15,0.30260594884907677,22.748678141445033,0.36998654656417634,False
resnet,0.1,4,10,0,1.0,8.447062887843224,0.5010660910509876,False
resnet,0.1,4,10,1,0.9468713894257729,8.447062887843224,0.5010660910509876,False
resnet,0.1,4,10,2,0.8840055861189736,8.447062887843224,0.5010660910509876,False
resnet,0.1,4,10,3,0.8271793588533937,8.447062887843224,0.5010660910509876,False
resnet,0.1,4,10,4,0.7795444703396816,8.447062887843224,0.5010660910509876,False
resnet,0.1,4,10,5,0.7333175811309471,8.447062887843224,0.5010660910509876,False
resnet,0.1,4,10,6,0.6828322931272068,8.447062887843224,0.5010660910509876,False
resnet,0.1,4,10,7,0.6367713671208387,8.447062887843224,0.5010660910509876,False
resnet,0.1,4,10,8,0.5909162457416026,8.447062887843224,0.5010660910509876,False
resnet,0.1,4,10,9,0.5331105270051227,8.447062887843224,0.5010660910509876,False
resnet,0.1,4,10,10,0.47944010069466464,8.447062887843224,0.5010660910509876,False
resnet,0.1,4,10,11,0.4456172523590268,8.447062887843224,0.5010660910509876,False
resnet,0.1,4,10,12,0.415267748815049,8.447062887843224,0.5010660910509876,False
resnet,0.1,4,10,13,0.3950460225855845,8.447062887843224,0.5010660910509876,False
resnet,0.1,4,10,14,0.3687582915809097,8.447062887843224,0.5010660910509876,False
resnet,0.1,4,10,15,0.3466830441778617,8.447062887843224,0.5010660910509876,False
resnet,0.1,4,11,0,1.0,18.33773345660331,1.0864665841540042,False
resnet,0.1,4,11,1,0.9878823560843,18.33773345660331,1.0864665841540042,False
resnet,0.1,4,11,2,0.9759073035138826,18.33773345660331,1.0864665841540042,False
resnet,0.1,4,11,3,0.9627438390569826,18.33773345660331,1.0864665841540042,False
resnet,0.1,4,11,4,0.9495352371958072,18.33773345660331,1.0864665841540042,False
resnet,0.1,4,11,5,0.9365081798823252,18.33773345660331,1.0864665841540042,False
resnet,0.1,4,11,6,0.9245840626301387,18.33773345660331,1.0864665841540042,False
resnet,0.1,4,11,7,0.9140621847460838,18.33773345660331,1.0864665841540042,False
resnet,0.1,4,11,8,0.9032087204125879,18.33773345660331,1.0864665841540042,False
resnet,0.1,4,11,9,0.891770397932626,18.33773345660331,1.0864665841540042,False
resnet,0.1,4,11,10,0.8806515512435052,18.33773345660331,1.0864665841540042,False
resnet,0.1,4,11,11,0.8676211302109632,18.33773345660331,1.0864665841540042,False
resnet,0.1,4,11,12,0.8540437989234528,18.33773345660331,1.0864665841540042,False
resnet,0.1,4,11,13,0.8390087361395754,18.33773345660331,1.0864665841540042,False
resnet,0.1,4,11,14,0.8230853034380123,18.33773345660331,1.0864665841540042,False
resnet,0.1,4,11,15,0.8065338920978796,18.33773345660331,1.0864665841540042,False
resnet,0.1,4,12,0,1.0,14.201565861009943,0.6426636991776115,False
resnet,0.1,4,12,1,0.9769454570217991,14.201565861009943,0.6426636991776115,False
resnet,0.1,4,12,2,0.9526845254738495,14.201565861009943,0.6426636991776115,False
resnet,0.1,4,12,3,0.9277087246887501,14.201565861009943,0.6426636991776115,False
resnet,0.1,4,12,4,0.9007307772287863,14.201565861009943,0.6426636991776115,False
resnet,0.1,4,12,5,0.8760119114272075,14.201565861009943,0.6426636991776115,False
resnet,0.1,4,12,6,0.8504136753210182,14.201565861009943,0.6426636991776115,False
resnet,0.1,4,12,7,0.8265855379781425,14.201565861009943,0.6426636991776115,False
resnet,0.1,4,12,8,0.805157167020136,14.201565861009943,0.6426636991776115,False
resnet,0.1,4,12,9,0.7850279585411134,14.201565861009943,0.6426636991776115,False
resnet,0.1,4,12,10,0.7653266439708625,14.201565861009943,0.6426636991776115,False
resnet,0.1,4,12,11,0.7447304349774674,14.201565861009943,0.6426636991776115,False
resnet,0.1,4,12,12,0.7245581442076428,14.201565861009943,0.6426636991776115,False
resnet,0.1,4,12,13,0.7047624032042223,14.201565861009943,0.6426636991776115,False
resnet,0.1,4,12,14,0.6843944066831128,14.201565861009943,0.6426636991776115,False
resnet,0.1,4,12,15,0.6659625349473921,14.201565861009943,0.6426636991776115,False
resnet,0.1,4,13,0,1.0,29.126092654484456,0.4246173905731171,False
resnet,0.1,4,13,1,0.9425294450027323,29.126092654484456,0.4246173905731171,False
resnet,0.1,4,13,2,0.8852664964207697,29.126092654484456,0.4246173905731171,False
resnet,0.1,4,13,3,0.840147134698764,29.126092654484456,0.4246173905731171,False
resnet,0.1,4,13,4,0.7962869055132402,29.126092654484456,0.4246173905731171,False
resnet,0.1,4,13,5,0.7439137024496714,29.126092654484456,0.4246173905731171,False
resnet,0.1,4,13,6,0.6895208033382995,29.126092654484456,0.4246173905731171,False
resnet,0.1,4,13,7,0.6476813721204419,29.126092654484456,0.4246173905731171,False
resnet,0.1,4,13,8,0.6258744566332836,29.126092654484456,0.4246173905731171,False
resnet,0.1,4,13,9,0.6110442871611336,29.126092654484456,0.4246173905731171,False
resnet,0.1,4,13,10,0.582489620455675,29.126092654484456,0.4246173905731171,False
resnet,0.1,4,13,11,0.5548098909707126,29.126092654484456,0.4246173905731171,False
resnet,0.1,4,13,12,0.535666519774251,29.126092654484456,0.4246173905731171,False
resnet,0.1,4,13,13,0.52031019896827,29.126092654484456,0.4246173905731171,False
resnet,0.1,4,13,14,0.49258562399364625,29.126092654484456,0.4246173905731171,False
resnet,0.1,4,13,15,0.4532381113113293,29.126092654484456,0.4246173905731171,False
resnet,0.1,4,14,0,1.0,13.773502522041321,0.3320635565513014,False
resnet,0.1,4,14,1,0.9381054249702496,13.773502522041321,0.3320635565513014,False
resnet,0.1,4,14,2,0.8677826092165256,13.773502522041321,0.3320635565513014,False
resnet,0.1,4,14,3,0.7985199995998183,13.773502522041321,0.3320635565513014,False
resnet,0.1,4,14,4,0.740523313093598,13.773502522041321,0.3320635565513014,False
resnet,0.1,4,14,5,0.6908650052898629,13.773502522041321,0.3320635565513014,False
resnet,0.1,4,14,6,0.6425562958601723,13.773502522041321,0.3320635565513014,False
resnet,0.1,4,14,7,0.5943934353829755,13.773502522041321,0.3320635565513014,False
resnet,0.1,4,14,8,0.5286550014842715,13.773502522041321,0.3320635565513014,False
resnet,0.1,4,14,9,0.4576635829979521,13.773502522041321,0.3320635565513014,False
resnet,0.1,4,14,10,0.3963964540473745,13.773502522041321,0.3320635565513014,False
resnet,0.1,4,14,11,0.3414704273118347,13.773502522041321,0.3320635565513014,False
resnet,0.1,4,14,12,0.2952631084330565,13.773502522041321,0.3320635565513014,False
resnet,0.1,4,14,13,0.24905665093058102,13.773502522041321,0.3320635565513014,False
resnet,0.1,4,14,14,0.2014388538401587,13.773502522041321,0.3320635565513014,False
resnet,0.1,4,14,15,0.1462008820544785,13.773502522041321,0.3320635565513014,False
resnet,0.1,4,15,0,1.0,16.172638017727778,0.8802199687618255,False
resnet,0.1,4,15,1,0.9855175780406024,16.172638017727778,0.8802199687618255,False
resnet,0.1,4,15,2,0.9703927000553692,16.172638017727778,0.8802199687618255,False
resnet,0.1,4,15,3,0.9560163613760863,16.172638017727778,0.8802199687618255,False
resnet,0.1,4,15,4,0.9400844910829904,16.172638017727778,0.8802199687618255,False
resnet,0.1,4,15,5,0.927361982580435,16.172638017727778,0.8802199687618255,False
resnet,0.1,4,15,6,0.9117183373483336,16.172638017727778,0.8802199687618255,False
resnet,0.1,4,15,7,0.8939649134365217,16.172638017727778,0.8802199687618255,False
resnet,0.1,4,15,8,0.8776442397746772,16.172638017727778,0.8802199687618255,False
resnet,0.1,4,15,9,0.8598082848617438,16.172638017727778,0.8802199687618255,False
resnet,0.1,4,15,10,0.8444704348925812,16.172638017727778,0.8802199687618255,False
resnet,0.1,4,15,11,0.8309344504495961,16.172638017727778,0.8802199687618255,False
resnet,0.1,4,15,12,0.8191971918792083,16.172638017727778,0.8802199687618255,False
resnet,0.1,4,15,13,0.808632915130468,16.172638017727778,0.8802199687618255,False
resnet,0.1,4,15,14,0.7972287860213378,16.172638017727778,0.8802199687618255,False
resnet,0.1,4,15,15,0.7863330633586656,16.172638017727778,0.8802199687618255,False
resnet,0.1,4,16,0,1.0,10.03781827112207,0.29469647670425053,False
resnet,0.1,4,16,1,0.9347577110445662,10.03781827112207,0.29469647670425053,False
resnet,0.1,4,16,2,0.8871889480757685,10.03781827112207,0.29469647670425053,False
resnet,0.1,4,16,3,0.8348778752275842,10.03781827112207,0.29469647670425053,False
resnet,0.1,4,16,4,0.7856620131977435,10.03781827112207,0.29469647670425053,False
resnet,0.1,4,16,5,0.73690552460519,10.03781827112207,0.29469647670425053,False
resnet,0.1,4,16,6,0.6873993100243349,10.03781827112207,0.29469647670425053,False
resnet,0.1,4,16,7,0.6429693025637404,10.03781827112207,0.29469647670425053,False
resnet,0.1,4,16,8,0.5942765755543858,10.03781827112207,0.29469647670425053,False
resnet,0.1,4,16,9,0.5539164896686848,10.03781827112207,0.29469647670425053,False
resnet,0.1,4,16,10,0.5200772990259661,10.03781827112207,0.29469647670425053,False
resnet,0.1,4,16,11,0.48900395037515604,10.03781827112207,0.29469647670425053,False
resnet,0.1,4,16,12,0.4442691062644236,10.03781827112207,0.29469647670425053,False
resnet,0.1,4,16,13,0.3964310619160709,10.03781827112207,0.29469647670425053,False
resnet,0.1,4,16,14,0.35575713309233925,10.03781827112207,0.29469647670425053,False
resnet,0.1,4,16,15,0.31739589515245925,10.03781827112207,0.29469647670425053,False
resnet,0.1,4,17,0,1.0,33.553812003708764,0.5732861781714609,False
resnet,0.1,4,17,1,0.9579911693843778,33.553812003708764,0.5732861781714609,False
resnet,0.1,4,17,2,0.9108491784210462,33.553812003708764,0.5732861781714609,False
resnet,0.1,4,17,3,0.8738773277173413,33.553812003708764,0.5732861781714609,False
resnet,0.1,4,17,4,0.846186286262829,33.553812003708764,0.5732861781714609,False
resnet,0.1,4,17,5,0.8209690647204734,33.553812003708764,0.5732861781714609,False
resnet,0.1,4,17,6,0.7937493984594655,33.553812003708764,0.5732861781714609,False
resnet,0.1,4,17,7,0.7683806359018627,33.553812003708764,0.5732861781714609,False
resnet,0.1,4,17,8,0.7464765053604726,33.553812003708764,0.5732861781714609,False
resnet,0.1,4,17,9,0.7258184832900826,33.553812003708764,0.5732861781714609,False
resnet,0.1,4,17,10,0.7041589045816209,33.553812003708764,0.5732861781714609,False
resnet,0.1,4,17,11,0.686087812401852,33.553812003708764,0.5732861781714609,False
resnet,0.1,4,17,12,0.6608134406684066,33.553812003708764,0.5732861781714609,False
resnet,0.1,4,17,13,0.6302378967779734,33.553812003708764,0.5732861781714609,False
resnet,0.1,4,17,14,0.6015694416225876,33.553812003708764,0.5732861781714609,False
resnet,0.1,4,17,15,0.570390495780353,33.553812003708764,0.5732861781714609,False
resnet,0.1,4,18,0,1.0,20.481314576307895,0.8256001938642386,False
resnet,0.1,4,18,1,0.9847454274246609,20.481314576307895,0.8256001938642386,False
resnet,0.1,4,18,2,0.9650715232213858,20.481314576307895,0.8256001938642386,False
resnet,0.1,4,18,3,0.9456268450629145,20.481314576307895,0.8256001938642386,False
resnet,0.1,4,18,4,0.9262844384508792,20.481314576307895,0.8256001938642386,False
resnet,0.1,4,18,5,0.9055647718291246,20.481314576307895,0.8256001938642386,False
resnet,0.1,4,18,6,0.8834108127978398,20.481314576307895,0.8256001938642386,False
resnet,0.1,4,18,7,0.8582182956084342,20.481314576307895,0.8256001938642386,False
resnet,0.1,4,18,8,0.8306818739811201,20.481314576307895,0.8256001938642386,False
resnet,0.1,4,18,9,0.7994420315540338,20.481314576307895,0.8256001938642386,False
resnet,0.1,4,18,10,0.7697524323737248,20.481314576307895,0.8256001938642386,False
resnet,0.1,4,18,11,0.7414105267220022,20.481314576307895,0.8256001938642386,False
resnet,0.1,4,18,12,0.7157730769990038,20.481314576307895,0.8256001938642386,False
resnet,0.1,4,18,13,0.689135866955369,20.481314576307895,0.8256001938642386,False
resnet,0.1,4,18,14,0.660604804224425,20.481314576307895,0.8256001938642386,False
resnet,0.1,4,18,15,0.6325368913960829,20.481314576307895,0.8256001938642386,False
resnet,0.1,4,19,0,1.0,25.654361593612315,0.6188423395137661,False
resnet,0.1,4,19,1,0.9769222690649457,25.654361593612315,0.6188423395137661,False
resnet,0.1,4,19,2,0.9533080982142176,25.654361593612315,0.6188423395137661,False
resnet,0.1,4,19,3,0.9267977420900326,25.654361593612315,0.6188423395137661,False
resnet,0.1,4,19,4,0.8934309814732627,25.654361593612315,0.6188423395137661,False
resnet,0.1,4,19,5,0.8553783199141529,25.654361593612315,0.6188423395137661,False
resnet,0.1,4,19,6,0.8191371645711678,25.654361593612315,0.6188423395137661,False
resnet,0.1,4,19,7,0.7839848741001518,25.654361593612315,0.6188423395137661,False
resnet,0.1,4,19,8,0.7389450032176396,25.654361593612315,0.6188423395137661,False
resnet,0.1,4,19,9,0.6966986378106873,25.654361593612315,0.6188423395137661,False
resnet,0.1,4,19,10,0.6565538505084855,25.654361593612315,0.6188423395137661,False
resnet,0.1,4,19,11,0.6162065132622442,25.654361593612315,0.6188423395137661,False
resnet,0.1,4,19,12,0.5831477534005041,25.654361593612315,0.6188423395137661,False
resnet,0.1,4,19,13,0.5500649720927491,25.654361593612315,0.6188423395137661,False
resnet,0.1,4,19,14,0.5160551339535968,25.654361593612315,0.6188423395137661,False
resnet,0.1,4,19,15,0.48488665968600286,25.654361593612315,0.6188423395137661,False
resnet,0.1,10,0,0,1.0,16.36531512568185,1.012116799655975,False
resnet,0.1,10,0,1,0.9884914511594869,16.36531512568185,1.012116799655975,False
resnet,0.1,10,0,2,0.9752781777176702,16.36531512568185,1.012116799655975,False
resnet,0.1,10,0,3,0.9624617813412204,16.36531512568185,1.012116799655975,False
resnet,0.1,10,0,4,0.9480876592737326,16.36531512568185,1.012116799655975,False
resnet,0.1,10,0,5,0.9333289286906253,16.36531512568185,1.012116799655975,False
resnet,0.1,10,0,6,0.9209697140238947,16.36531512568185,1.012116799655975,False
resnet,0.1,10,0,7,0.9077933983914931,16.36531512568185,1.012116799655975,False
resnet,0.1,10,0,8,0.8916243265240673,16.36531512568185,1.012116799655975,False
resnet,0.1,10,0,9,0.8744655746915536,16.36531512568185,1.012116799655975,False
resnet,0.1,10,0,10,0.8580607059390715,16.36531512568185,1.012116799655975,False
resnet,0.1,10,0,11,0.8401074161602055,16.36531512568185,1.012116799655975,False
resnet,0.1,10,0,12,0.8196649299985634,16.36531512568185,1.012116799655975,False
resnet,0.1,10,0,13,0.7992346139345945,16.36531512568185,1.012116799655975,False
resnet,0.1,10,0,14,0.7790139467500479,16.36531512568185,1.012116799655975,False
resnet,0.1,10,0,15,0.7571765175579934,16.36531512568185,1.012116799655975,False
resnet,0.1,10,1,0,1.0,15.23689132560809,0.6449370173184842,False
resnet,0.1,10,1,1,0.9785055738943282,15.23689132560809,0.6449370173184842,False
resnet,0.1,10,1,2,0.9589360485474607,15.23689132560809,0.6449370173184842,False
resnet,0.1,10,1,3,0.9355830365970348,15.23689132560809,0.6449370173184842,False
resnet,0.1,10,1,4,0.9120248370032371,15.23689132560809,0.6449370173184842,False
resnet,0.1,10,1,5,0.8818907054292556,15.23689132560809,0.6449370173184842,False
resnet,0.1,10,1,6,0.8525400769401688,15.23689132560809,0.6449370173184842,False
resnet,0.1,10,1,7,0.8207761289574226,15.23689132560809,0.6449370173184842,False
resnet,0.1,10,1,8,0.7891414356136517,15.23689132560809,0.6449370173184842,False
resnet,0.1,10,1,9,0.759047045158289,15.23689132560809,0.6449370173184842,False
resnet,0.1,10,1,10,0.7330124836590882,15.23689132560809,0.6449370173184842,False
resnet,0.1,10,1,11,0.7044063778755297,15.23689132560809,0.6449370173184842,False
resnet,0.1,10,1,12,0.6782848896105889,15.23689132560809,0.6449370173184842,False
resnet,0.1,10,1,13,0.6505167326260083,15.23689132560809,0.6449370173184842,False
resnet,0.1,10,1,14,0.6227514834557415,15.23689132560809,0.6449370173184842,False
resnet,0.1,10,1,15,0.5959662224163855,15.23689132560809,0.6449370173184842,False
resnet,0.1,10,2,0,1.0,14.957873557701248,0.9275388795608317,False
resnet,0.1,10,2,1,0.9792629344313744,14.957873557701248,0.9275388795608317,False
resnet,0.1,10,2,2,0.9574358969596249,14.957873557701248,0.9275388795608317,False
resnet,0.1,10,2,3,0.9352066266545985,14.957873557701248,0.9275388795608317,False
resnet,0.1,10,2,4,0.9137221223306458,14.957873557701248,0.9275388795608317,False
resnet,0.1,10,2,5,0.8883179631192161,14.957873557701248,0.9275388795608317,False
resnet,0.1,10,2,6,0.8594783308565281,14.957873557701248,0.9275388795608317,False
resnet,0.1,10,2,7,0.8301311231245476,14.957873557701248,0.9275388795608317,False
resnet,0.1,10,2,8,0.7988192145412707,14.957873557701248,0.9275388795608317,False
resnet,0.1,10,2,9,0.7739428739197878,14.957873557701248,0.9275388795608317,False
resnet,0.1,10,2,10,0.7524990838590748,14.957873557701248,0.9275388795608317,False
resnet,0.1,10,2,11,0.7295694420172784,14.957873557701248,0.9275388795608317,False
resnet,0.1,10,2,12,0.7072307995461079,14.957873557701248,0.9275388795608317,False
resnet,0.1,10,2,13,0.6850112261708268,14.957873557701248,0.9275388795608317,False
resnet,0.1,10,2,14,0.6670318292348694,14.957873557701248,0.9275388795608317,False
resnet,0.1,10,2,15,0.649833066745514,14.957873557701248,0.9275388795608317,False
resnet,0.1,10,3,0,1.0,10.295853256038502,0.5340921711201081,False
resnet,0.1,10,3,1,0.9571218501661504,10.295853256038502,0.5340921711201081,False
resnet,0.1,10,3,2,0.9063803310320165,10.295853256038502,0.5340921711201081,False
resnet,0.1,10,3,3,0.8421993807492412,10.295853256038502,0.5340921711201081,False
resnet,0.1,10,3,4,0.7772866781539391,10.295853256038502,0.5340921711201081,False
resnet,0.1,10,3,5,0.7115869933155274,10.295853256038502,0.5340921711201081,False
resnet,0.1,10,3,6,0.6445945548185057,10.295853256038502,0.5340921711201081,False
resnet,0.1,10,3,7,0.5835696509391237,10.295853256038502,0.5340921711201081,False
resnet,0.1,10,3,8,0.5303400073245815,10.295853256038502,0.5340921711201081,False
resnet,0.1,10,3,9,0.4842226876212949,10.295853256038502,0.5340921711201081,False
resnet,0.1,10,3,10,0.4405055924467234,10.295853256038502,0.5340921711201081,False
resnet,0.1,10,3,11,0.3922741315222113,10.295853256038502,0.5340921711201081,False
resnet,0.1,10,3,12,0.33137478523118635,10.295853256038502,0.5340921711201081,False
resnet,0.1,10,3,13,0.2660979747850004,10.295853256038502,0.5340921711201081,False
resnet,0.1,10,3,14,0.20587768993256383,10.295853256038502,0.5340921711201081,False
resnet,0.1,10,3,15,0.15931706374682716,10.295853256038502,0.5340921711201081,False
resnet,0.1,10,4,0,1.0,19.280266696334728,1.1626291413757006,False
resnet,0.1,10,4,1,0.9897346107940109,19.280266696334728,1.1626291413757006,False
resnet,0.1,10,4,2,0.9786363433530495,19.280266696334728,1.1626291413757006,False
resnet,0.1,10,4,3,0.9669665354181769,19.280266696334728,1.1626291413757006,False
resnet,0.1,10,4,4,0.9555382223089853,19.280266696334728,1.1626291413757006,False
resnet,0.1,10,4,5,0.943402474551698,19.280266696334728,1.1626291413757006,False
resnet,0.1,10,4,6,0.9330974493458605,19.280266696334728,1.1626291413757006,False
resnet,0.1,10,4,7,0.9212531355627144,19.280266696334728,1.1626291413757006,False
resnet,0.1,10,4,8,0.9077399456104894,19.280266696334728,1.1626291413757006,False
resnet,0.1,10,4,9,0.8943145252887477,19.280266696334728,1.1626291413757006,False
resnet,0.1,10,4,10,0.879509016997518,19.280266696334728,1.1626291413757006,False
resnet,0.1,10,4,11,0.8631453599629392,19.280266696334728,1.1626291413757006,False
resnet,0.1,10,4,12,0.8461451363421876,19.280266696334728,1.1626291413757006,False
resnet,0.1,10,4,13,0.8295012302980346,19.280266696334728,1.1626291413757006,False
resnet,0.1,10,4,14,0.8123795431712177,19.280266696334728,1.1626291413757006,False
resnet,0.1,10,4,15,0.7949667809126407,19.280266696334728,1.1626291413757006,False
resnet,0.1,10,5,0,1.0,16.89628911991067,0.4431674387679534,False
resnet,0.1,10,5,1,0.954264771141035,16.89628911991067,0.4431674387679534,False
resnet,0.1,10,5,2,0.9071044896697822,16.89628911991067,0.4431674387679534,False
resnet,0.1,10,5,3,0.8548458102764684,16.89628911991067,0.4431674387679534,False
resnet,0.1,10,5,4,0.8076955418404331,16.89628911991067,0.4431674387679534,False
resnet,0.1,10,5,5,0.7628540069044154,16.89628911991067,0.4431674387679534,False
resnet,0.1,10,5,6,0.7179112932755959,16.89628911991067,0.4431674387679534,False
resnet,0.1,10,5,7,0.6757236319059373,16.89628911991067,0.4431674387679534,False
resnet,0.1,10,5,8,0.6332309419669343,16.89628911991067,0.4431674387679534,False
resnet,0.1,10,5,9,0.5956984475751131,16.89628911991067,0.4431674387679534,False
resnet,0.1,10,5,10,0.5737401654373065,16.89628911991067,0.4431674387679534,False
resnet,0.1,10,5,11,0.545409872887777,16.89628911991067,0.4431674387679534,False
resnet,0.1,10,5,12,0.5165635400150358,16.89628911991067,0.4431674387679534,False
resnet,0.1,10,5,13,0.47807975241448913,16.89628911991067,0.4431674387679534,False
resnet,0.1,10,5,14,0.43492234942858354,16.89628911991067,0.4431674387679534,False
resnet,0.1,10,5,15,0.3899448609508579,16.89628911991067,0.4431674387679534,False
resnet,0.1,10,6,0,1.0,24.653685760772774,0.545546669482612,False
resnet,0.1,10,6,1,0.9646475548652605,24.653685760772774,0.545546669482612,False
resnet,0.1,10,6,2,0.9220428729971016,24.653685760772774,0.545546669482612,False
resnet,0.1,10,6,3,0.8742325572752224,24.653685760772774,0.545546669482612,False
resnet,0.1,10,6,4,0.8241381523276162,24.653685760772774,0.545546669482612,False
resnet,0.1,10,6,5,0.779446328255742,24.653685760772774,0.545546669482612,False
resnet,0.1,10,6,6,0.7358906260939406,24.653685760772774,0.545546669482612,False
resnet,0.1,10,6,7,0.7005906417665425,24.653685760772774,0.545546669482612,False
resnet,0.1,10,6,8,0.6684927838766341,24.653685760772774,0.545546669482612,False
resnet,0.1,10,6,9,0.6345909343042044,24.653685760772774,0.545546669482612,False
resnet,0.1,10,6,10,0.6043366595184329,24.653685760772774,0.545546669482612,False
resnet,0.1,10,6,11,0.57984368834246,24.653685760772774,0.545546669482612,False
resnet,0.1,10,6,12,0.5602299816276436,24.653685760772774,0.545546669482612,False
resnet,0.1,10,6,13,0.5404325614761392,24.653685760772774,0.545546669482612,False
resnet,0.1,10,6,14,0.5207994567823439,24.653685760772774,0.545546669482612,False
resnet,0.1,10,6,15,0.4985813851033834,24.653685760772774,0.545546669482612,False
resnet,0.1,10,7,0,1.0,20.87521115004436,0.4645162526799224,False
resnet,0.1,10,7,1,0.9279988234192098,20.87521115004436,0.4645162526799224,False
resnet,0.1,10,7,2,0.8597744622476986,20.87521115004436,0.4645162526799224,False
resnet,0.1,10,7,3,0.8186726353353748,20.87521115004436,0.4645162526799224,False
resnet,0.1,10,7,4,0.7869818547488269,20.87521115004436,0.4645162526799224,False
resnet,0.1,10,7,5,0.7546543283984084,20.87521115004436,0.4645162526799224,False
resnet,0.1,10,7,6,0.728138544218451,20.87521115004436,0.4645162526799224,False
resnet,0.1,10,7,7,0.6943585902266359,20.87521115004436,0.4645162526799224,False
resnet,0.1,10,7,8,0.6540394385998418,20.87521115004436,0.4645162526799224,False
resnet,0.1,10,7,9,0.599029490465755,20.87521115004436,0.4645162526799224,False
resnet,0.1,10,7,10,0.5577864717313883,20.87521115004436,0.4645162526799224,False
resnet,0.1,10,7,11,0.5265744518040305,20.87521115004436,0.4645162526799224,False
resnet,0.1,10,7,12,0.49846625981379794,20.87521115004436,0.4645162526799224,False
resnet,0.1,10,7,13,0.46325054360233264,20.87521115004436,0.4645162526799224,False
resnet,0.1,10,7,14,0.45071046133833087,20.87521115004436,0.4645162526799224,False
resnet,0.1,10,7,15,0.4412355253661793,20.87521115004436,0.4645162526799224,False
resnet,0.1,10,8,0,1.0,8.84338324067815,0.5387181438992201,False
resnet,0.1,10,8,1,0.9483304114398707,8.84338324067815,0.5387181438992201,False
resnet,0.1,10,8,2,0.8945358849410603,8.84338324067815,0.5387181438992201,False
resnet,0.1,10,8,3,0.8463978759262298,8.84338324067815,0.5387181438992201,False
resnet,0.1,10,8,4,0.797849148749946,8.84338324067815,0.5387181438992201,False
resnet,0.1,10,8,5,0.7578416457911521,8.84338324067815,0.5387181438992201,False
resnet,0.1,10,8,6,0.7283168864357312,8.84338324067815,0.5387181438992201,False
resnet,0.1,10,8,7,0.7037971637454592,8.84338324067815,0.5387181438992201,False
resnet,0.1,10,8,8,0.6821635542399817,8.84338324067815,0.5387181438992201,False
resnet,0.1,10,8,9,0.6763836249705237,8.84338324067815,0.5387181438992201,False
resnet,0.1,10,8,10,0.6730328680436127,8.84338324067815,0.5387181438992201,False
resnet,0.1,10,8,11,0.6626926013696306,8.84338324067815,0.5387181438992201,False
resnet,0.1,10,8,12,0.6617821067109908,8.84338324067815,0.5387181438992201,False
resnet,0.1,10,8,13,0.6542972769925824,8.84338324067815,0.5387181438992201,False
resnet,0.1,10,8,14,0.6403947316370143,8.84338324067815,0.5387181438992201,False
resnet,0.1,10,8,15,0.625753727263212,8.84338324067815,0.5387181438992201,False
resnet,0.1,10,9,0,1.0,10.67735296351787,0.5229333375120949,False
resnet,0.1,10,9,1,0.9633640395121469,10.67735296351787,0.5229333375120949,False
resnet,0.1,10,9,2,0.9292893098545096,10.67735296351787,0.5229333375120949,False
resnet,0.1,10,9,3,0.9043147675016591,10.67735296351787,0.5229333375120949,False
resnet,0.1,10,9,4,0.8796790712232647,10.67735296351787,0.5229333375120949,False
resnet,0.1,10,9,5,0.8486818606401642,10.67735296351787,0.5229333375120949,False
resnet,0.1,10,9,6,0.8206770539483288,10.67735296351787,0.5229333375120949,False
resnet,0.1,10,9,7,0.7900951398496877,10.67735296351787,0.5229333375120949,False
resnet,0.1,10,9,8,0.7689667360111313,10.67735296351787,0.5229333375120949,False
resnet,0.1,10,9,9,0.7479823020614423,10.67735296351787,0.5229333375120949,False
resnet,0.1,10,9,10,0.7124456489741958,10.67735296351787,0.5229333375120949,False
resnet,0.1,10,9,11,0.6818841444821391,10.67735296351787,0.5229333375120949,False
resnet,0.1,10,9,12,0.6623950801223869,10.67735296351787,0.5229333375120949,False
resnet,0.1,10,9,13,0.6394168984492977,10.67735296351787,0.5229333375120949,False
resnet,0.1,10,9,14,0.6183460100286478,10.67735296351787,0.5229333375120949,False
resnet,0.1,10,9,15,0.6022675406308798,10.67735296351787,0.5229333375120949,False
resnet,0.1,10,10,0,1.0,9.361305325210294,0.5367628516306179,False
resnet,0.1,10,10,1,0.9660986989027358,9.361305325210294,0.5367628516306179,False
resnet,0.1,10,10,2,0.9343488996811223,9.361305325210294,0.5367628516306179,False
resnet,0.1,10,10,3,0.903434732946573,9.361305325210294,0.5367628516306179,False
resnet,0.1,10,10,4,0.8716265748496802,9.361305325210294,0.5367628516306179,False
resnet,0.1,10,10,5,0.8417997112978762,9.361305325210294,0.5367628516306179,False
resnet,0.1,10,10,6,0.8220763714820492,9.361305325210294,0.5367628516306179,False
resnet,0.1,10,10,7,0.8009230535091034,9.361305325210294,0.5367628516306179,False
resnet,0.1,10,10,8,0.7797187569918219,9.361305325210294,0.5367628516306179,False
resnet,0.1,10,10,9,0.7513646415656743,9.361305325210294,0.5367628516306179,False
resnet,0.1,10,10,10,0.7128070087631632,9.361305325210294,0.5367628516306179,False
resnet,0.1,10,10,11,0.67514829836198,9.361305325210294,0.5367628516306179,False
resnet,0.1,10,10,12,0.6417828386962741,9.361305325210294,0.5367628516306179,False
resnet,0.1,10,10,13,0.6044460936785816,9.361305325210294,0.5367628516306179,False
resnet,0.1,10,10,14,0.5659932638405856,9.361305325210294,0.5367628516306179,False
resnet,0.1,10,10,15,0.5321744305087265,9.361305325210294,0.5367628516306179,False
resnet,0.1,10,11,0,1.0,9.967613344399163,0.5996269005467725,False
resnet,0.1,10,11,1,0.9747247346129119,9.967613344399163,0.5996269005467725,False
resnet,0.1,10,11,2,0.9560153064957597,9.967613344399163,0.5996269005467725,False
resnet,0.1,10,11,3,0.9305716544232907,9.967613344399163,0.5996269005467725,False
resnet,0.1,10,11,4,0.9026782876863024,9.967613344399163,0.5996269005467725,False
resnet,0.1,10,11,5,0.8748306965142836,9.967613344399163,0.5996269005467725,False
resnet,0.1,10,11,6,0.8479500327349079,9.967613344399163,0.5996269005467725,False
resnet,0.1,10,11,7,0.8222828878780265,9.967613344399163,0.5996269005467725,False
resnet,0.1,10,11,8,0.8019303244678254,9.967613344399163,0.5996269005467725,False
resnet,0.1,10,11,9,0.7785397015175283,9.967613344399163,0.5996269005467725,False
resnet,0.1,10,11,10,0.7550375953139596,9.967613344399163,0.5996269005467725,False
resnet,0.1,10,11,11,0.7339097122020669,9.967613344399163,0.5996269005467725,False
resnet,0.1,10,11,12,0.7072239091116317,9.967613344399163,0.5996269005467725,False
resnet,0.1,10,11,13,0.6863011162174613,9.967613344399163,0.5996269005467725,False
resnet,0.1,10,11,14,0.6593016122918558,9.967613344399163,0.5996269005467725,False
resnet,0.1,10,11,15,0.6334408260140637,9.967613344399163,0.5996269005467725,False
resnet,0.1,10,12,0,1.0,17.831308224372343,0.5467998158977563,False
resnet,0.1,10,12,1,0.9534598208151918,17.831308224372343,0.5467998158977563,False
resnet,0.1,10,12,2,0.901600464902039,17.831308224372343,0.5467998158977563,False
resnet,0.1,10,12,3,0.8502320360075044,17.831308224372343,0.5467998158977563,False
resnet,0.1,10,12,4,0.7914359504159663,17.831308224372343,0.5467998158977563,False
resnet,0.1,10,12,5,0.7378519634487529,17.831308224372343,0.5467998158977563,False
resnet,0.1,10,12,6,0.6846020634569244,17.831308224372343,0.5467998158977563,False
resnet,0.1,10,12,7,0.6194395205637455,17.831308224372343,0.5467998158977563,False
resnet,0.1,10,12,8,0.5501462058651738,17.831308224372343,0.5467998158977563,False
resnet,0.1,10,12,9,0.4746600239336599,17.831308224372343,0.5467998158977563,False
resnet,0.1,10,12,10,0.40650723272855227,17.831308224372343,0.5467998158977563,False
resnet,0.1,10,12,11,0.3511826781130167,17.831308224372343,0.5467998158977563,False
resnet,0.1,10,12,12,0.31081997817512913,17.831308224372343,0.5467998158977563,False
resnet,0.1,10,12,13,0.2740165777594029,17.831308224372343,0.5467998158977563,False
resnet,0.1,10,12,14,0.2430488416432724,17.831308224372343,0.5467998158977563,False
resnet,0.1,10,12,15,0.2175232673640153,17.831308224372343,0.5467998158977563,False
resnet,0.1,10,13,0,1.0,22.825956377352853,0.9943879726483488,False
resnet,0.1,10,13,1,0.9853029805149729,22.825956377352853,0.9943879726483488,False
resnet,0.1,10,13,2,0.9734014305333107,22.825956377352853,0.9943879726483488,False
resnet,0.1,10,13,3,0.9607808491699347,22.825956377352853,0.9943879726483488,False
resnet,0.1,10,13,4,0.9461463386142938,22.825956377352853,0.9943879726483488,False
resnet,0.1,10,13,5,0.9312917024584347,22.825956377352853,0.9943879726483488,False
resnet,0.1,10,13,6,0.9166429351771275,22.825956377352853,0.9943879726483488,False
resnet,0.1,10,13,7,0.9032180397590297,22.825956377352853,0.9943879726483488,False
resnet,0.1,10,13,8,0.8895536433660856,22.825956377352853,0.9943879726483488,False
resnet,0.1,10,13,9,0.8762238240061866,22.825956377352853,0.9943879726483488,False
resnet,0.1,10,13,10,0.863242720198396,22.825956377352853,0.9943879726483488,False
resnet,0.1,10,13,11,0.8493468419341309,22.825956377352853,0.9943879726483488,False
resnet,0.1,10,13,12,0.836362464806289,22.825956377352853,0.9943879726483488,False
resnet,0.1,10,13,13,0.8216186615748428,22.825956377352853,0.9943879726483488,False
resnet,0.1,10,13,14,0.8078154953338994,22.825956377352853,0.9943879726483488,False
resnet,0.1,10,13,15,0.7938466397930366,22.825956377352853,0.9943879726483488,False
resnet,0.1,10,14,0,1.0,13.961199041307049,0.7350958462221718,False
resnet,0.1,10,14,1,0.9794623174207318,13.961199041307049,0.7350958462221718,False
resnet,0.1,10,14,2,0.9604828668130928,13.961199041307049,0.7350958462221718,False
resnet,0.1,10,14,3,0.9431815255189402,13.961199041307049,0.7350958462221718,False
resnet,0.1,10,14,4,0.9291889604193584,13.961199041307049,0.7350958462221718,False
resnet,0.1,10,14,5,0.9182192788648015,13.961199041307049,0.7350958462221718,False
resnet,0.1,10,14,6,0.9032568431352911,13.961199041307049,0.7350958462221718,False
resnet,0.1,10,14,7,0.8844068063559046,13.961199041307049,0.7350958462221718,False
resnet,0.1,10,14,8,0.8702560418921516,13.961199041307049,0.7350958462221718,False
resnet,0.1,10,14,9,0.8524047753910913,13.961199041307049,0.7350958462221718,False
resnet,0.1,10,14,10,0.8356199422834745,13.961199041307049,0.7350958462221718,False
resnet,0.1,10,14,11,0.8199903150000605,13.961199041307049,0.7350958462221718,False
resnet,0.1,10,14,12,0.8019504501423115,13.961199041307049,0.7350958462221718,False
resnet,0.1,10,14,13,0.7828424179385292,13.961199041307049,0.7350958462221718,False
resnet,0.1,10,14,14,0.7642651247894833,13.961199041307049,0.7350958462221718,False
resnet,0.1,10,14,15,0.7437294794308837,13.961199041307049,0.7350958462221718,False
resnet,0.1,10,15,0,1.0,12.838991167697024,0.6290316427885133,False
resnet,0.1,10,15,1,0.9735669475316614,12.838991167697024,0.6290316427885133,False
resnet,0.1,10,15,2,0.9422046965344503,12.838991167697024,0.6290316427885133,False
resnet,0.1,10,15,3,0.9121916293807284,12.838991167697024,0.6290316427885133,False
resnet,0.1,10,15,4,0.8855351470651988,12.838991167697024,0.6290316427885133,False
resnet,0.1,10,15,5,0.858245707544946,12.838991167697024,0.6290316427885133,False
resnet,0.1,10,15,6,0.8339895033079632,12.838991167697024,0.6290316427885133,False
resnet,0.1,10,15,7,0.8098841281558506,12.838991167697024,0.6290316427885133,False
resnet,0.1,10,15,8,0.7835273229632158,12.838991167697024,0.6290316427885133,False
resnet,0.1,10,15,9,0.7588369572553482,12.838991167697024,0.6290316427885133,False
resnet,0.1,10,15,10,0.7352300486950375,12.838991167697024,0.6290316427885133,False
resnet,0.1,10,15,11,0.7079503820346067,12.838991167697024,0.6290316427885133,False
resnet,0.1,10,15,12,0.684081027322943,12.838991167697024,0.6290316427885133,False
resnet,0.1,10,15,13,0.6570368501705883,12.838991167697024,0.6290316427885133,False
resnet,0.1,10,15,14,0.6340269792627431,12.838991167697024,0.6290316427885133,False
resnet,0.1,10,15,15,0.6182238518193648,12.838991167697024,0.6290316427885133,False
resnet,0.1,10,16,0,1.0,33.40360270849927,1.4915960314480778,False
resnet,0.1,10,16,1,0.9908228250512036,33.40360270849927,1.4915960314480778,False
resnet,0.1,10,16,2,0.981255694698408,33.40360270849927,1.4915960314480778,False
resnet,0.1,10,16,3,0.9708478035314375,33.40360270849927,1.4915960314480778,False
resnet,0.1,10,16,4,0.959808615663559,33.40360270849927,1.4915960314480778,False
resnet,0.1,10,16,5,0.9499814194131664,33.40360270849927,1.4915960314480778,False
resnet,0.1,10,16,6,0.9412868421159385,33.40360270849927,1.4915960314480778,False
resnet,0.1,10,16,7,0.9332932041396808,33.40360270849927,1.4915960314480778,False
resnet,0.1,10,16,8,0.924212758554276,33.40360270849927,1.4915960314480778,False
resnet,0.1,10,16,9,0.9135729210275914,33.40360270849927,1.4915960314480778,False
resnet,0.1,10,16,10,0.9021929787784078,33.40360270849927,1.4915960314480778,False
resnet,0.1,10,16,11,0.8910222985667152,33.40360270849927,1.4915960314480778,False
resnet,0.1,10,16,12,0.8783285145475779,33.40360270849927,1.4915960314480778,False
resnet,0.1,10,16,13,0.8652213432232866,33.40360270849927,1.4915960314480778,False
resnet,0.1,10,16,14,0.8526321433922578,33.40360270849927,1.4915960314480778,False
resnet,0.1,10,16,15,0.8402938438306518,33.40360270849927,1.4915960314480778,False
resnet,0.1,10,17,0,1.0,25.249297319783203,0.999160179839786,False
resnet,0.1,10,17,1,0.981534803174799,25.249297319783203,0.999160179839786,False
resnet,0.1,10,17,2,0.9661163432251754,25.249297319783203,0.999160179839786,False
resnet,0.1,10,17,3,0.952337836999288,25.249297319783203,0.999160179839786,False
resnet,0.1,10,17,4,0.9391820051334565,25.249297319783203,0.999160179839786,False
resnet,0.1,10,17,5,0.9315331902109402,25.249297319783203,0.999160179839786,False
resnet,0.1,10,17,6,0.9230460494253171,25.249297319783203,0.999160179839786,False
resnet,0.1,10,17,7,0.9177510168115828,25.249297319783203,0.999160179839786,False
resnet,0.1,10,17,8,0.9139943156667523,25.249297319783203,0.999160179839786,False
resnet,0.1,10,17,9,0.9073851579855426,25.249297319783203,0.999160179839786,False
resnet,0.1,10,17,10,0.9012900952697133,25.249297319783203,0.999160179839786,False
resnet,0.1,10,17,11,0.8928564729034101,25.249297319783203,0.999160179839786,False
resnet,0.1,10,17,12,0.8818543079074492,25.249297319783203,0.999160179839786,False
resnet,0.1,10,17,13,0.8689344576191922,25.249297319783203,0.999160179839786,False
resnet,0.1,10,17,14,0.8572423052506704,25.249297319783203,0.999160179839786,False
resnet,0.1,10,17,15,0.8486499265018873,25.249297319783203,0.999160179839786,False
resnet,0.1,10,18,0,1.0,16.57796080017978,0.8078480399836363,False
resnet,0.1,10,18,1,0.9838821740878994,16.57796080017978,0.8078480399836363,False
resnet,0.1,10,18,2,0.970477634990431,16.57796080017978,0.8078480399836363,False
resnet,0.1,10,18,3,0.958513595622917,16.57796080017978,0.8078480399836363,False
resnet,0.1,10,18,4,0.9484754330145828,16.57796080017978,0.8078480399836363,False
resnet,0.1,10,18,5,0.9396659870935918,16.57796080017978,0.8078480399836363,False
resnet,0.1,10,18,6,0.930237531094917,16.57796080017978,0.8078480399836363,False
resnet,0.1,10,18,7,0.9183942193629671,16.57796080017978,0.8078480399836363,False
resnet,0.1,10,18,8,0.9043449699341864,16.57796080017978,0.8078480399836363,False
resnet,0.1,10,18,9,0.8863357723111961,16.57796080017978,0.8078480399836363,False
resnet,0.1,10,18,10,0.8667615545864557,16.57796080017978,0.8078480399836363,False
resnet,0.1,10,18,11,0.8476123891800893,16.57796080017978,0.8078480399836363,False
resnet,0.1,10,18,12,0.8295092207447131,16.57796080017978,0.8078480399836363,False
resnet,0.1,10,18,13,0.8108437506506363,16.57796080017978,0.8078480399836363,False
resnet,0.1,10,18,14,0.7923112029062742,16.57796080017978,0.8078480399836363,False
resnet,0.1,10,18,15,0.7722510916909121,16.57796080017978,0.8078480399836363,False
resnet,0.1,10,19,0,1.0,10.49174148264646,0.48834137982117426,False
resnet,0.1,10,19,1,0.9575355719343264,10.49174148264646,0.48834137982117426,False
resnet,0.1,10,19,2,0.9062196264021862,10.49174148264646,0.48834137982117426,False
resnet,0.1,10,19,3,0.8523960853146393,10.49174148264646,0.48834137982117426,False
resnet,0.1,10,19,4,0.7867374697641257,10.49174148264646,0.48834137982117426,False
resnet,0.1,10,19,5,0.7187325792621942,10.49174148264646,0.48834137982117426,False
resnet,0.1,10,19,6,0.6545858659181905,10.49174148264646,0.48834137982117426,False
resnet,0.1,10,19,7,0.6047857169925469,10.49174148264646,0.48834137982117426,False
resnet,0.1,10,19,8,0.5591069603843667,10.49174148264646,0.48834137982117426,False
resnet,0.1,10,19,9,0.5163765811308842,10.49174148264646,0.48834137982117426,False
resnet,0.1,10,19,10,0.48066398675454103,10.49174148264646,0.48834137982117426,False
resnet,0.1,10,19,11,0.44477533189748797,10.49174148264646,0.48834137982117426,False
resnet,0.1,10,19,12,0.4115704406309569,10.49174148264646,0.48834137982117426,False
resnet,0.1,10,19,13,0.3876236416445442,10.49174148264646,0.48834137982117426,False
resnet,0.1,10,19,14,0.3658308503364501,10.49174148264646,0.48834137982117426,False
resnet,0.1,10,19,15,0.34030111599714896,10.49174148264646,0.48834137982117426,False
resnet,0.1,24,0,0,1.0,38.16287236214041,0.532270833467694,False
resnet,0.1,24,0,1,0.9309823899221333,38.16287236214041,0.532270833467694,False
resnet,0.1,24,0,2,0.8758601831480027,38.16287236214041,0.532270833467694,False
resnet,0.1,24,0,3,0.81953726075113,38.16287236214041,0.532270833467694,False
resnet,0.1,24,0,4,0.741705357041587,38.16287236214041,0.532270833467694,False
resnet,0.1,24,0,5,0.6738125078745003,38.16287236214041,0.532270833467694,False
resnet,0.1,24,0,6,0.5999130062221327,38.16287236214041,0.532270833467694,False
resnet,0.1,24,0,7,0.539769480414741,38.16287236214041,0.532270833467694,False
resnet,0.1,24,0,8,0.47142913036203327,38.16287236214041,0.532270833467694,False
resnet,0.1,24,0,9,0.3888898840433863,38.16287236214041,0.532270833467694,False
resnet,0.1,24,0,10,0.32140715909208145,38.16287236214041,0.532270833467694,False
resnet,0.1,24,0,11,0.2668023244293217,38.16287236214041,0.532270833467694,False
resnet,0.1,24,0,12,0.2094583526979533,38.16287236214041,0.532270833467694,False
resnet,0.1,24,0,13,0.16676414136639592,38.16287236214041,0.532270833467694,False
resnet,0.1,24,0,14,0.11969998464385861,38.16287236214041,0.532270833467694,False
resnet,0.1,24,0,15,0.08256355856366447,38.16287236214041,0.532270833467694,False
resnet,0.1,24,1,0,1.0,19.79192777708582,0.6601596121619183,False
resnet,0.1,24,1,1,0.9596810742573904,19.79192777708582,0.6601596121619183,False
resnet,0.1,24,1,2,0.9186076388288906,19.79192777708582,0.6601596121619183,False
resnet,0.1,24,1,3,0.8752101582177576,19.79192777708582,0.6601596121619183,False
resnet,0.1,24,1,4,0.8308203245374178,19.79192777708582,0.6601596121619183,False
resnet,0.1,24,1,5,0.7925362655846956,19.79192777708582,0.6601596121619183,False
resnet,0.1,24,1,6,0.7599460097037167,19.79192777708582,0.6601596121619183,False
resnet,0.1,24,1,7,0.7230126075961497,19.79192777708582,0.6601596121619183,False
resnet,0.1,24,1,8,0.6930508319419791,19.79192777708582,0.6601596121619183,False
resnet,0.1,24,1,9,0.667257993132086,19.79192777708582,0.6601596121619183,False
resnet,0.1,24,1,10,0.6408579107521565,19.79192777708582,0.6601596121619183,False
resnet,0.1,24,1,11,0.6170403623725994,19.79192777708582,0.6601596121619183,False
resnet,0.1,24,1,12,0.5916470762981121,19.79192777708582,0.6601596121619183,False
resnet,0.1,24,1,13,0.5686713748904588,19.79192777708582,0.6601596121619183,False
resnet,0.1,24,1,14,0.5447929651190793,19.79192777708582,0.6601596121619183,False
resnet,0.1,24,1,15,0.5188486221114399,19.79192777708582,0.6601596121619183,False
resnet,0.1,24,2,0,1.0,18.975960511322832,0.5616589445747067,False
resnet,0.1,24,2,1,0.954056522744607,18.975960511322832,0.5616589445747067,False
resnet,0.1,24,2,2,0.9056324618225049,18.975960511322832,0.5616589445747067,False
resnet,0.1,24,2,3,0.851070928533661,18.975960511322832,0.5616589445747067,False
resnet,0.1,24,2,4,0.8051271784366434,18.975960511322832,0.5616589445747067,False
resnet,0.1,24,2,5,0.7514461748876176,18.975960511322832,0.5616589445747067,False
resnet,0.1,24,2,6,0.706467085297608,18.975960511322832,0.5616589445747067,False
resnet,0.1,24,2,7,0.6588781090027656,18.975960511322832,0.5616589445747067,False
resnet,0.1,24,2,8,0.6190387470950985,18.975960511322832,0.5616589445747067,False
resnet,0.1,24,2,9,0.5780348932836507,18.975960511322832,0.5616589445747067,False
resnet,0.1,24,2,10,0.5449600320021657,18.975960511322832,0.5616589445747067,False
resnet,0.1,24,2,11,0.5112806978549865,18.975960511322832,0.5616589445747067,False
resnet,0.1,24,2,12,0.4898139520375135,18.975960511322832,0.5616589445747067,False
resnet,0.1,24,2,13,0.4549167240912822,18.975960511322832,0.5616589445747067,False
resnet,0.1,24,2,14,0.430623696888041,18.975960511322832,0.5616589445747067,False
resnet,0.1,24,2,15,0.40753134549684467,18.975960511322832,0.5616589445747067,False
resnet,0.1,24,3,0,1.0,13.447646363895885,0.6901448894036283,False
resnet,0.1,24,3,1,0.9674205185492142,13.447646363895885,0.6901448894036283,False
resnet,0.1,24,3,2,0.9352049324551054,13.447646363895885,0.6901448894036283,False
resnet,0.1,24,3,3,0.902834646242315,13.447646363895885,0.6901448894036283,False
resnet,0.1,24,3,4,0.8739002110177787,13.447646363895885,0.6901448894036283,False
resnet,0.1,24,3,5,0.8381902072535617,13.447646363895885,0.6901448894036283,False
resnet,0.1,24,3,6,0.8010238061945114,13.447646363895885,0.6901448894036283,False
resnet,0.1,24,3,7,0.7640267391285728,13.447646363895885,0.6901448894036283,False
resnet,0.1,24,3,8,0.7265086533832101,13.447646363895885,0.6901448894036283,False
resnet,0.1,24,3,9,0.692853421216152,13.447646363895885,0.6901448894036283,False
resnet,0.1,24,3,10,0.6566286957107633,13.447646363895885,0.6901448894036283,False
resnet,0.1,24,3,11,0.6264726117981723,13.447646363895885,0.6901448894036283,False
resnet,0.1,24,3,12,0.6027937225093253,13.447646363895885,0.6901448894036283,False
resnet,0.1,24,3,13,0.5848297218077501,13.447646363895885,0.6901448894036283,False
resnet,0.1,24,3,14,0.5663457172067679,13.447646363895885,0.6901448894036283,False
resnet,0.1,24,3,15,0.544996052751407,13.447646363895885,0.6901448894036283,False
resnet,0.1,24,4,0,1.0,11.476130602353962,0.7046081804888344,False
resnet,0.1,24,4,1,0.9671091301424201,11.476130602353962,0.7046081804888344,False
resnet,0.1,24,4,2,0.9330989439873116,11.476130602353962,0.7046081804888344,False
resnet,0.1,24,4,3,0.8946689419177402,11.476130602353962,0.7046081804888344,False
resnet,0.1,24,4,4,0.8521262508565309,11.476130602353962,0.7046081804888344,False
resnet,0.1,24,4,5,0.8040185198254504,11.476130602353962,0.7046081804888344,False
resnet,0.1,24,4,6,0.750323469046423,11.476130602353962,0.7046081804888344,False
resnet,0.1,24,4,7,0.7090586520720464,11.476130602353962,0.7046081804888344,False
resnet,0.1,24,4,8,0.6598641233710292,11.476130602353962,0.7046081804888344,False
resnet,0.1,24,4,9,0.6130547927302405,11.476130602353962,0.7046081804888344,False
resnet,0.1,24,4,10,0.5694938446453375,11.476130602353962,0.7046081804888344,False
resnet,0.1,24,4,11,0.5291395509062309,11.476130602353962,0.7046081804888344,False
resnet,0.1,24,4,12,0.49000465424807355,11.476130602353962,0.7046081804888344,False
resnet,0.1,24,4,13,0.45833558476512865,11.476130602353962,0.7046081804888344,False
resnet,0.1,24,4,14,0.4354009997205421,11.476130602353962,0.7046081804888344,False
resnet,0.1,24,4,15,0.40639664040193024,11.476130602353962,0.7046081804888344,False
resnet,0.1,24,5,0,1.0,21.96726737291275,1.35981589733401,False
resnet,0.1,24,5,1,0.9900878847791916,21.96726737291275,1.35981589733401,False
resnet,0.1,24,5,2,0.9783951352538679,21.96726737291275,1.35981589733401,False
resnet,0.1,24,5,3,0.966925329845247,21.96726737291275,1.35981589733401,False
resnet,0.1,24,5,4,0.9550634007970373,21.96726737291275,1.35981589733401,False
resnet,0.1,24,5,5,0.9423918995902149,21.96726737291275,1.35981589733401,False
resnet,0.1,24,5,6,0.9298437571168685,21.96726737291275,1.35981589733401,False
resnet,0.1,24,5,7,0.9180301932310969,21.96726737291275,1.35981589733401,False
resnet,0.1,24,5,8,0.9060433352268855,21.96726737291275,1.35981589733401,False
resnet,0.1,24,5,9,0.8959812674614617,21.96726737291275,1.35981589733401,False
resnet,0.1,24,5,10,0.8858057714363237,21.96726737291275,1.35981589733401,False
resnet,0.1,24,5,11,0.8742821126265267,21.96726737291275,1.35981589733401,False
resnet,0.1,24,5,12,0.8609560104088091,21.96726737291275,1.35981589733401,False
resnet,0.1,24,5,13,0.8494067938128558,21.96726737291275,1.35981589733401,False
resnet,0.1,24,5,14,0.8385959716886682,21.96726737291275,1.35981589733401,False
resnet,0.1,24,5,15,0.8299879625303899,21.96726737291275,1.35981589733401,False
resnet,0.1,24,6,0,1.0,9.406504404676769,0.5800448281449548,False
resnet,0.1,24,6,1,0.9475620029996787,9.406504404676769,0.5800448281449548,False
resnet,0.1,24,6,2,0.8913204616655023,9.406504404676769,0.5800448281449548,False
resnet,0.1,24,6,3,0.8478089940690439,9.406504404676769,0.5800448281449548,False
resnet,0.1,24,6,4,0.809413818572343,9.406504404676769,0.5800448281449548,False
resnet,0.1,24,6,5,0.7851106473148359,9.406504404676769,0.5800448281449548,False
resnet,0.1,24,6,6,0.757478117792152,9.406504404676769,0.5800448281449548,False
resnet,0.1,24,6,7,0.723389394114454,9.406504404676769,0.5800448281449548,False
resnet,0.1,24,6,8,0.7014664914782627,9.406504404676769,0.5800448281449548,False
resnet,0.1,24,6,9,0.68023896699166,9.406504404676769,0.5800448281449548,False
resnet,0.1,24,6,10,0.6637696403279173,9.406504404676769,0.5800448281449548,False
resnet,0.1,24,6,11,0.6485312647329639,9.406504404676769,0.5800448281449548,False
resnet,0.1,24,6,12,0.6332466020040873,9.406504404676769,0.5800448281449548,False
resnet,0.1,24,6,13,0.6249505555737993,9.406504404676769,0.5800448281449548,False
resnet,0.1,24,6,14,0.6048050121331576,9.406504404676769,0.5800448281449548,False
resnet,0.1,24,6,15,0.5839134475228249,9.406504404676769,0.5800448281449548,False
resnet,0.1,24,7,0,1.0,15.456224318617565,0.8071166011329262,False
resnet,0.1,24,7,1,0.9784181439311681,15.456224318617565,0.8071166011329262,False
resnet,0.1,24,7,2,0.9536479226812132,15.456224318617565,0.8071166011329262,False
resnet,0.1,24,7,3,0.9256588862382579,15.456224318617565,0.8071166011329262,False
resnet,0.1,24,7,4,0.8921558091275928,15.456224318617565,0.8071166011329262,False
resnet,0.1,24,7,5,0.8566972046177748,15.456224318617565,0.8071166011329262,False
resnet,0.1,24,7,6,0.8172952380188185,15.456224318617565,0.8071166011329262,False
resnet,0.1,24,7,7,0.7748637230164722,15.456224318617565,0.8071166011329262,False
resnet,0.1,24,7,8,0.7317293807044212,15.456224318617565,0.8071166011329262,False
resnet,0.1,24,7,9,0.6881572570694573,15.456224318617565,0.8071166011329262,False
resnet,0.1,24,7,10,0.6428234120057373,15.456224318617565,0.8071166011329262,False
resnet,0.1,24,7,11,0.5951751813387275,15.456224318617565,0.8071166011329262,False
resnet,0.1,24,7,12,0.5451680701412654,15.456224318617565,0.8071166011329262,False
resnet,0.1,24,7,13,0.4990187764593031,15.456224318617565,0.8071166011329262,False
resnet,0.1,24,7,14,0.451374495213908,15.456224318617565,0.8071166011329262,False
resnet,0.1,24,7,15,0.4051474125132207,15.456224318617565,0.8071166011329262,False
resnet,0.1,24,8,0,1.0,27.734251461617834,1.4683369281830696,False
resnet,0.1,24,8,1,0.990643059675109,27.734251461617834,1.4683369281830696,False
resnet,0.1,24,8,2,0.9800607463359794,27.734251461617834,1.4683369281830696,False
resnet,0.1,24,8,3,0.9675135912692883,27.734251461617834,1.4683369281830696,False
resnet,0.1,24,8,4,0.9530230975279246,27.734251461617834,1.4683369281830696,False
resnet,0.1,24,8,5,0.9370987211720727,27.734251461617834,1.4683369281830696,False
resnet,0.1,24,8,6,0.9204485132360768,27.734251461617834,1.4683369281830696,False
resnet,0.1,24,8,7,0.904126202302142,27.734251461617834,1.4683369281830696,False
resnet,0.1,24,8,8,0.8879867094536571,27.734251461617834,1.4683369281830696,False
resnet,0.1,24,8,9,0.8718873497930507,27.734251461617834,1.4683369281830696,False
resnet,0.1,24,8,10,0.8549841528351618,27.734251461617834,1.4683369281830696,False
resnet,0.1,24,8,11,0.8387492326363519,27.734251461617834,1.4683369281830696,False
resnet,0.1,24,8,12,0.8245398810192088,27.734251461617834,1.4683369281830696,False
resnet,0.1,24,8,13,0.811839642282204,27.734251461617834,1.4683369281830696,False
resnet,0.1,24,8,14,0.7995418922482271,27.734251461617834,1.4683369281830696,False
resnet,0.1,24,8,15,0.7879105737403916,27.734251461617834,1.4683369281830696,False
resnet,0.1,24,9,0,1.0,11.878675961344042,0.5363115683200472,False
resnet,0.1,24,9,1,0.9416566827523358,11.878675961344042,0.5363115683200472,False
resnet,0.1,24,9,2,0.8782822496824091,11.878675961344042,0.5363115683200472,False
resnet,0.1,24,9,3,0.8053666345728363,11.878675961344042,0.5363115683200472,False
resnet,0.1,24,9,4,0.7321136201158092,11.878675961344042,0.5363115683200472,False
resnet,0.1,24,9,5,0.6678654584480412,11.878675961344042,0.5363115683200472,False
resnet,0.1,24,9,6,0.6081229334349193,11.878675961344042,0.5363115683200472,False
resnet,0.1,24,9,7,0.5512888706217131,11.878675961344042,0.5363115683200472,False
resnet,0.1,24,9,8,0.5124110668935257,11.878675961344042,0.5363115683200472,False
resnet,0.1,24,9,9,0.4732593848569556,11.878675961344042,0.5363115683200472,False
resnet,0.1,24,9,10,0.4443097851938707,11.878675961344042,0.5363115683200472,False
resnet,0.1,24,9,11,0.4211220655064551,11.878675961344042,0.5363115683200472,False
resnet,0.1,24,9,12,0.39555987648987445,11.878675961344042,0.5363115683200472,False
resnet,0.1,24,9,13,0.37389417317005497,11.878675961344042,0.5363115683200472,False
resnet,0.1,24,9,14,0.3316281119570687,11.878675961344042,0.5363115683200472,False
resnet,0.1,24,9,15,0.2965817326560596,11.878675961344042,0.5363115683200472,False
resnet,0.1,24,10,0,1.0,14.29964135852502,0.8920645762115761,False
resnet,0.1,24,10,1,0.9898706737647247,14.29964135852502,0.8920645762115761,False
resnet,0.1,24,10,2,0.9785887868914075,14.29964135852502,0.8920645762115761,False
resnet,0.1,24,10,3,0.9681160131539912,14.29964135852502,0.8920645762115761,False
resnet,0.1,24,10,4,0.9556779977208599,14.29964135852502,0.8920645762115761,False
resnet,0.1,24,10,5,0.9412857011324316,14.29964135852502,0.8920645762115761,False
resnet,0.1,24,10,6,0.9282499077427605,14.29964135852502,0.8920645762115761,False
resnet,0.1,24,10,7,0.9179316145596925,14.29964135852502,0.8920645762115761,False
resnet,0.1,24,10,8,0.905156822898231,14.29964135852502,0.8920645762115761,False
resnet,0.1,24,10,9,0.8901943920544899,14.29964135852502,0.8920645762115761,False
resnet,0.1,24,10,10,0.8754239821514463,14.29964135852502,0.8920645762115761,False
resnet,0.1,24,10,11,0.8602359743071789,14.29964135852502,0.8920645762115761,False
resnet,0.1,24,10,12,0.8409442779058719,14.29964135852502,0.8920645762115761,False
resnet,0.1,24,10,13,0.8186409940011509,14.29964135852502,0.8920645762115761,False
resnet,0.1,24,10,14,0.7966810596546887,14.29964135852502,0.8920645762115761,False
resnet,0.1,24,10,15,0.7734588010398883,14.29964135852502,0.8920645762115761,False
resnet,0.1,24,11,0,1.0,13.876841487744155,0.6783190127966889,False
resnet,0.1,24,11,1,0.9688807155363092,13.876841487744155,0.6783190127966889,False
resnet,0.1,24,11,2,0.9436363965221483,13.876841487744155,0.6783190127966889,False
resnet,0.1,24,11,3,0.9184507870074575,13.876841487744155,0.6783190127966889,False
resnet,0.1,24,11,4,0.8907802347595731,13.876841487744155,0.6783190127966889,False
resnet,0.1,24,11,5,0.8672272198029475,13.876841487744155,0.6783190127966889,False
resnet,0.1,24,11,6,0.846595870252122,13.876841487744155,0.6783190127966889,False
resnet,0.1,24,11,7,0.8198534089510632,13.876841487744155,0.6783190127966889,False
resnet,0.1,24,11,8,0.7947469596713407,13.876841487744155,0.6783190127966889,False
resnet,0.1,24,11,9,0.7690473320220051,13.876841487744155,0.6783190127966889,False
resnet,0.1,24,11,10,0.7463640868830155,13.876841487744155,0.6783190127966889,False
resnet,0.1,24,11,11,0.7092938686426145,13.876841487744155,0.6783190127966889,False
resnet,0.1,24,11,12,0.6775679010297044,13.876841487744155,0.6783190127966889,False
resnet,0.1,24,11,13,0.6469436466832401,13.876841487744155,0.6783190127966889,False
resnet,0.1,24,11,14,0.6179524617658297,13.876841487744155,0.6783190127966889,False
resnet,0.1,24,11,15,0.5866811807422929,13.876841487744155,0.6783190127966889,False
resnet,0.1,24,12,0,1.0,19.10898102868645,0.7911586824133957,False
resnet,0.1,24,12,1,0.9695015900605268,19.10898102868645,0.7911586824133957,False
resnet,0.1,24,12,2,0.9364961581165449,19.10898102868645,0.7911586824133957,False
resnet,0.1,24,12,3,0.9139689177471315,19.10898102868645,0.7911586824133957,False
resnet,0.1,24,12,4,0.8902862502242601,19.10898102868645,0.7911586824133957,False
resnet,0.1,24,12,5,0.8698418494638904,19.10898102868645,0.7911586824133957,False
resnet,0.1,24,12,6,0.8563147882386914,19.10898102868645,0.7911586824133957,False
resnet,0.1,24,12,7,0.8507099288865245,19.10898102868645,0.7911586824133957,False
resnet,0.1,24,12,8,0.8418759707082739,19.10898102868645,0.7911586824133957,False
resnet,0.1,24,12,9,0.8290509494644094,19.10898102868645,0.7911586824133957,False
resnet,0.1,24,12,10,0.8147502913394197,19.10898102868645,0.7911586824133957,False
resnet,0.1,24,12,11,0.8022639586433137,19.10898102868645,0.7911586824133957,False
resnet,0.1,24,12,12,0.7858412040842809,19.10898102868645,0.7911586824133957,False
resnet,0.1,24,12,13,0.7614919444155412,19.10898102868645,0.7911586824133957,False
resnet,0.1,24,12,14,0.7423005782889972,19.10898102868645,0.7911586824133957,False
resnet,0.1,24,12,15,0.7262162696467623,19.10898102868645,0.7911586824133957,False
resnet,0.1,24,13,0,1.0,19.830730245185784,0.8273962763716002,False
resnet,0.1,24,13,1,0.9668225135987786,19.830730245185784,0.8273962763716002,False
resnet,0.1,24,13,2,0.9323365934302195,19.830730245185784,0.8273962763716002,False
resnet,0.1,24,13,3,0.9035414365900916,19.830730245185784,0.8273962763716002,False
resnet,0.1,24,13,4,0.8796898808726783,19.830730245185784,0.8273962763716002,False
resnet,0.1,24,13,5,0.8586370090878943,19.830730245185784,0.8273962763716002,False
resnet,0.1,24,13,6,0.8354117505664421,19.830730245185784,0.8273962763716002,False
resnet,0.1,24,13,7,0.8149989792493239,19.830730245185784,0.8273962763716002,False
resnet,0.1,24,13,8,0.7921529119239821,19.830730245185784,0.8273962763716002,False
resnet,0.1,24,13,9,0.7745941678129937,19.830730245185784,0.8273962763716002,False
resnet,0.1,24,13,10,0.7534937163757305,19.830730245185784,0.8273962763716002,False
resnet,0.1,24,13,11,0.7272516469051113,19.830730245185784,0.8273962763716002,False
resnet,0.1,24,13,12,0.7031723884680823,19.830730245185784,0.8273962763716002,False
resnet,0.1,24,13,13,0.6882648844218375,19.830730245185784,0.8273962763716002,False
resnet,0.1,24,13,14,0.6705007399906147,19.830730245185784,0.8273962763716002,False
resnet,0.1,24,13,15,0.6483120597816575,19.830730245185784,0.8273962763716002,False
resnet,0.1,24,14,0,1.0,16.947460828937846,0.8273453677672746,False
resnet,0.1,24,14,1,0.9761395577585955,16.947460828937846,0.8273453677672746,False
resnet,0.1,24,14,2,0.9540451924636948,16.947460828937846,0.8273453677672746,False
resnet,0.1,24,14,3,0.9351961832280183,16.947460828937846,0.8273453677672746,False
resnet,0.1,24,14,4,0.915262171336294,16.947460828937846,0.8273453677672746,False
resnet,0.1,24,14,5,0.8871457134437161,16.947460828937846,0.8273453677672746,False
resnet,0.1,24,14,6,0.8672711122013322,16.947460828937846,0.8273453677672746,False
resnet,0.1,24,14,7,0.8430997502963621,16.947460828937846,0.8273453677672746,False
resnet,0.1,24,14,8,0.8175769258309447,16.947460828937846,0.8273453677672746,False
resnet,0.1,24,14,9,0.7908224029148897,16.947460828937846,0.8273453677672746,False
resnet,0.1,24,14,10,0.7683993521659751,16.947460828937846,0.8273453677672746,False
resnet,0.1,24,14,11,0.737591006374983,16.947460828937846,0.8273453677672746,False
resnet,0.1,24,14,12,0.7076701110442603,16.947460828937846,0.8273453677672746,False
resnet,0.1,24,14,13,0.684106481908494,16.947460828937846,0.8273453677672746,False
resnet,0.1,24,14,14,0.6606497537897319,16.947460828937846,0.8273453677672746,False
resnet,0.1,24,14,15,0.6342592689877286,16.947460828937846,0.8273453677672746,False
resnet,0.1,24,15,0,1.0,14.495605671034703,0.86966662428828,False
resnet,0.1,24,15,1,0.9762808534768578,14.495605671034703,0.86966662428828,False
resnet,0.1,24,15,2,0.9551676039677747,14.495605671034703,0.86966662428828,False
resnet,0.1,24,15,3,0.9289466931568168,14.495605671034703,0.86966662428828,False
resnet,0.1,24,15,4,0.9043016693987612,14.495605671034703,0.86966662428828,False
resnet,0.1,24,15,5,0.8809997273057184,14.495605671034703,0.86966662428828,False
resnet,0.1,24,15,6,0.8586824297762544,14.495605671034703,0.86966662428828,False
resnet,0.1,24,15,7,0.8375258068778328,14.495605671034703,0.86966662428828,False
resnet,0.1,24,15,8,0.8176600914223808,14.495605671034703,0.86966662428828,False
resnet,0.1,24,15,9,0.7979661640715668,14.495605671034703,0.86966662428828,False
resnet,0.1,24,15,10,0.776440263334575,14.495605671034703,0.86966662428828,False
resnet,0.1,24,15,11,0.752874568892568,14.495605671034703,0.86966662428828,False
resnet,0.1,24,15,12,0.7278577928362633,14.495605671034703,0.86966662428828,False
resnet,0.1,24,15,13,0.7003562901988477,14.495605671034703,0.86966662428828,False
resnet,0.1,24,15,14,0.6737417769568809,14.495605671034703,0.86966662428828,False
resnet,0.1,24,15,15,0.6430732395956431,14.495605671034703,0.86966662428828,False
resnet,0.1,24,16,0,1.0,39.116393875518625,1.0919838341795933,False
resnet,0.1,24,16,1,0.9889588431405175,39.116393875518625,1.0919838341795933,False
resnet,0.1,24,16,2,0.9780227768017956,39.116393875518625,1.0919838341795933,False
resnet,0.1,24,16,3,0.9626009201748555,39.116393875518625,1.0919838341795933,False
resnet,0.1,24,16,4,0.9452092615888681,39.116393875518625,1.0919838341795933,False
resnet,0.1,24,16,5,0.9268716693619277,39.116393875518625,1.0919838341795933,False
resnet,0.1,24,16,6,0.9057987831709609,39.116393875518625,1.0919838341795933,False
resnet,0.1,24,16,7,0.8819880920604978,39.116393875518625,1.0919838341795933,False
resnet,0.1,24,16,8,0.8571137983545847,39.116393875518625,1.0919838341795933,False
resnet,0.1,24,16,9,0.8296033797945548,39.116393875518625,1.0919838341795933,False
resnet,0.1,24,16,10,0.8046146591498688,39.116393875518625,1.0919838341795933,False
resnet,0.1,24,16,11,0.7784475161749969,39.116393875518625,1.0919838341795933,False
resnet,0.1,24,16,12,0.7532242719081015,39.116393875518625,1.0919838341795933,False
resnet,0.1,24,16,13,0.728655585151107,39.116393875518625,1.0919838341795933,False
resnet,0.1,24,16,14,0.7028527148387657,39.116393875518625,1.0919838341795933,False
resnet,0.1,24,16,15,0.6765296985409175,39.116393875518625,1.0919838341795933,False
resnet,0.1,24,17,0,1.0,21.45140961526011,0.9627717414605808,False
resnet,0.1,24,17,1,0.9740496554261847,21.45140961526011,0.9627717414605808,False
resnet,0.1,24,17,2,0.9398397366596838,21.45140961526011,0.9627717414605808,False
resnet,0.1,24,17,3,0.907415758763557,21.45140961526011,0.9627717414605808,False
resnet,0.1,24,17,4,0.8782837362271364,21.45140961526011,0.9627717414605808,False
resnet,0.1,24,17,5,0.8506031779375655,21.45140961526011,0.9627717414605808,False
resnet,0.1,24,17,6,0.8205808889611772,21.45140961526011,0.9627717414605808,False
resnet,0.1,24,17,7,0.7912788889740127,21.45140961526011,0.9627717414605808,False
resnet,0.1,24,17,8,0.7622977537806748,21.45140961526011,0.9627717414605808,False
resnet,0.1,24,17,9,0.7328291872273675,21.45140961526011,0.9627717414605808,False
resnet,0.1,24,17,10,0.7026066622177234,21.45140961526011,0.9627717414605808,False
resnet,0.1,24,17,11,0.6734609681114967,21.45140961526011,0.9627717414605808,False
resnet,0.1,24,17,12,0.6421295243912896,21.45140961526011,0.9627717414605808,False
resnet,0.1,24,17,13,0.6058316704717318,21.45140961526011,0.9627717414605808,False
resnet,0.1,24,17,14,0.5675914836685881,21.45140961526011,0.9627717414605808,False
resnet,0.1,24,17,15,0.5291573571144501,21.45140961526011,0.9627717414605808,False
resnet,0.1,24,18,0,1.0,18.78236818505173,1.0993315810973623,False
resnet,0.1,24,18,1,0.9815102533253061,18.78236818505173,1.0993315810973623,False
resnet,0.1,24,18,2,0.9618902110037139,18.78236818505173,1.0993315810973623,False
resnet,0.1,24,18,3,0.9396938277629061,18.78236818505173,1.0993315810973623,False
resnet,0.1,24,18,4,0.9167345265181022,18.78236818505173,1.0993315810973623,False
resnet,0.1,24,18,5,0.8922328472612685,18.78236818505173,1.0993315810973623,False
resnet,0.1,24,18,6,0.8664048888244531,18.78236818505173,1.0993315810973623,False
resnet,0.1,24,18,7,0.8415203395977535,18.78236818505173,1.0993315810973623,False
resnet,0.1,24,18,8,0.8136151732619618,18.78236818505173,1.0993315810973623,False
resnet,0.1,24,18,9,0.7903749012568143,18.78236818505173,1.0993315810973623,False
resnet,0.1,24,18,10,0.7734567397772127,18.78236818505173,1.0993315810973623,False
resnet,0.1,24,18,11,0.7548563122781027,18.78236818505173,1.0993315810973623,False
resnet,0.1,24,18,12,0.733516564159895,18.78236818505173,1.0993315810973623,False
resnet,0.1,24,18,13,0.7099989276570203,18.78236818505173,1.0993315810973623,False
resnet,0.1,24,18,14,0.6893316899499207,18.78236818505173,1.0993315810973623,False
resnet,0.1,24,18,15,0.6712452433072821,18.78236818505173,1.0993315810973623,False
resnet,0.1,24,19,0,1.0,18.203315905825754,1.0954397862828746,False
resnet,0.1,24,19,1,0.9808232070787548,18.203315905825754,1.0954397862828746,False
resnet,0.1,24,19,2,0.9596529103311883,18.203315905825754,1.0954397862828746,False
resnet,0.1,24,19,3,0.9360981636360283,18.203315905825754,1.0954397862828746,False
resnet,0.1,24,19,4,0.9149271087774186,18.203315905825754,1.0954397862828746,False
resnet,0.1,24,19,5,0.8999049269496965,18.203315905825754,1.0954397862828746,False
resnet,0.1,24,19,6,0.8899797269344119,18.203315905825754,1.0954397862828746,False
resnet,0.1,24,19,7,0.883636881806107,18.203315905825754,1.0954397862828746,False
resnet,0.1,24,19,8,0.8748924331114161,18.203315905825754,1.0954397862828746,False
resnet,0.1,24,19,9,0.8654586303159683,18.203315905825754,1.0954397862828746,False
resnet,0.1,24,19,10,0.8516269102954016,18.203315905825754,1.0954397862828746,False
resnet,0.1,24,19,11,0.8385714735405627,18.203315905825754,1.0954397862828746,False
resnet,0.1,24,19,12,0.8257268020052018,18.203315905825754,1.0954397862828746,False
resnet,0.1,24,19,13,0.8144440405021434,18.203315905825754,1.0954397862828746,False
resnet,0.1,24,19,14,0.8056533318070229,18.203315905825754,1.0954397862828746,False
resnet,0.1,24,19,15,0.7928124998079008,18.203315905825754,1.0954397862828746,False
resnet,0.1,50,0,0,1.0,22.47506465197778,1.1289597616327423,False
resnet,0.1,50,0,1,0.9746822896051154,22.47506465197778,1.1289597616327423,False
resnet,0.1,50,0,2,0.9469596627048599,22.47506465197778,1.1289597616327423,False
resnet,0.1,50,0,3,0.9194705315097532,22.47506465197778,1.1289597616327423,False
resnet,0.1,50,0,4,0.8827712793190358,22.47506465197778,1.1289597616327423,False
resnet,0.1,50,0,5,0.8411103924608206,22.47506465197778,1.1289597616327423,False
resnet,0.1,50,0,6,0.7968444413775394,22.47506465197778,1.1289597616327423,False
resnet,0.1,50,0,7,0.7504320069118255,22.47506465197778,1.1289597616327423,False
resnet,0.1,50,0,8,0.7023001158896008,22.47506465197778,1.1289597616327423,False
resnet,0.1,50,0,9,0.6571442688564345,22.47506465197778,1.1289597616327423,False
resnet,0.1,50,0,10,0.6132903232516056,22.47506465197778,1.1289597616327423,False
resnet,0.1,50,0,11,0.5757569970045708,22.47506465197778,1.1289597616327423,False
resnet,0.1,50,0,12,0.536359076260093,22.47506465197778,1.1289597616327423,False
resnet,0.1,50,0,13,0.4937745304247887,22.47506465197778,1.1289597616327423,False
resnet,0.1,50,0,14,0.46196263188118125,22.47506465197778,1.1289597616327423,False
resnet,0.1,50,0,15,0.4312410155893121,22.47506465197778,1.1289597616327423,False
resnet,0.1,50,1,0,1.0,24.230994534928275,1.135012908143787,False
resnet,0.1,50,1,1,0.9764615111049795,24.230994534928275,1.135012908143787,False
resnet,0.1,50,1,2,0.951543500296006,24.230994534928275,1.135012908143787,False
resnet,0.1,50,1,3,0.9275784842012527,24.230994534928275,1.135012908143787,False
resnet,0.1,50,1,4,0.9005131073028121,24.230994534928275,1.135012908143787,False
resnet,0.1,50,1,5,0.8729016969599507,24.230994534928275,1.135012908143787,False
resnet,0.1,50,1,6,0.8478314708497864,24.230994534928275,1.135012908143787,False
resnet,0.1,50,1,7,0.8218416286161784,24.230994534928275,1.135012908143787,False
resnet,0.1,50,1,8,0.796807011490898,24.230994534928275,1.135012908143787,False
resnet,0.1,50,1,9,0.7739051208420675,24.230994534928275,1.135012908143787,False
resnet,0.1,50,1,10,0.7558229360786406,24.230994534928275,1.135012908143787,False
resnet,0.1,50,1,11,0.7379773525614072,24.230994534928275,1.135012908143787,False
resnet,0.1,50,1,12,0.7214034788241614,24.230994534928275,1.135012908143787,False
resnet,0.1,50,1,13,0.7046304265694467,24.230994534928275,1.135012908143787,False
resnet,0.1,50,1,14,0.6890318618386343,24.230994534928275,1.135012908143787,False
resnet,0.1,50,1,15,0.6755932897409465,24.230994534928275,1.135012908143787,False
resnet,0.1,50,2,0,1.0,26.294021226651942,0.8639374870927509,False
resnet,0.1,50,2,1,0.9618325943816928,26.294021226651942,0.8639374870927509,False
resnet,0.1,50,2,2,0.9278086494457695,26.294021226651942,0.8639374870927509,False
resnet,0.1,50,2,3,0.9005552306630045,26.294021226651942,0.8639374870927509,False
resnet,0.1,50,2,4,0.8693110161139642,26.294021226651942,0.8639374870927509,False
resnet,0.1,50,2,5,0.8440269639690429,26.294021226651942,0.8639374870927509,False
resnet,0.1,50,2,6,0.8139622137454093,26.294021226651942,0.8639374870927509,False
resnet,0.1,50,2,7,0.7851741847456872,26.294021226651942,0.8639374870927509,False
resnet,0.1,50,2,8,0.7578580268376597,26.294021226651942,0.8639374870927509,False
resnet,0.1,50,2,9,0.7446982345686917,26.294021226651942,0.8639374870927509,False
resnet,0.1,50,2,10,0.7312611757349993,26.294021226651942,0.8639374870927509,False
resnet,0.1,50,2,11,0.7102415266796254,26.294021226651942,0.8639374870927509,False
resnet,0.1,50,2,12,0.6935721540976885,26.294021226651942,0.8639374870927509,False
resnet,0.1,50,2,13,0.6724919740895279,26.294021226651942,0.8639374870927509,False
resnet,0.1,50,2,14,0.6525126631609419,26.294021226651942,0.8639374870927509,False
resnet,0.1,50,2,15,0.6351007111427115,26.294021226651942,0.8639374870927509,False
resnet,0.1,50,3,0,1.0,17.99919349125405,1.0646991057044224,False
resnet,0.1,50,3,1,0.9738973302141316,17.99919349125405,1.0646991057044224,False
resnet,0.1,50,3,2,0.9497773974670575,17.99919349125405,1.0646991057044224,False
resnet,0.1,50,3,3,0.9232002744281225,17.99919349125405,1.0646991057044224,False
resnet,0.1,50,3,4,0.8920962795650521,17.99919349125405,1.0646991057044224,False
resnet,0.1,50,3,5,0.8627458884091758,17.99919349125405,1.0646991057044224,False
resnet,0.1,50,3,6,0.8363291643433926,17.99919349125405,1.0646991057044224,False
resnet,0.1,50,3,7,0.8099249057600413,17.99919349125405,1.0646991057044224,False
resnet,0.1,50,3,8,0.7863519338078315,17.99919349125405,1.0646991057044224,False
resnet,0.1,50,3,9,0.7667756363136569,17.99919349125405,1.0646991057044224,False
resnet,0.1,50,3,10,0.7398431926194413,17.99919349125405,1.0646991057044224,False
resnet,0.1,50,3,11,0.7098702126187013,17.99919349125405,1.0646991057044224,False
resnet,0.1,50,3,12,0.6790861846023832,17.99919349125405,1.0646991057044224,False
resnet,0.1,50,3,13,0.6467245670175049,17.99919349125405,1.0646991057044224,False
resnet,0.1,50,3,14,0.6165047757909397,17.99919349125405,1.0646991057044224,False
resnet,0.1,50,3,15,0.5847106573299907,17.99919349125405,1.0646991057044224,False
resnet,0.1,50,4,0,1.0,44.33225046472882,2.1307319266034477,False
resnet,0.1,50,4,1,0.9864314300016417,44.33225046472882,2.1307319266034477,False
resnet,0.1,50,4,2,0.9718611876169392,44.33225046472882,2.1307319266034477,False
resnet,0.1,50,4,3,0.9585066208253152,44.33225046472882,2.1307319266034477,False
resnet,0.1,50,4,4,0.9440027661690801,44.33225046472882,2.1307319266034477,False
resnet,0.1,50,4,5,0.9267804049447964,44.33225046472882,2.1307319266034477,False
resnet,0.1,50,4,6,0.9065405662564897,44.33225046472882,2.1307319266034477,False
resnet,0.1,50,4,7,0.8862932678295806,44.33225046472882,2.1307319266034477,False
resnet,0.1,50,4,8,0.8676866429915167,44.33225046472882,2.1307319266034477,False
resnet,0.1,50,4,9,0.8480460879816742,44.33225046472882,2.1307319266034477,False
resnet,0.1,50,4,10,0.8252408093668343,44.33225046472882,2.1307319266034477,False
resnet,0.1,50,4,11,0.7984591914762054,44.33225046472882,2.1307319266034477,False
resnet,0.1,50,4,12,0.7708134123337164,44.33225046472882,2.1307319266034477,False
resnet,0.1,50,4,13,0.7437196801439586,44.33225046472882,2.1307319266034477,False
resnet,0.1,50,4,14,0.7146565568986447,44.33225046472882,2.1307319266034477,False
resnet,0.1,50,4,15,0.6827409907903406,44.33225046472882,2.1307319266034477,False
resnet,0.1,50,5,0,1.0,19.581876862612905,1.1249392241432645,False
resnet,0.1,50,5,1,0.9709859590128204,19.581876862612905,1.1249392241432645,False
resnet,0.1,50,5,2,0.9429581582901397,19.581876862612905,1.1249392241432645,False
resnet,0.1,50,5,3,0.9195618944408993,19.581876862612905,1.1249392241432645,False
resnet,0.1,50,5,4,0.886969689691756,19.581876862612905,1.1249392241432645,False
resnet,0.1,50,5,5,0.8553160142597551,19.581876862612905,1.1249392241432645,False
resnet,0.1,50,5,6,0.8201061229333405,19.581876862612905,1.1249392241432645,False
resnet,0.1,50,5,7,0.774955858887682,19.581876862612905,1.1249392241432645,False
resnet,0.1,50,5,8,0.7333628405180842,19.581876862612905,1.1249392241432645,False
resnet,0.1,50,5,9,0.6932119320502109,19.581876862612905,1.1249392241432645,False
resnet,0.1,50,5,10,0.6542052678034361,19.581876862612905,1.1249392241432645,False
resnet,0.1,50,5,11,0.6172320761071097,19.581876862612905,1.1249392241432645,False
resnet,0.1,50,5,12,0.5815848899007042,19.581876862612905,1.1249392241432645,False
resnet,0.1,50,5,13,0.5546586217650512,19.581876862612905,1.1249392241432645,False
resnet,0.1,50,5,14,0.5316696168422048,19.581876862612905,1.1249392241432645,False
resnet,0.1,50,5,15,0.5142750686676759,19.581876862612905,1.1249392241432645,False
resnet,0.1,50,6,0,1.0,43.785169480062606,0.7599076711275436,False
resnet,0.1,50,6,1,0.9427861770182524,43.785169480062606,0.7599076711275436,False
resnet,0.1,50,6,2,0.8816468388945453,43.785169480062606,0.7599076711275436,False
resnet,0.1,50,6,3,0.8281021716491351,43.785169480062606,0.7599076711275436,False
resnet,0.1,50,6,4,0.8006991438170415,43.785169480062606,0.7599076711275436,False
resnet,0.1,50,6,5,0.7739612447580491,43.785169480062606,0.7599076711275436,False
resnet,0.1,50,6,6,0.739980416068444,43.785169480062606,0.7599076711275436,False
resnet,0.1,50,6,7,0.699048937401803,43.785169480062606,0.7599076711275436,False
resnet,0.1,50,6,8,0.6520862917862973,43.785169480062606,0.7599076711275436,False
resnet,0.1,50,6,9,0.6166127614685297,43.785169480062606,0.7599076711275436,False
resnet,0.1,50,6,10,0.5757735752854327,43.785169480062606,0.7599076711275436,False
resnet,0.1,50,6,11,0.5351117898597298,43.785169480062606,0.7599076711275436,False
resnet,0.1,50,6,12,0.4944932709349419,43.785169480062606,0.7599076711275436,False
resnet,0.1,50,6,13,0.46740315601435073,43.785169480062606,0.7599076711275436,False
resnet,0.1,50,6,14,0.43431450260285676,43.785169480062606,0.7599076711275436,False
resnet,0.1,50,6,15,0.3992170893398119,43.785169480062606,0.7599076711275436,False
resnet,0.1,50,7,0,1.0,30.75304219837761,1.619421229757201,False
resnet,0.1,50,7,1,0.9866233440583535,30.75304219837761,1.619421229757201,False
resnet,0.1,50,7,2,0.97508926940338,30.75304219837761,1.619421229757201,False
resnet,0.1,50,7,3,0.9640039721629124,30.75304219837761,1.619421229757201,False
resnet,0.1,50,7,4,0.9538401839449696,30.75304219837761,1.619421229757201,False
resnet,0.1,50,7,5,0.9439234149207543,30.75304219837761,1.619421229757201,False
resnet,0.1,50,7,6,0.935017057324721,30.75304219837761,1.619421229757201,False
resnet,0.1,50,7,7,0.9221161493927036,30.75304219837761,1.619421229757201,False
resnet,0.1,50,7,8,0.9044159490157451,30.75304219837761,1.619421229757201,False
resnet,0.1,50,7,9,0.889255903852015,30.75304219837761,1.619421229757201,False
resnet,0.1,50,7,10,0.8768563017085366,30.75304219837761,1.619421229757201,False
resnet,0.1,50,7,11,0.8632327200583355,30.75304219837761,1.619421229757201,False
resnet,0.1,50,7,12,0.8490622721859277,30.75304219837761,1.619421229757201,False
resnet,0.1,50,7,13,0.8393234391351361,30.75304219837761,1.619421229757201,False
resnet,0.1,50,7,14,0.8217057982953547,30.75304219837761,1.619421229757201,False
resnet,0.1,50,7,15,0.805848664073393,30.75304219837761,1.619421229757201,False
resnet,0.1,50,8,0,1.0,16.961039048333106,0.9834689455871896,False
resnet,0.1,50,8,1,0.9438056788997375,16.961039048333106,0.9834689455871896,False
resnet,0.1,50,8,2,0.8890197561071079,16.961039048333106,0.9834689455871896,False
resnet,0.1,50,8,3,0.8500201263172261,16.961039048333106,0.9834689455871896,False
resnet,0.1,50,8,4,0.8005548949651801,16.961039048333106,0.9834689455871896,False
resnet,0.1,50,8,5,0.7574926996311104,16.961039048333106,0.9834689455871896,False
resnet,0.1,50,8,6,0.7115783617598659,16.961039048333106,0.9834689455871896,False
resnet,0.1,50,8,7,0.6563144600029158,16.961039048333106,0.9834689455871896,False
resnet,0.1,50,8,8,0.6171027371490515,16.961039048333106,0.9834689455871896,False
resnet,0.1,50,8,9,0.5860208740984085,16.961039048333106,0.9834689455871896,False
resnet,0.1,50,8,10,0.5335845211986541,16.961039048333106,0.9834689455871896,False
resnet,0.1,50,8,11,0.4847816414394933,16.961039048333106,0.9834689455871896,False
resnet,0.1,50,8,12,0.44646589395669667,16.961039048333106,0.9834689455871896,False
resnet,0.1,50,8,13,0.4077666651981959,16.961039048333106,0.9834689455871896,False
resnet,0.1,50,8,14,0.37173444970830516,16.961039048333106,0.9834689455871896,False
resnet,0.1,50,8,15,0.3183816253417771,16.961039048333106,0.9834689455871896,False
resnet,0.1,50,9,0,1.0,25.728810500420487,1.3701891133627517,False
resnet,0.1,50,9,1,0.9801345156435809,25.728810500420487,1.3701891133627517,False
resnet,0.1,50,9,2,0.9601703024407103,25.728810500420487,1.3701891133627517,False
resnet,0.1,50,9,3,0.9368710964072151,25.728810500420487,1.3701891133627517,False
resnet,0.1,50,9,4,0.9100465488923023,25.728810500420487,1.3701891133627517,False
resnet,0.1,50,9,5,0.8866893804683766,25.728810500420487,1.3701891133627517,False
resnet,0.1,50,9,6,0.8628286786961895,25.728810500420487,1.3701891133627517,False
resnet,0.1,50,9,7,0.8444884218621755,25.728810500420487,1.3701891133627517,False
resnet,0.1,50,9,8,0.8296495206193513,25.728810500420487,1.3701891133627517,False
resnet,0.1,50,9,9,0.8106080155636174,25.728810500420487,1.3701891133627517,False
resnet,0.1,50,9,10,0.7930520020418592,25.728810500420487,1.3701891133627517,False
resnet,0.1,50,9,11,0.7789076273819994,25.728810500420487,1.3701891133627517,False
resnet,0.1,50,9,12,0.7553311258039354,25.728810500420487,1.3701891133627517,False
resnet,0.1,50,9,13,0.7315878528133155,25.728810500420487,1.3701891133627517,False
resnet,0.1,50,9,14,0.7044330554514141,25.728810500420487,1.3701891133627517,False
resnet,0.1,50,9,15,0.6732876311290419,25.728810500420487,1.3701891133627517,False
resnet,0.1,50,10,0,1.0,46.58002012447466,0.9588480530953253,False
resnet,0.1,50,10,1,0.96646981971551,46.58002012447466,0.9588480530953253,False
resnet,0.1,50,10,2,0.9432598052855073,46.58002012447466,0.9588480530953253,False
resnet,0.1,50,10,3,0.9189731653325297,46.58002012447466,0.9588480530953253,False
resnet,0.1,50,10,4,0.8880629058227998,46.58002012447466,0.9588480530953253,False
resnet,0.1,50,10,5,0.8560789285214588,46.58002012447466,0.9588480530953253,False
resnet,0.1,50,10,6,0.8201781888951972,46.58002012447466,0.9588480530953253,False
resnet,0.1,50,10,7,0.7789085969999375,46.58002012447466,0.9588480530953253,False
resnet,0.1,50,10,8,0.7441068094852651,46.58002012447466,0.9588480530953253,False
resnet,0.1,50,10,9,0.706033589528519,46.58002012447466,0.9588480530953253,False
resnet,0.1,50,10,10,0.6565403885862331,46.58002012447466,0.9588480530953253,False
resnet,0.1,50,10,11,0.6164264378851365,46.58002012447466,0.9588480530953253,False
resnet,0.1,50,10,12,0.5791249126248741,46.58002012447466,0.9588480530953253,False
resnet,0.1,50,10,13,0.5407867744539095,46.58002012447466,0.9588480530953253,False
resnet,0.1,50,10,14,0.510059285899571,46.58002012447466,0.9588480530953253,False
resnet,0.1,50,10,15,0.4783922909631991,46.58002012447466,0.9588480530953253,False
resnet,0.1,50,11,0,1.0,27.375160927750585,1.6062934491817125,False
resnet,0.1,50,11,1,0.9897350185997017,27.375160927750585,1.6062934491817125,False
resnet,0.1,50,11,2,0.9797817446592375,27.375160927750585,1.6062934491817125,False
resnet,0.1,50,11,3,0.9680409958552552,27.375160927750585,1.6062934491817125,False
resnet,0.1,50,11,4,0.9551435259484337,27.375160927750585,1.6062934491817125,False
resnet,0.1,50,11,5,0.9424504270194942,27.375160927750585,1.6062934491817125,False
resnet,0.1,50,11,6,0.9292205340418724,27.375160927750585,1.6062934491817125,False
resnet,0.1,50,11,7,0.9179676116008538,27.375160927750585,1.6062934491817125,False
resnet,0.1,50,11,8,0.9050841839303491,27.375160927750585,1.6062934491817125,False
resnet,0.1,50,11,9,0.8906466500639877,27.375160927750585,1.6062934491817125,False
resnet,0.1,50,11,10,0.8758357220612619,27.375160927750585,1.6062934491817125,False
resnet,0.1,50,11,11,0.8602588080766075,27.375160927750585,1.6062934491817125,False
resnet,0.1,50,11,12,0.8436967914396093,27.375160927750585,1.6062934491817125,False
resnet,0.1,50,11,13,0.8235134785587214,27.375160927750585,1.6062934491817125,False
resnet,0.1,50,11,14,0.8027510622744708,27.375160927750585,1.6062934491817125,False
resnet,0.1,50,11,15,0.7807071802941401,27.375160927750585,1.6062934491817125,False
resnet,0.1,50,12,0,1.0,22.40793409643405,0.5556123931371765,False
resnet,0.1,50,12,1,0.9293785412744016,22.40793409643405,0.5556123931371765,False
resnet,0.1,50,12,2,0.8821245086430619,22.40793409643405,0.5556123931371765,False
resnet,0.1,50,12,3,0.8420493212163168,22.40793409643405,0.5556123931371765,False
resnet,0.1,50,12,4,0.7991004021629134,22.40793409643405,0.5556123931371765,False
resnet,0.1,50,12,5,0.7673476837301987,22.40793409643405,0.5556123931371765,False
resnet,0.1,50,12,6,0.7337562627335231,22.40793409643405,0.5556123931371765,False
resnet,0.1,50,12,7,0.719800634872428,22.40793409643405,0.5556123931371765,False
resnet,0.1,50,12,8,0.6844022487566863,22.40793409643405,0.5556123931371765,False
resnet,0.1,50,12,9,0.6542066811292921,22.40793409643405,0.5556123931371765,False
resnet,0.1,50,12,10,0.6109505423197454,22.40793409643405,0.5556123931371765,False
resnet,0.1,50,12,11,0.569121665663483,22.40793409643405,0.5556123931371765,False
resnet,0.1,50,12,12,0.5368590871112278,22.40793409643405,0.5556123931371765,False
resnet,0.1,50,12,13,0.5042565866346533,22.40793409643405,0.5556123931371765,False
resnet,0.1,50,12,14,0.47667235055329643,22.40793409643405,0.5556123931371765,False
resnet,0.1,50,12,15,0.4509308812315097,22.40793409643405,0.5556123931371765,False
resnet,0.1,50,13,0,1.0,42.35825794444351,1.171540337438928,False
resnet,0.1,50,13,1,0.9730489482243306,42.35825794444351,1.171540337438928,False
resnet,0.1,50,13,2,0.9406037636330686,42.35825794444351,1.171540337438928,False
resnet,0.1,50,13,3,0.9066188353360151,42.35825794444351,1.171540337438928,False
resnet,0.1,50,13,4,0.868145538585433,42.35825794444351,1.171540337438928,False
resnet,0.1,50,13,5,0.827184336945835,42.35825794444351,1.171540337438928,False
resnet,0.1,50,13,6,0.7840443362969752,42.35825794444351,1.171540337438928,False
resnet,0.1,50,13,7,0.7357177706900231,42.35825794444351,1.171540337438928,False
resnet,0.1,50,13,8,0.6929744367024311,42.35825794444351,1.171540337438928,False
resnet,0.1,50,13,9,0.650871889471968,42.35825794444351,1.171540337438928,False
resnet,0.1,50,13,10,0.615302791484145,42.35825794444351,1.171540337438928,False
resnet,0.1,50,13,11,0.5853796165796927,42.35825794444351,1.171540337438928,False
resnet,0.1,50,13,12,0.556036995120869,42.35825794444351,1.171540337438928,False
resnet,0.1,50,13,13,0.5211668473390129,42.35825794444351,1.171540337438928,False
resnet,0.1,50,13,14,0.4895416601943508,42.35825794444351,1.171540337438928,False
resnet,0.1,50,13,15,0.4549226978197221,42.35825794444351,1.171540337438928,False
resnet,0.1,50,14,0,1.0,25.160348376431674,1.2879418778753455,False
resnet,0.1,50,14,1,0.9831446003732623,25.160348376431674,1.2879418778753455,False
resnet,0.1,50,14,2,0.9640207640852392,25.160348376431674,1.2879418778753455,False
resnet,0.1,50,14,3,0.9475404099284221,25.160348376431674,1.2879418778753455,False
resnet,0.1,50,14,4,0.9264704448080151,25.160348376431674,1.2879418778753455,False
resnet,0.1,50,14,5,0.9023997453311884,25.160348376431674,1.2879418778753455,False
resnet,0.1,50,14,6,0.8764322583568632,25.160348376431674,1.2879418778753455,False
resnet,0.1,50,14,7,0.8502697896315647,25.160348376431674,1.2879418778753455,False
resnet,0.1,50,14,8,0.8263317577699325,25.160348376431674,1.2879418778753455,False
resnet,0.1,50,14,9,0.8036806148136415,25.160348376431674,1.2879418778753455,False
resnet,0.1,50,14,10,0.7814250420369266,25.160348376431674,1.2879418778753455,False
resnet,0.1,50,14,11,0.7595402158498112,25.160348376431674,1.2879418778753455,False
resnet,0.1,50,14,12,0.7386576918870549,25.160348376431674,1.2879418778753455,False
resnet,0.1,50,14,13,0.7203937568611231,25.160348376431674,1.2879418778753455,False
resnet,0.1,50,14,14,0.7020366894639948,25.160348376431674,1.2879418778753455,False
resnet,0.1,50,14,15,0.679881315408102,25.160348376431674,1.2879418778753455,False
resnet,0.1,50,15,0,1.0,46.80083925596042,0.8370063947983607,False
resnet,0.1,50,15,1,0.9580418216958746,46.80083925596042,0.8370063947983607,False
resnet,0.1,50,15,2,0.9237732435916026,46.80083925596042,0.8370063947983607,False
resnet,0.1,50,15,3,0.8919921001210546,46.80083925596042,0.8370063947983607,False
resnet,0.1,50,15,4,0.8628783091733679,46.80083925596042,0.8370063947983607,False
resnet,0.1,50,15,5,0.8347562434787198,46.80083925596042,0.8370063947983607,False
resnet,0.1,50,15,6,0.804544585703547,46.80083925596042,0.8370063947983607,False
resnet,0.1,50,15,7,0.7754010459671228,46.80083925596042,0.8370063947983607,False
resnet,0.1,50,15,8,0.7479561406734606,46.80083925596042,0.8370063947983607,False
resnet,0.1,50,15,9,0.7171421178414843,46.80083925596042,0.8370063947983607,False
resnet,0.1,50,15,10,0.6910882719754455,46.80083925596042,0.8370063947983607,False
resnet,0.1,50,15,11,0.6748434129498684,46.80083925596042,0.8370063947983607,False
resnet,0.1,50,15,12,0.6633783581585417,46.80083925596042,0.8370063947983607,False
resnet,0.1,50,15,13,0.655689420540609,46.80083925596042,0.8370063947983607,False
resnet,0.1,50,15,14,0.6417818266311496,46.80083925596042,0.8370063947983607,False
resnet,0.1,50,15,15,0.6338695610021774,46.80083925596042,0.8370063947983607,False
resnet,0.1,50,16,0,1.0,9.957376419224568,0.5749260897455485,False
resnet,0.1,50,16,1,0.9041268998694373,9.957376419224568,0.5749260897455485,False
resnet,0.1,50,16,2,0.8292681276669662,9.957376419224568,0.5749260897455485,False
resnet,0.1,50,16,3,0.7566177273450467,9.957376419224568,0.5749260897455485,False
resnet,0.1,50,16,4,0.6787582209935821,9.957376419224568,0.5749260897455485,False
resnet,0.1,50,16,5,0.6024709767648182,9.957376419224568,0.5749260897455485,False
resnet,0.1,50,16,6,0.5281455615607096,9.957376419224568,0.5749260897455485,False
resnet,0.1,50,16,7,0.44096209889766913,9.957376419224568,0.5749260897455485,False
resnet,0.1,50,16,8,0.39367689522131877,9.957376419224568,0.5749260897455485,False
resnet,0.1,50,16,9,0.3691685537340572,9.957376419224568,0.5749260897455485,False
resnet,0.1,50,16,10,0.33202935938256883,9.957376419224568,0.5749260897455485,False
resnet,0.1,50,16,11,0.30899136734597515,9.957376419224568,0.5749260897455485,False
resnet,0.1,50,16,12,0.2835103596703193,9.957376419224568,0.5749260897455485,False
resnet,0.1,50,16,13,0.25100814700052393,9.957376419224568,0.5749260897455485,False
resnet,0.1,50,16,14,0.22889118995585608,9.957376419224568,0.5749260897455485,False
resnet,0.1,50,16,15,0.22164761360442167,9.957376419224568,0.5749260897455485,False
resnet,0.1,50,17,0,1.0,32.56482072137134,1.3319641953388655,False
resnet,0.1,50,17,1,0.9826377628413185,32.56482072137134,1.3319641953388655,False
resnet,0.1,50,17,2,0.9701997935778872,32.56482072137134,1.3319641953388655,False
resnet,0.1,50,17,3,0.9568425328305349,32.56482072137134,1.3319641953388655,False
resnet,0.1,50,17,4,0.942267699246084,32.56482072137134,1.3319641953388655,False
resnet,0.1,50,17,5,0.922988274332029,32.56482072137134,1.3319641953388655,False
resnet,0.1,50,17,6,0.9083492470680785,32.56482072137134,1.3319641953388655,False
resnet,0.1,50,17,7,0.8885371181259487,32.56482072137134,1.3319641953388655,False
resnet,0.1,50,17,8,0.8662610984502898,32.56482072137134,1.3319641953388655,False
resnet,0.1,50,17,9,0.8463600426903334,32.56482072137134,1.3319641953388655,False
resnet,0.1,50,17,10,0.8256427917384208,32.56482072137134,1.3319641953388655,False
resnet,0.1,50,17,11,0.8031461047536824,32.56482072137134,1.3319641953388655,False
resnet,0.1,50,17,12,0.7806883794924994,32.56482072137134,1.3319641953388655,False
resnet,0.1,50,17,13,0.7566450325049716,32.56482072137134,1.3319641953388655,False
resnet,0.1,50,17,14,0.7302876860591992,32.56482072137134,1.3319641953388655,False
resnet,0.1,50,17,15,0.7031537386337439,32.56482072137134,1.3319641953388655,False
resnet,0.1,50,18,0,1.0,21.21997069412613,1.2193004136157375,False
resnet,0.1,50,18,1,0.9607791946250627,21.21997069412613,1.2193004136157375,False
resnet,0.1,50,18,2,0.9216817708668801,21.21997069412613,1.2193004136157375,False
resnet,0.1,50,18,3,0.8800192529980339,21.21997069412613,1.2193004136157375,False
resnet,0.1,50,18,4,0.8397171163912449,21.21997069412613,1.2193004136157375,False
resnet,0.1,50,18,5,0.7904432496605005,21.21997069412613,1.2193004136157375,False
resnet,0.1,50,18,6,0.7305403954999917,21.21997069412613,1.2193004136157375,False
resnet,0.1,50,18,7,0.6619542106359961,21.21997069412613,1.2193004136157375,False
resnet,0.1,50,18,8,0.5985631632392037,21.21997069412613,1.2193004136157375,False
resnet,0.1,50,18,9,0.5324034032612353,21.21997069412613,1.2193004136157375,False
resnet,0.1,50,18,10,0.46972073680165133,21.21997069412613,1.2193004136157375,False
resnet,0.1,50,18,11,0.40064035638804,21.21997069412613,1.2193004136157375,False
resnet,0.1,50,18,12,0.32925836268804387,21.21997069412613,1.2193004136157375,False
resnet,0.1,50,18,13,0.26575720427495514,21.21997069412613,1.2193004136157375,False
resnet,0.1,50,18,14,0.20275004442577582,21.21997069412613,1.2193004136157375,False
resnet,0.1,50,18,15,0.13336071376176917,21.21997069412613,1.2193004136157375,False
resnet,0.1,50,19,0,1.0,12.34357728666742,0.7622974632062717,False
resnet,0.1,50,19,1,0.950286881421149,12.34357728666742,0.7622974632062717,False
resnet,0.1,50,19,2,0.9015991464867585,12.34357728666742,0.7622974632062717,False
resnet,0.1,50,19,3,0.8720066097509002,12.34357728666742,0.7622974632062717,False
resnet,0.1,50,19,4,0.8381415169021729,12.34357728666742,0.7622974632062717,False
resnet,0.1,50,19,5,0.7977303531220695,12.34357728666742,0.7622974632062717,False
resnet,0.1,50,19,6,0.7539446967406667,12.34357728666742,0.7622974632062717,False
resnet,0.1,50,19,7,0.71000966435216,12.34357728666742,0.7622974632062717,False
resnet,0.1,50,19,8,0.6657464495929378,12.34357728666742,0.7622974632062717,False
resnet,0.1,50,19,9,0.6271134663910976,12.34357728666742,0.7622974632062717,False
resnet,0.1,50,19,10,0.604192867964251,12.34357728666742,0.7622974632062717,False
resnet,0.1,50,19,11,0.5727197097076192,12.34357728666742,0.7622974632062717,False
resnet,0.1,50,19,12,0.5334377399363148,12.34357728666742,0.7622974632062717,False
resnet,0.1,50,19,13,0.4926318070097118,12.34357728666742,0.7622974632062717,False
resnet,0.1,50,19,14,0.4565330754202675,12.34357728666742,0.7622974632062717,False
resnet,0.1,50,19,15,0.41615905643474127,12.34357728666742,0.7622974632062717,False
white_noise,,,0,0,1.0,16.0,1.0,False
white_noise,,,0,1,0.038322849280885314,16.0,1.0,False
white_noise,,,0,2,0.04209422012597448,16.0,1.0,False
white_noise,,,0,3,-0.0075461663321753246,16.0,1.0,False
white_noise,,,0,4,0.0309795441892185,16.0,1.0,False
white_noise,,,0,5,0.008808353212795144,16.0,1.0,False
white_noise,,,0,6,-0.033734569660474834,16.0,1.0,False
white_noise,,,0,7,0.008325035216870273,16.0,1.0,False
white_noise,,,0,8,0.046152319596426884,16.0,1.0,False
white_noise,,,0,9,-0.13226843046446024,16.0,1.0,False
white_noise,,,0,10,-0.030925429325092693,16.0,1.0,False
white_noise,,,0,11,-0.14445916632426647,16.0,1.0,False
white_noise,,,0,12,-0.06519791607150127,16.0,1.0,False
white_noise,,,0,13,-0.09119319917781547,16.0,1.0,False
white_noise,,,0,14,0.02892915070120424,16.0,1.0,False
white_noise,,,0,15,0.10660748590647845,16.0,1.0,False
brown_noise,,,0,0,1.0,15.999999999999998,0.9999999999999999,False
brown_noise,,,0,1,0.9715756000455402,15.999999999999998,0.9999999999999999,False
brown_noise,,,0,2,0.9404861695795222,15.999999999999998,0.9999999999999999,False
brown_noise,,,0,3,0.9071777654624357,15.999999999999998,0.9999999999999999,False
brown_noise,,,0,4,0.874976719622785,15.999999999999998,0.9999999999999999,False
brown_noise,,,0,5,0.8400248386849243,15.999999999999998,0.9999999999999999,False
brown_noise,,,0,6,0.8049308874074456,15.999999999999998,0.9999999999999999,False
brown_noise,,,0,7,0.7724592143697202,15.999999999999998,0.9999999999999999,False
brown_noise,,,0,8,0.7411466259361945,15.999999999999998,0.9999999999999999,False
brown_noise,,,0,9,0.7071303680827307,15.999999999999998,0.9999999999999999,False
brown_noise,,,0,10,0.6771691186147499,15.999999999999998,0.9999999999999999,False
brown_noise,,,0,11,0.6485750926916048,15.999999999999998,0.9999999999999999,False
brown_noise,,,0,12,0.6273136057230814,15.999999999999998,0.9999999999999999,False
brown_noise,,,0,13,0.6063684998796128,15.999999999999998,0.9999999999999999,False
brown_noise,,,0,14,0.5902841696731854,15.999999999999998,0.9999999999999999,False
brown_noise,,,0,15,0.5711428638274393,15.999999999999998,0.9999999999999999,False
white_noise,,,1,0,1.0,16.0,1.0,False
white_noise,,,1,1,-0.11780348849261195,16.0,1.0,False
white_noise,,,1,2,-0.18972278957970323,16.0,1.0,False
white_noise,,,1,3,0.032406546449273654,16.0,1.0,False
white_noise,,,1,4,0.05976755424272679,16.0,1.0,False
white_noise,,,1,5,0.013519175124335692,16.0,1.0,False
white_noise,,,1,6,-0.08332442563148723,16.0,1.0,False
white_noise,,,1,7,0.06572926986397434,16.0,1.0,False
white_noise,,,1,8,-0.16928700095182714,16.0,1.0,False
white_noise,,,1,9,-0.005737886822988732,16.0,1.0,False
white_noise,,,1,10,-0.028130285778267157,16.0,1.0,False
white_noise,,,1,11,0.022253448144190228,16.0,1.0,False
white_noise,,,1,12,-0.014679045939863323,16.0,1.0,False
white_noise,,,1,13,-0.0071417511667920194,16.0,1.0,False
white_noise,,,1,14,0.031073207544170003,16.0,1.0,False
white_noise,,,1,15,-0.033045266962715314,16.0,1.0,False
brown_noise,,,1,0,1.0,15.999999999999998,0.9999999999999999,False
brown_noise,,,1,1,0.9787202351295479,15.999999999999998,0.9999999999999999,False
brown_noise,,,1,2,0.9591413211713934,15.999999999999998,0.9999999999999999,False
brown_noise,,,1,3,0.9413440437846463,15.999999999999998,0.9999999999999999,False
brown_noise,,,1,4,0.9246345673120941,15.999999999999998,0.9999999999999999,False
brown_noise,,,1,5,0.9058581275785669,15.999999999999998,0.9999999999999999,False
brown_noise,,,1,6,0.886433801642808,15.999999999999998,0.9999999999999999,False
brown_noise,,,1,7,0.8689245409941311,15.999999999999998,0.9999999999999999,False
brown_noise,,,1,8,0.8493723118601324,15.999999999999998,0.9999999999999999,False
brown_noise,,,1,9,0.8325060670537213,15.999999999999998,0.9999999999999999,False
brown_noise,,,1,10,0.8145692812842653,15.999999999999998,0.9999999999999999,False
brown_noise,,,1,11,0.798732562447786,15.999999999999998,0.9999999999999999,False
brown_noise,,,1,12,0.7826995471560336,15.999999999999998,0.9999999999999999,False
brown_noise,,,1,13,0.764992392785592,15.999999999999998,0.9999999999999999,False
brown_noise,,,1,14,0.7492635984043478,15.999999999999998,0.9999999999999999,False
brown_noise,,,1,15,0.7329246848038526,15.999999999999998,0.9999999999999999,False
white_noise,,,2,0,1.0,16.0,1.0,False
white_noise,,,2,1,-0.06088992449697457,16.0,1.0,False
white_noise,,,2,2,-0.008944830939033284,16.0,1.0,False
white_noise,,,2,3,-0.1012854843700242,16.0,1.0,False
white_noise,,,2,4,-0.019654621703719004,16.0,1.0,False
white_noise,,,2,5,-0.12583279093249938,16.0,1.0,False
white_noise,,,2,6,-0.018201269313298823,16.0,1.0,False
white_noise,,,2,7,0.002114013225317301,16.0,1.0,False
white_noise,,,2,8,-0.06063249853943875,16.0,1.0,False
white_noise,,,2,9,0.0027096071154093693,16.0,1.0,False
white_noise,,,2,10,0.002762833974535022,16.0,1.0,False
white_noise,,,2,11,0.046190833000952045,16.0,1.0,False
white_noise,,,2,12,-0.09645033446638232,16.0,1.0,False
white_noise,,,2,13,0.08055388050898589,16.0,1.0,False
white_noise,,,2,14,-0.06218949770605535,16.0,1.0,False
white_noise,,,2,15,0.09774979635417716,16.0,1.0,False
brown_noise,,,2,0,1.0,16.0,1.0,False
brown_noise,,,2,1,0.8783408603100529,16.0,1.0,False
brown_noise,,,2,2,0.7757303777186981,16.0,1.0,False
brown_noise,,,2,3,0.6788690189268328,16.0,1.0,False
brown_noise,,,2,4,0.6045157829498343,16.0,1.0,False
brown_noise,,,2,5,0.5413209164715026,16.0,1.0,False
brown_noise,,,2,6,0.50115137412356,16.0,1.0,False
brown_noise,,,2,7,0.46537593684075546,16.0,1.0,False
brown_noise,,,2,8,0.4252971001110817,16.0,1.0,False
brown_noise,,,2,9,0.3996258993242618,16.0,1.0,False
brown_noise,,,2,10,0.38271531741060394,16.0,1.0,False
brown_noise,,,2,11,0.372268431013435,16.0,1.0,False
brown_noise,,,2,12,0.3566790836369285,16.0,1.0,False
brown_noise,,,2,13,0.35637748292010374,16.0,1.0,False
brown_noise,,,2,14,0.33819007811653357,16.0,1.0,False
brown_noise,,,2,15,0.33257585540623835,16.0,1.0,False
white_noise,,,3,0,1.0,15.999999999999998,0.9999999999999999,False
white_noise,,,3,1,-0.06273008041036965,15.999999999999998,0.9999999999999999,False
white_noise,,,3,2,0.03451510109417062,15.999999999999998,0.9999999999999999,False
white_noise,,,3,3,-0.08137888846106171,15.999999999999998,0.9999999999999999,False
white_noise,,,3,4,0.004827021097129211,15.999999999999998,0.9999999999999999,False
white_noise,,,3,5,0.043772184315722225,15.999999999999998,0.9999999999999999,False
white_noise,,,3,6,-0.0010129403738717354,15.999999999999998,0.9999999999999999,False
white_noise,,,3,7,0.034471890363756426,15.999999999999998,0.9999999999999999,False
white_noise,,,3,8,0.02200355198581018,15.999999999999998,0.9999999999999999,False
white_noise,,,3,9,0.05547085856130387,15.999999999999998,0.9999999999999999,False
white_noise,,,3,10,0.005198115063301235,15.999999999999998,0.9999999999999999,False
white_noise,,,3,11,-0.02992143433614519,15.999999999999998,0.9999999999999999,False
white_noise,,,3,12,-0.004488391354959113,15.999999999999998,0.9999999999999999,False
white_noise,,,3,13,0.0035430537280534916,15.999999999999998,0.9999999999999999,False
white_noise,,,3,14,-0.009553777466922481,15.999999999999998,0.9999999999999999,False
white_noise,,,3,15,-0.08950186461088704,15.999999999999998,0.9999999999999999,False
brown_noise,,,3,0,1.0,16.0,1.0,False
brown_noise,,,3,1,0.9773538445947262,16.0,1.0,False
brown_noise,,,3,2,0.9572365124965351,16.0,1.0,False
brown_noise,,,3,3,0.9362258925300674,16.0,1.0,False
brown_noise,,,3,4,0.9182001961967425,16.0,1.0,False
brown_noise,,,3,5,0.90158405140877,16.0,1.0,False
brown_noise,,,3,6,0.8830570772486845,16.0,1.0,False
brown_noise,,,3,7,0.8647549997947945,16.0,1.0,False
brown_noise,,,3,8,0.8450508296833894,16.0,1.0,False
brown_noise,,,3,9,0.8241899576516126,16.0,1.0,False
brown_noise,,,3,10,0.8029456573064229,16.0,1.0,False
brown_noise,,,3,11,0.7814564301501289,16.0,1.0,False
brown_noise,,,3,12,0.7606194245125043,16.0,1.0,False
brown_noise,,,3,13,0.7391992389145359,16.0,1.0,False
brown_noise,,,3,14,0.7177109528183125,16.0,1.0,False
brown_noise,,,3,15,0.6977973180617715,16.0,1.0,False
white_noise,,,4,0,1.0,16.0,1.0,False
white_noise,,,4,1,-0.06179373615427725,16.0,1.0,False
white_noise,,,4,2,0.06187904757799795,16.0,1.0,False
white_noise,,,4,3,0.0005410614636245363,16.0,1.0,False
white_noise,,,4,4,-0.048831375652478914,16.0,1.0,False
white_noise,,,4,5,-0.05154091277474265,16.0,1.0,False
white_noise,,,4,6,-0.006103468501599754,16.0,1.0,False
white_noise,,,4,7,-0.05410213617511642,16.0,1.0,False
white_noise,,,4,8,0.013352799896606569,16.0,1.0,False
white_noise,,,4,9,0.0021737818076857,16.0,1.0,False
white_noise,,,4,10,0.007946577254188823,16.0,1.0,False
white_noise,,,4,11,0.010498575371999089,16.0,1.0,False
white_noise,,,4,12,-0.03237272795682569,16.0,1.0,False
white_noise,,,4,13,0.08807054919464471,16.0,1.0,False
white_noise,,,4,14,-0.10512515247423716,16.0,1.0,False
white_noise,,,4,15,0.011172147253071306,16.0,1.0,False
brown_noise,,,4,0,1.0,15.999999999999998,0.9999999999999999,False
brown_noise,,,4,1,0.9782771449617969,15.999999999999998,0.9999999999999999,False
brown_noise,,,4,2,0.9569006367324274,15.999999999999998,0.9999999999999999,False
brown_noise,,,4,3,0.9361742771773967,15.999999999999998,0.9999999999999999,False
brown_noise,,,4,4,0.9154100593592748,15.999999999999998,0.9999999999999999,False
brown_noise,,,4,5,0.8977884382691083,15.999999999999998,0.9999999999999999,False
brown_noise,,,4,6,0.8824319100901413,15.999999999999998,0.9999999999999999,False
brown_noise,,,4,7,0.8680550342664077,15.999999999999998,0.9999999999999999,False
brown_noise,,,4,8,0.8548983512619168,15.999999999999998,0.9999999999999999,False
brown_noise,,,4,9,0.8407867008342021,15.999999999999998,0.9999999999999999,False
brown_noise,,,4,10,0.8263750978073475,15.999999999999998,0.9999999999999999,False
brown_noise,,,4,11,0.8133447272699883,15.999999999999998,0.9999999999999999,False
brown_noise,,,4,12,0.8005876451203013,15.999999999999998,0.9999999999999999,False
brown_noise,,,4,13,0.788654215174556,15.999999999999998,0.9999999999999999,False
brown_noise,,,4,14,0.7757959949551652,15.999999999999998,0.9999999999999999,False
brown_noise,,,4,15,0.7662081195505182,15.999999999999998,0.9999999999999999,False
white_noise,,,5,0,1.0,16.0,1.0,False
white_noise,,,5,1,0.025375205257112815,16.0,1.0,False
white_noise,,,5,2,-0.11730281128838334,16.0,1.0,False
white_noise,,,5,3,0.12370100374380787,16.0,1.0,False
white_noise,,,5,4,0.09938581136387346,16.0,1.0,False
white_noise,,,5,5,0.004087294700928949,16.0,1.0,False
white_noise,,,5,6,-0.0013801248832119195,16.0,1.0,False
white_noise,,,5,7,-0.05685316764509802,16.0,1.0,False
white_noise,,,5,8,0.12613879304881603,16.0,1.0,False
white_noise,,,5,9,-0.001253328339426407,16.0,1.0,False
white_noise,,,5,10,-0.04064803492930566,16.0,1.0,False
white_noise,,,5,11,0.07216903638038018,16.0,1.0,False
white_noise,,,5,12,0.06411130376768184,16.0,1.0,False
white_noise,,,5,13,-0.026680870317122272,16.0,1.0,False
white_noise,,,5,14,-0.0017163673901799804,16.0,1.0,False
white_noise,,,5,15,0.000855295454688686,16.0,1.0,False
brown_noise,,,5,0,1.0,16.0,1.0,False
brown_noise,,,5,1,0.9776926249820372,16.0,1.0,False
brown_noise,,,5,2,0.9566635578563213,16.0,1.0,False
brown_noise,,,5,3,0.9389993274417252,16.0,1.0,False
brown_noise,,,5,4,0.9173578260157944,16.0,1.0,False
brown_noise,,,5,5,0.8913087884212386,16.0,1.0,False
brown_noise,,,5,6,0.8649377379100228,16.0,1.0,False
brown_noise,,,5,7,0.8391986119757201,16.0,1.0,False
brown_noise,,,5,8,0.8159841309104271,16.0,1.0,False
brown_noise,,,5,9,0.7882978259582128,16.0,1.0,False
brown_noise,,,5,10,0.7582184824261365,16.0,1.0,False
brown_noise,,,5,11,0.7286664868976384,16.0,1.0,False
brown_noise,,,5,12,0.6988680911587505,16.0,1.0,False
brown_noise,,,5,13,0.6687556827413792,16.0,1.0,False
brown_noise,,,5,14,0.6369787126023464,16.0,1.0,False
brown_noise,,,5,15,0.6049280189249097,16.0,1.0,False
white_noise,,,6,0,1.0,16.0,1.0,False
white_noise,,,6,1,0.07611831032649942,16.0,1.0,False
white_noise,,,6,2,0.03765051358882766,16.0,1.0,False
white_noise,,,6,3,0.06321371965413501,16.0,1.0,False
white_noise,,,6,4,0.035864132920719057,16.0,1.0,False
white_noise,,,6,5,-0.09065308746494014,16.0,1.0,False
white_noise,,,6,6,0.04745545457703387,16.0,1.0,False
white_noise,,,6,7,-0.06494015764352211,16.0,1.0,False
white_noise,,,6,8,-0.10772271544968809,16.0,1.0,False
white_noise,,,6,9,0.029244973735108988,16.0,1.0,False
white_noise,,,6,10,0.11086622641747275,16.0,1.0,False
white_noise,,,6,11,0.016973969422865436,16.0,1.0,False
white_noise,,,6,12,0.04101571760211606,16.0,1.0,False
white_noise,,,6,13,0.015431251532206178,16.0,1.0,False
white_noise,,,6,14,-0.027244753574263997,16.0,1.0,False
white_noise,,,6,15,0.05301391793544112,16.0,1.0,False
brown_noise,,,6,0,1.0,16.0,1.0,False
brown_noise,,,6,1,0.9838704463992203,16.0,1.0,False
brown_noise,,,6,2,0.9664111768285286,16.0,1.0,False
brown_noise,,,6,3,0.9465977521765236,16.0,1.0,False
brown_noise,,,6,4,0.9248208770295374,16.0,1.0,False
brown_noise,,,6,5,0.9029971947926658,16.0,1.0,False
brown_noise,,,6,6,0.8834528854690626,16.0,1.0,False
brown_noise,,,6,7,0.8618113458048928,16.0,1.0,False
brown_noise,,,6,8,0.8432035066734581,16.0,1.0,False
brown_noise,,,6,9,0.8282785354649379,16.0,1.0,False
brown_noise,,,6,10,0.8138623194384732,16.0,1.0,False
brown_noise,,,6,11,0.797688715423576,16.0,1.0,False
brown_noise,,,6,12,0.7796333421339062,16.0,1.0,False
brown_noise,,,6,13,0.7597190845753093,16.0,1.0,False
brown_noise,,,6,14,0.7401949502010141,16.0,1.0,False
brown_noise,,,6,15,0.7220061570721146,16.0,1.0,False
white_noise,,,7,0,1.0,16.0,1.0,False
white_noise,,,7,1,0.002130059997274006,16.0,1.0,False
white_noise,,,7,2,-0.005049102238168952,16.0,1.0,False
white_noise,,,7,3,0.06543939437548264,16.0,1.0,False
white_noise,,,7,4,0.010259345467513593,16.0,1.0,False
white_noise,,,7,5,-0.03132798608069858,16.0,1.0,False
white_noise,,,7,6,0.06205427649092122,16.0,1.0,False
white_noise,,,7,7,0.0602960950349921,16.0,1.0,False
white_noise,,,7,8,-0.04721687544263601,16.0,1.0,False
white_noise,,,7,9,0.16226594854944754,16.0,1.0,False
white_noise,,,7,10,-0.00809354021758857,16.0,1.0,False
white_noise,,,7,11,-0.025255076932006598,16.0,1.0,False
white_noise,,,7,12,0.01877435689698566,16.0,1.0,False
white_noise,,,7,13,0.025938364329437136,16.0,1.0,False
white_noise,,,7,14,-0.04662648438433365,16.0,1.0,False
white_noise,,,7,15,0.01073035746640983,16.0,1.0,False
brown_noise,,,7,0,1.0,16.0,1.0,False
brown_noise,,,7,1,0.975976155836922,16.0,1.0,False
brown_noise,,,7,2,0.952229066777675,16.0,1.0,False
brown_noise,,,7,3,0.9295331554662122,16.0,1.0,False
brown_noise,,,7,4,0.9066978148869438,16.0,1.0,False
brown_noise,,,7,5,0.8826588872587696,16.0,1.0,False
brown_noise,,,7,6,0.8599425043045258,16.0,1.0,False
brown_noise,,,7,7,0.8393140005797524,16.0,1.0,False
brown_noise,,,7,8,0.8185287020629429,16.0,1.0,False
brown_noise,,,7,9,0.7989542401620466,16.0,1.0,False
brown_noise,,,7,10,0.7802480676544484,16.0,1.0,False
brown_noise,,,7,11,0.7609710852858301,16.0,1.0,False
brown_noise,,,7,12,0.7403099543469812,16.0,1.0,False
brown_noise,,,7,13,0.7194051082334669,16.0,1.0,False
brown_noise,,,7,14,0.6987513341976446,16.0,1.0,False
brown_noise,,,7,15,0.6783591567290034,16.0,1.0,False
white_noise,,,8,0,1.0,16.0,1.0000000000000002,False
white_noise,,,8,1,0.016458983028471482,16.0,1.0000000000000002,False
white_noise,,,8,2,-0.03272495878048777,16.0,1.0000000000000002,False
white_noise,,,8,3,0.0976924398078492,16.0,1.0000000000000002,False
white_noise,,,8,4,0.03379164663375593,16.0,1.0000000000000002,False
white_noise,,,8,5,-0.13078077450056075,16.0,1.0000000000000002,False
white_noise,,,8,6,-0.06607896214619659,16.0,1.0000000000000002,False
white_noise,,,8,7,0.004962098950943624,16.0,1.0000000000000002,False
white_noise,,,8,8,-0.022272425620470576,16.0,1.0000000000000002,False
white_noise,,,8,9,-0.06973409996699971,16.0,1.0000000000000002,False
white_noise,,,8,10,0.0853239744947424,16.0,1.0000000000000002,False
white_noise,,,8,11,0.029980950665420635,16.0,1.0000000000000002,False
white_noise,,,8,12,0.025648300411791246,16.0,1.0000000000000002,False
white_noise,,,8,13,-0.06783618542003768,16.0,1.0000000000000002,False
white_noise,,,8,14,0.018472161564040693,16.0,1.0000000000000002,False
white_noise,,,8,15,-0.09542144321439372,16.0,1.0000000000000002,False
brown_noise,,,8,0,1.0,16.0,1.0,False
brown_noise,,,8,1,0.9470056892955463,16.0,1.0,False
brown_noise,,,8,2,0.8925912646769659,16.0,1.0,False
brown_noise,,,8,3,0.8431405535968269,16.0,1.0,False
brown_noise,,,8,4,0.7839759622915095,16.0,1.0,False
brown_noise,,,8,5,0.723238605790959,16.0,1.0,False
brown_noise,,,8,6,0.6751206206926527,16.0,1.0,False
brown_noise,,,8,7,0.6344918973277206,16.0,1.0,False
brown_noise,,,8,8,0.5920980191451679,16.0,1.0,False
brown_noise,,,8,9,0.5523998548931096,16.0,1.0,False
brown_noise,,,8,10,0.5189584002568183,16.0,1.0,False
brown_noise,,,8,11,0.47583381257214863,16.0,1.0,False
brown_noise,,,8,12,0.4286663515869967,16.0,1.0,False
brown_noise,,,8,13,0.37965739764203815,16.0,1.0,False
brown_noise,,,8,14,0.33605400210169345,16.0,1.0,False
brown_noise,,,8,15,0.29122520358071746,16.0,1.0,False
white_noise,,,9,0,1.0,16.0,1.0,False
white_noise,,,9,1,-0.10137393531812988,16.0,1.0,False
white_noise,,,9,2,0.08974127853650368,16.0,1.0,False
white_noise,,,9,3,-0.04762278875304516,16.0,1.0,False
white_noise,,,9,4,-0.02787097167537997,16.0,1.0,False
white_noise,,,9,5,0.033687356558675705,16.0,1.0,False
white_noise,,,9,6,0.02011764272325613,16.0,1.0,False
white_noise,,,9,7,0.013931269812048662,16.0,1.0,False
white_noise,,,9,8,0.09620477281479689,16.0,1.0,False
white_noise,,,9,9,0.01655226872560727,16.0,1.0,False
white_noise,,,9,10,-0.029754317029424108,16.0,1.0,False
white_noise,,,9,11,-0.02917439003076197,16.0,1.0,False
white_noise,,,9,12,0.044924136288989135,16.0,1.0,False
white_noise,,,9,13,-0.0010094427368072148,16.0,1.0,False
white_noise,,,9,14,0.031477160154123766,16.0,1.0,False
white_noise,,,9,15,-0.018179109580797118,16.0,1.0,False
brown_noise,,,9,0,1.0,15.999999999999998,0.9999999999999999,False
brown_noise,,,9,1,0.9748500138312879,15.999999999999998,0.9999999999999999,False
brown_noise,,,9,2,0.9558771442968423,15.999999999999998,0.9999999999999999,False
brown_noise,,,9,3,0.9334086470546685,15.999999999999998,0.9999999999999999,False
brown_noise,,,9,4,0.916091277587635,15.999999999999998,0.9999999999999999,False
brown_noise,,,9,5,0.9016069480683474,15.999999999999998,0.9999999999999999,False
brown_noise,,,9,6,0.885939853318677,15.999999999999998,0.9999999999999999,False
brown_noise,,,9,7,0.8706047486175597,15.999999999999998,0.9999999999999999,False
brown_noise,,,9,8,0.8537589437031474,15.999999999999998,0.9999999999999999,False
brown_noise,,,9,9,0.8317681730280923,15.999999999999998,0.9999999999999999,False
brown_noise,,,9,10,0.8081838451594618,15.999999999999998,0.9999999999999999,False
brown_noise,,,9,11,0.785555565661522,15.999999999999998,0.9999999999999999,False
brown_noise,,,9,12,0.7658627810293902,15.999999999999998,0.9999999999999999,False
brown_noise,,,9,13,0.7440890373390824,15.999999999999998,0.9999999999999999,False
brown_noise,,,9,14,0.7227217193171016,15.999999999999998,0.9999999999999999,False
brown_noise,,,9,15,0.6996474307674196,15.999999999999998,0.9999999999999999,False
white_noise,,,10,0,1.0,16.0,1.0,False
white_noise,,,10,1,0.05177247733816593,16.0,1.0,False
white_noise,,,10,2,0.04251914713160278,16.0,1.0,False
white_noise,,,10,3,-0.005359711102026704,16.0,1.0,False
white_noise,,,10,4,0.05902490734295276,16.0,1.0,False
white_noise,,,10,5,0.020771261449975494,16.0,1.0,False
white_noise,,,10,6,-0.02186555040232328,16.0,1.0,False
white_noise,,,10,7,0.07164426397093025,16.0,1.0,False
white_noise,,,10,8,-0.0536476503490166,16.0,1.0,False
white_noise,,,10,9,0.0671019803993055,16.0,1.0,False
white_noise,,,10,10,0.002866183355613142,16.0,1.0,False
white_noise,,,10,11,0.04920253324132988,16.0,1.0,False
white_noise,,,10,12,-0.06896041646380609,16.0,1.0,False
white_noise,,,10,13,0.09593744885600113,16.0,1.0,False
white_noise,,,10,14,-0.019355143583824168,16.0,1.0,False
white_noise,,,10,15,0.08194614742807255,16.0,1.0,False
brown_noise,,,10,0,1.0,15.999999999999996,0.9999999999999998,False
brown_noise,,,10,1,0.9888028883706628,15.999999999999996,0.9999999999999998,False
brown_noise,,,10,2,0.9774769413565639,15.999999999999996,0.9999999999999998,False
brown_noise,,,10,3,0.9668774888309541,15.999999999999996,0.9999999999999998,False
brown_noise,,,10,4,0.9562108403022014,15.999999999999996,0.9999999999999998,False
brown_noise,,,10,5,0.9451418734025706,15.999999999999996,0.9999999999999998,False
brown_noise,,,10,6,0.9333231956132491,15.999999999999996,0.9999999999999998,False
brown_noise,,,10,7,0.9209051905219535,15.999999999999996,0.9999999999999998,False
brown_noise,,,10,8,0.9078014285491369,15.999999999999996,0.9999999999999998,False
brown_noise,,,10,9,0.8940993753172137,15.999999999999996,0.9999999999999998,False
brown_noise,,,10,10,0.8802055061580081,15.999999999999996,0.9999999999999998,False
brown_noise,,,10,11,0.8670078170630525,15.999999999999996,0.9999999999999998,False
brown_noise,,,10,12,0.8540968108441275,15.999999999999996,0.9999999999999998,False
brown_noise,,,10,13,0.8417384541280077,15.999999999999996,0.9999999999999998,False
brown_noise,,,10,14,0.8295577281011803,15.999999999999996,0.9999999999999998,False
brown_noise,,,10,15,0.8175374773843752,15.999999999999996,0.9999999999999998,False
white_noise,,,11,0,1.0,16.0,0.9999999999999999,False
white_noise,,,11,1,0.03777034680529343,16.0,0.9999999999999999,False
white_noise,,,11,2,-0.026959074300694053,16.0,0.9999999999999999,False
white_noise,,,11,3,0.04050736962110656,16.0,0.9999999999999999,False
white_noise,,,11,4,0.025977847118894896,16.0,0.9999999999999999,False
white_noise,,,11,5,0.015659411690045373,16.0,0.9999999999999999,False
white_noise,,,11,6,0.002685361222982884,16.0,0.9999999999999999,False
white_noise,,,11,7,-0.011263578635848074,16.0,0.9999999999999999,False
white_noise,,,11,8,-0.1496854683466789,16.0,0.9999999999999999,False
white_noise,,,11,9,0.045074605561636075,16.0,0.9999999999999999,False
white_noise,,,11,10,-0.08484617393127243,16.0,0.9999999999999999,False
white_noise,,,11,11,-0.050753965963448944,16.0,0.9999999999999999,False
white_noise,,,11,12,-0.05244336724852199,16.0,0.9999999999999999,False
white_noise,,,11,13,-0.04620506712243418,16.0,0.9999999999999999,False
white_noise,,,11,14,0.02422964850227569,16.0,0.9999999999999999,False
white_noise,,,11,15,0.015467084374543173,16.0,0.9999999999999999,False
brown_noise,,,11,0,1.0,16.0,1.0,False
brown_noise,,,11,1,0.9642748451727788,16.0,1.0,False
brown_noise,,,11,2,0.9297055114540544,16.0,1.0,False
brown_noise,,,11,3,0.8986449069560648,16.0,1.0,False
brown_noise,,,11,4,0.8641222166719689,16.0,1.0,False
brown_noise,,,11,5,0.8291166033646318,16.0,1.0,False
brown_noise,,,11,6,0.7936910784640954,16.0,1.0,False
brown_noise,,,11,7,0.75972171290588,16.0,1.0,False
brown_noise,,,11,8,0.7273636644176855,16.0,1.0,False
brown_noise,,,11,9,0.704512047119765,16.0,1.0,False
brown_noise,,,11,10,0.6798389338374253,16.0,1.0,False
brown_noise,,,11,11,0.6629625397787199,16.0,1.0,False
brown_noise,,,11,12,0.6488141665347177,16.0,1.0,False
brown_noise,,,11,13,0.6382129172747147,16.0,1.0,False
brown_noise,,,11,14,0.6301971313679152,16.0,1.0,False
brown_noise,,,11,15,0.6184307967521441,16.0,1.0,False
white_noise,,,12,0,1.0,16.0,1.0,False
white_noise,,,12,1,0.08167554244559862,16.0,1.0,False
white_noise,,,12,2,-0.016136771255645395,16.0,1.0,False
white_noise,,,12,3,-0.002260063761295525,16.0,1.0,False
white_noise,,,12,4,0.03409893515990086,16.0,1.0,False
white_noise,,,12,5,-0.03050849540338284,16.0,1.0,False
white_noise,,,12,6,0.014810333111626764,16.0,1.0,False
white_noise,,,12,7,-0.07929035639224263,16.0,1.0,False
white_noise,,,12,8,-0.07856952947226903,16.0,1.0,False
white_noise,,,12,9,-0.06950058342763375,16.0,1.0,False
white_noise,,,12,10,-0.1181298228020815,16.0,1.0,False
white_noise,,,12,11,-0.09021639616070189,16.0,1.0,False
white_noise,,,12,12,-0.12305038204947641,16.0,1.0,False
white_noise,,,12,13,-0.07865792612277774,16.0,1.0,False
white_noise,,,12,14,0.07236520167729323,16.0,1.0,False
white_noise,,,12,15,0.046680311341559845,16.0,1.0,False
brown_noise,,,12,0,1.0,16.0,1.0,False
brown_noise,,,12,1,0.9296028644579705,16.0,1.0,False
brown_noise,,,12,2,0.8509365517164883,16.0,1.0,False
brown_noise,,,12,3,0.7756940396176509,16.0,1.0,False
brown_noise,,,12,4,0.7030141589649713,16.0,1.0,False
brown_noise,,,12,5,0.6283456286369495,16.0,1.0,False
brown_noise,,,12,6,0.5555997974598739,16.0,1.0,False
brown_noise,,,12,7,0.4798770210256335,16.0,1.0,False
brown_noise,,,12,8,0.4118030492096536,16.0,1.0,False
brown_noise,,,12,9,0.3543840884196965,16.0,1.0,False
brown_noise,,,12,10,0.30885256028348007,16.0,1.0,False
brown_noise,,,12,11,0.2800812538628528,16.0,1.0,False
brown_noise,,,12,12,0.263746842682668,16.0,1.0,False
brown_noise,,,12,13,0.26156455053010247,16.0,1.0,False
brown_noise,,,12,14,0.26894470837338164,16.0,1.0,False
brown_noise,,,12,15,0.26476691034379657,16.0,1.0,False
white_noise,,,13,0,1.0,15.999999999999996,0.9999999999999998,False
white_noise,,,13,1,0.001737808822350579,15.999999999999996,0.9999999999999998,False
white_noise,,,13,2,0.01007556728192704,15.999999999999996,0.9999999999999998,False
white_noise,,,13,3,-0.048849637512667805,15.999999999999996,0.9999999999999998,False
white_noise,,,13,4,0.029046897828312795,15.999999999999996,0.9999999999999998,False
white_noise,,,13,5,-0.02493263921316846,15.999999999999996,0.9999999999999998,False
white_noise,,,13,6,-0.09394571397752674,15.999999999999996,0.9999999999999998,False
white_noise,,,13,7,0.030556632014935557,15.999999999999996,0.9999999999999998,False
white_noise,,,13,8,0.005963638748846616,15.999999999999996,0.9999999999999998,False
white_noise,,,13,9,0.06930717713435666,15.999999999999996,0.9999999999999998,False
white_noise,,,13,10,-0.04717572617822553,15.999999999999996,0.9999999999999998,False
white_noise,,,13,11,0.00985028465930899,15.999999999999996,0.9999999999999998,False
white_noise,,,13,12,0.033861885678040854,15.999999999999996,0.9999999999999998,False
white_noise,,,13,13,-0.01399665910114332,15.999999999999996,0.9999999999999998,False
white_noise,,,13,14,0.07696691291685398,15.999999999999996,0.9999999999999998,False
white_noise,,,13,15,-0.06630857776920243,15.999999999999996,0.9999999999999998,False
brown_noise,,,13,0,1.0,15.999999999999998,0.9999999999999999,False
brown_noise,,,13,1,0.9646279266275141,15.999999999999998,0.9999999999999999,False
brown_noise,,,13,2,0.9221042901997135,15.999999999999998,0.9999999999999999,False
brown_noise,,,13,3,0.8809822390615623,15.999999999999998,0.9999999999999999,False
brown_noise,,,13,4,0.8421082686861935,15.999999999999998,0.9999999999999999,False
brown_noise,,,13,5,0.8045978847626749,15.999999999999998,0.9999999999999999,False
brown_noise,,,13,6,0.7690584423200506,15.999999999999998,0.9999999999999999,False
brown_noise,,,13,7,0.7421922600903669,15.999999999999998,0.9999999999999999,False
brown_noise,,,13,8,0.7136799186225061,15.999999999999998,0.9999999999999999,False
brown_noise,,,13,9,0.6835727875171419,15.999999999999998,0.9999999999999999,False
brown_noise,,,13,10,0.6511400468604464,15.999999999999998,0.9999999999999999,False
brown_noise,,,13,11,0.6219386462033741,15.999999999999998,0.9999999999999999,False
brown_noise,,,13,12,0.5913722857814753,15.999999999999998,0.9999999999999999,False
brown_noise,,,13,13,0.5584809729976152,15.999999999999998,0.9999999999999999,False
brown_noise,,,13,14,0.5276664829011899,15.999999999999998,0.9999999999999999,False
brown_noise,,,13,15,0.49438815941618613,15.999999999999998,0.9999999999999999,False
white_noise,,,14,0,1.0,16.0,1.0,False
white_noise,,,14,1,-0.032068742688977546,16.0,1.0,False
white_noise,,,14,2,0.007175213547276256,16.0,1.0,False
white_noise,,,14,3,-0.05078060164211798,16.0,1.0,False
white_noise,,,14,4,-0.04337470590855071,16.0,1.0,False
white_noise,,,14,5,-0.06895448455253127,16.0,1.0,False
white_noise,,,14,6,0.011177176489815293,16.0,1.0,False
white_noise,,,14,7,0.026407755321461255,16.0,1.0,False
white_noise,,,14,8,0.04056071187161682,16.0,1.0,False
white_noise,,,14,9,-0.08798716812713636,16.0,1.0,False
white_noise,,,14,10,0.02577882406141,16.0,1.0,False
white_noise,,,14,11,-0.02459452088773298,16.0,1.0,False
white_noise,,,14,12,-0.017748404876279513,16.0,1.0,False
white_noise,,,14,13,-0.04917446833890937,16.0,1.0,False
white_noise,,,14,14,-0.012396487965787656,16.0,1.0,False
white_noise,,,14,15,-0.04786083898653352,16.0,1.0,False
brown_noise,,,14,0,1.0,16.0,1.0,False
brown_noise,,,14,1,0.9422614393521348,16.0,1.0,False
brown_noise,,,14,2,0.8884948528816689,16.0,1.0,False
brown_noise,,,14,3,0.8353105056011056,16.0,1.0,False
brown_noise,,,14,4,0.7900317985409574,16.0,1.0,False
brown_noise,,,14,5,0.7475408565308092,16.0,1.0,False
brown_noise,,,14,6,0.7106906414236127,16.0,1.0,False
brown_noise,,,14,7,0.6698656508470715,16.0,1.0,False
brown_noise,,,14,8,0.6309809553495316,16.0,1.0,False
brown_noise,,,14,9,0.5910338221134159,16.0,1.0,False
brown_noise,,,14,10,0.5603484057335363,16.0,1.0,False
brown_noise,,,14,11,0.5239549320681967,16.0,1.0,False
brown_noise,,,14,12,0.49743610544566663,16.0,1.0,False
brown_noise,,,14,13,0.46913100771544763,16.0,1.0,False
brown_noise,,,14,14,0.4458742160514735,16.0,1.0,False
brown_noise,,,14,15,0.42646169171120746,16.0,1.0,False
white_noise,,,15,0,1.0,16.0,1.0,False
white_noise,,,15,1,0.12682342875195582,16.0,1.0,False
white_noise,,,15,2,-0.007911682119674896,16.0,1.0,False
white_noise,,,15,3,0.05566411870465912,16.0,1.0,False
white_noise,,,15,4,-0.056066946415366525,16.0,1.0,False
white_noise,,,15,5,-0.10131287924341514,16.0,1.0,False
white_noise,,,15,6,-0.09749237760032903,16.0,1.0,False
white_noise,,,15,7,-0.04023717396032674,16.0,1.0,False
white_noise,,,15,8,-0.03550509125847865,16.0,1.0,False
white_noise,,,15,9,-0.0026180379313184505,16.0,1.0,False
white_noise,,,15,10,0.03182159578083018,16.0,1.0,False
white_noise,,,15,11,0.030140909942652543,16.0,1.0,False
white_noise,,,15,12,0.03830611093742994,16.0,1.0,False
white_noise,,,15,13,-0.01248225550488135,16.0,1.0,False
white_noise,,,15,14,-0.014616038617502936,16.0,1.0,False
white_noise,,,15,15,0.07504789658351713,16.0,1.0,False
brown_noise,,,15,0,1.0,16.0,0.9999999999999999,False
brown_noise,,,15,1,0.9777003573477517,16.0,0.9999999999999999,False
brown_noise,,,15,2,0.9511169528810607,16.0,0.9999999999999999,False
brown_noise,,,15,3,0.9256692653322363,16.0,0.9999999999999999,False
brown_noise,,,15,4,0.8984776575300858,16.0,0.9999999999999999,False
brown_noise,,,15,5,0.8734616807139794,16.0,0.9999999999999999,False
brown_noise,,,15,6,0.8511102147013386,16.0,0.9999999999999999,False
brown_noise,,,15,7,0.8297418386922214,16.0,0.9999999999999999,False
brown_noise,,,15,8,0.8110948079409757,16.0,0.9999999999999999,False
brown_noise,,,15,9,0.7936756167396903,16.0,0.9999999999999999,False
brown_noise,,,15,10,0.7777844256409545,16.0,0.9999999999999999,False
brown_noise,,,15,11,0.7612288030668731,16.0,0.9999999999999999,False
brown_noise,,,15,12,0.7437730663161763,16.0,0.9999999999999999,False
brown_noise,,,15,13,0.7259252004975256,16.0,0.9999999999999999,False
brown_noise,,,15,14,0.7082176316767061,16.0,0.9999999999999999,False
brown_noise,,,15,15,0.6910990189381798,16.0,0.9999999999999999,False
white_noise,,,16,0,1.0,16.0,1.0,False
white_noise,,,16,1,0.0020660750989043657,16.0,1.0,False
white_noise,,,16,2,0.05880928427836698,16.0,1.0,False
white_noise,,,16,3,0.026796177006710126,16.0,1.0,False
white_noise,,,16,4,-0.02860411860322765,16.0,1.0,False
white_noise,,,16,5,-0.08584022830223964,16.0,1.0,False
white_noise,,,16,6,-0.06340721686927157,16.0,1.0,False
white_noise,,,16,7,-0.006225471540732558,16.0,1.0,False
white_noise,,,16,8,-0.030375589780561228,16.0,1.0,False
white_noise,,,16,9,-0.02843785150273348,16.0,1.0,False
white_noise,,,16,10,-0.01806224443762368,16.0,1.0,False
white_noise,,,16,11,0.008660725942218237,16.0,1.0,False
white_noise,,,16,12,-0.0487564831765069,16.0,1.0,False
white_noise,,,16,13,0.02045138082999173,16.0,1.0,False
white_noise,,,16,14,-0.022314919285245136,16.0,1.0,False
white_noise,,,16,15,0.051220613328973236,16.0,1.0,False
brown_noise,,,16,0,1.0,15.999999999999998,0.9999999999999999,False
brown_noise,,,16,1,0.9610343820422189,15.999999999999998,0.9999999999999999,False
brown_noise,,,16,2,0.9231030734761259,15.999999999999998,0.9999999999999999,False
brown_noise,,,16,3,0.8814563961749452,15.999999999999998,0.9999999999999999,False
brown_noise,,,16,4,0.8391626482826594,15.999999999999998,0.9999999999999999,False
brown_noise,,,16,5,0.8022593775757298,15.999999999999998,0.9999999999999999,False
brown_noise,,,16,6,0.7699096996237172,15.999999999999998,0.9999999999999999,False
brown_noise,,,16,7,0.7415242578401957,15.999999999999998,0.9999999999999999,False
brown_noise,,,16,8,0.7129931753953899,15.999999999999998,0.9999999999999999,False
brown_noise,,,16,9,0.6840768333024335,15.999999999999998,0.9999999999999999,False
brown_noise,,,16,10,0.6553343703419453,15.999999999999998,0.9999999999999999,False
brown_noise,,,16,11,0.6280033680997396,15.999999999999998,0.9999999999999999,False
brown_noise,,,16,12,0.5980438392322284,15.999999999999998,0.9999999999999999,False
brown_noise,,,16,13,0.5717149555612729,15.999999999999998,0.9999999999999999,False
brown_noise,,,16,14,0.5451077723246545,15.999999999999998,0.9999999999999999,False
brown_noise,,,16,15,0.5223724136002628,15.999999999999998,0.9999999999999999,False
white_noise,,,17,0,1.0,16.0,1.0,False
white_noise,,,17,1,-0.14820328858213183,16.0,1.0,False
white_noise,,,17,2,0.051435260490297494,16.0,1.0,False
white_noise,,,17,3,0.012271139283831167,16.0,1.0,False
white_noise,,,17,4,0.06355080806410952,16.0,1.0,False
white_noise,,,17,5,0.01591791329771137,16.0,1.0,False
white_noise,,,17,6,-0.018436121607042576,16.0,1.0,False
white_noise,,,17,7,0.08309151586548445,16.0,1.0,False
white_noise,,,17,8,0.019344857467700687,16.0,1.0,False
white_noise,,,17,9,-0.017653665932963202,16.0,1.0,False
white_noise,,,17,10,-0.12810880670554778,16.0,1.0,False
white_noise,,,17,11,0.029036636342628833,16.0,1.0,False
white_noise,,,17,12,0.0630560389519894,16.0,1.0,False
white_noise,,,17,13,-0.001855391375326102,16.0,1.0,False
white_noise,,,17,14,0.011004116666589903,16.0,1.0,False
white_noise,,,17,15,-0.01174166100923338,16.0,1.0,False
brown_noise,,,17,0,1.0,16.0,1.0,False
brown_noise,,,17,1,0.9657130792934413,16.0,1.0,False
brown_noise,,,17,2,0.9371886955244172,16.0,1.0,False
brown_noise,,,17,3,0.9076063627441364,16.0,1.0,False
brown_noise,,,17,4,0.8795693582267496,16.0,1.0,False
brown_noise,,,17,5,0.8528183562762806,16.0,1.0,False
brown_noise,,,17,6,0.8248504409764603,16.0,1.0,False
brown_noise,,,17,7,0.7982679799780642,16.0,1.0,False
brown_noise,,,17,8,0.7693864059895504,16.0,1.0,False
brown_noise,,,17,9,0.7384328577255173,16.0,1.0,False
brown_noise,,,17,10,0.7077125949910816,16.0,1.0,False
brown_noise,,,17,11,0.6857196414063521,16.0,1.0,False
brown_noise,,,17,12,0.6605012532567244,16.0,1.0,False
brown_noise,,,17,13,0.6365606961361526,16.0,1.0,False
brown_noise,,,17,14,0.6102586272578311,16.0,1.0,False
brown_noise,,,17,15,0.5834516550290885,16.0,1.0,False
white_noise,,,18,0,1.0,16.0,1.0,False
white_noise,,,18,1,-0.03488936721251717,16.0,1.0,False
white_noise,,,18,2,-0.030011310186341397,16.0,1.0,False
white_noise,,,18,3,0.14867403463840667,16.0,1.0,False
white_noise,,,18,4,-0.08916660716744582,16.0,1.0,False
white_noise,,,18,5,-0.004690208555209403,16.0,1.0,False
white_noise,,,18,6,0.0949335931659683,16.0,1.0,False
white_noise,,,18,7,0.046649275386138445,16.0,1.0,False
white_noise,,,18,8,0.046818742543412256,16.0,1.0,False
white_noise,,,18,9,-0.08553988700251405,16.0,1.0,False
white_noise,,,18,10,0.016695112367269418,16.0,1.0,False
white_noise,,,18,11,-0.020323086921492556,16.0,1.0,False
white_noise,,,18,12,-0.05096421152898684,16.0,1.0,False
white_noise,,,18,13,0.07998778372400268,16.0,1.0,False
white_noise,,,18,14,-0.07516471299889496,16.0,1.0,False
white_noise,,,18,15,0.032275069893645904,16.0,1.0,False
brown_noise,,,18,0,1.0,16.0,1.0,False
brown_noise,,,18,1,0.9899554170248804,16.0,1.0,False
brown_noise,,,18,2,0.9809558886407425,16.0,1.0,False
brown_noise,,,18,3,0.9726743023501723,16.0,1.0,False
brown_noise,,,18,4,0.9619045964606054,16.0,1.0,False
brown_noise,,,18,5,0.9524923060055782,16.0,1.0,False
brown_noise,,,18,6,0.9435820706783067,16.0,1.0,False
brown_noise,,,18,7,0.9321542216589491,16.0,1.0,False
brown_noise,,,18,8,0.9199928134846567,16.0,1.0,False
brown_noise,,,18,9,0.9066762229623802,16.0,1.0,False
brown_noise,,,18,10,0.8941962231707878,16.0,1.0,False
brown_noise,,,18,11,0.8809043903169236,16.0,1.0,False
brown_noise,,,18,12,0.8675460970477072,16.0,1.0,False
brown_noise,,,18,13,0.8548650381962405,16.0,1.0,False
brown_noise,,,18,14,0.8406559267168291,16.0,1.0,False
brown_noise,,,18,15,0.8272826662826719,16.0,1.0,False
white_noise,,,19,0,1.0,16.0,1.0,False
white_noise,,,19,1,0.026509863975919645,16.0,1.0,False
white_noise,,,19,2,0.021734428641723365,16.0,1.0,False
white_noise,,,19,3,0.019037416273528243,16.0,1.0,False
white_noise,,,19,4,-0.10392995704736016,16.0,1.0,False
white_noise,,,19,5,-0.12000162080537818,16.0,1.0,False
white_noise,,,19,6,-0.1402227176079201,16.0,1.0,False
white_noise,,,19,7,-0.038484068756302746,16.0,1.0,False
white_noise,,,19,8,0.01183436363376181,16.0,1.0,False
white_noise,,,19,9,0.08780097536955839,16.0,1.0,False
white_noise,,,19,10,0.026752135317864568,16.0,1.0,False
white_noise,,,19,11,0.03240843377786352,16.0,1.0,False
white_noise,,,19,12,-0.002918017806157214,16.0,1.0,False
white_noise,,,19,13,0.09565412433771196,16.0,1.0,False
white_noise,,,19,14,-0.04611351415162497,16.0,1.0,False
white_noise,,,19,15,0.05622184997898961,16.0,1.0,False
brown_noise,,,19,0,1.0,16.0,1.0,False
brown_noise,,,19,1,0.9401617903389783,16.0,1.0,False
brown_noise,,,19,2,0.876578164985056,16.0,1.0,False
brown_noise,,,19,3,0.8102432332146529,16.0,1.0,False
brown_noise,,,19,4,0.7419952951843045,16.0,1.0,False
brown_noise,,,19,5,0.6858113747243042,16.0,1.0,False
brown_noise,,,19,6,0.6448097119231163,16.0,1.0,False
brown_noise,,,19,7,0.620277396481749,16.0,1.0,False
brown_noise,,,19,8,0.600586430690823,16.0,1.0,False
brown_noise,,,19,9,0.5791433458721734,16.0,1.0,False
brown_noise,,,19,10,0.5470638239224801,16.0,1.0,False
brown_noise,,,19,11,0.5122061764734348,16.0,1.0,False
brown_noise,,,19,12,0.4732205288274441,16.0,1.0,False
brown_noise,,,19,13,0.4343470601809906,16.0,1.0,False
brown_noise,,,19,14,0.3844322488365265,16.0,1.0,False
brown_noise,,,19,15,0.3389508146520176,16.0,1.0,False
