epoch,run_id,model,seed,layer_index,layer_name,grad_norm_l2,grad_norm_l1,grad_abs_mean,grad_abs_max,log10_grad_norm
1,identity_mapping_cifar10,PlainNet-56,0,0,stage1.0.conv2.weight,0.02397206798195839,0.43996065855026245,0.00019095515017397702,0.004743888508528471,-1.6202944993477442
1,identity_mapping_cifar10,PlainNet-56,0,1,stage1.1.conv2.weight,0.04801742732524872,0.6974692344665527,0.0003027210186701268,0.009452249854803085,-1.318601112249517
1,identity_mapping_cifar10,PlainNet-56,0,2,stage1.2.conv2.weight,0.018091421574354172,0.36752089858055115,0.0001595142821315676,0.0036528538912534714,-1.742527306104522
1,identity_mapping_cifar10,PlainNet-56,0,3,stage1.3.conv2.weight,0.017288828268647194,0.3318330645561218,0.00014402477245312184,0.0033354845363646746,-1.7622344395352363
1,identity_mapping_cifar10,PlainNet-56,0,4,stage1.4.conv2.weight,0.009688086807727814,0.2118375599384308,9.194338781526312e-05,0.001698736217804253,-2.0137619784134593
1,identity_mapping_cifar10,PlainNet-56,0,5,stage1.5.conv2.weight,0.009707772172987461,0.26245322823524475,0.00011391199222998694,0.0012588194804266095,-2.012880424423034
1,identity_mapping_cifar10,PlainNet-56,0,6,stage1.6.conv2.weight,0.016754817217588425,0.36373454332351685,0.00015787089068908244,0.002669740002602339,-1.7758603056019973
1,identity_mapping_cifar10,PlainNet-56,0,7,stage1.7.conv2.weight,0.02197900228202343,0.3894692063331604,0.0001690404606051743,0.002963072620332241,-1.6579920258712169
1,identity_mapping_cifar10,PlainNet-56,0,8,stage1.8.conv2.weight,0.009491488337516785,0.17871558666229248,7.756752893328667e-05,0.0012135091237723827,-2.0226656815111763
1,identity_mapping_cifar10,PlainNet-56,0,9,stage2.0.conv2.weight,0.01794399693608284,0.5502046942710876,5.970102938590571e-05,0.0017237206920981407,-1.7460808135561707
1,identity_mapping_cifar10,PlainNet-56,0,10,stage2.1.conv2.weight,0.011818129569292068,0.4774491786956787,5.1806553528876975e-05,0.0011783285299316049,-1.9274512528608039
1,identity_mapping_cifar10,PlainNet-56,0,11,stage2.2.conv2.weight,0.015294293873012066,0.6467165946960449,7.017324242042378e-05,0.0015701623633503914,-1.8154705692644129
1,identity_mapping_cifar10,PlainNet-56,0,12,stage2.3.conv2.weight,0.024056879803538322,0.8407248258590698,9.122447954723611e-05,0.0026679052971303463,-1.618760701665557
1,identity_mapping_cifar10,PlainNet-56,0,13,stage2.4.conv2.weight,0.02467063069343567,1.1654597520828247,0.000126460479805246,0.0023562265560030937,-1.6078197478101428
1,identity_mapping_cifar10,PlainNet-56,0,14,stage2.5.conv2.weight,0.06393402069807053,2.4250617027282715,0.0002631360257510096,0.005282996222376823,-1.1942679826846736
1,identity_mapping_cifar10,PlainNet-56,0,15,stage2.6.conv2.weight,0.06462479382753372,1.9837692975997925,0.00021525274496525526,0.007085115183144808,-1.1896008294186657
1,identity_mapping_cifar10,PlainNet-56,0,16,stage2.7.conv2.weight,0.06692542135715485,2.4757957458496094,0.0002686410443857312,0.008269387297332287,-1.174408885842255
1,identity_mapping_cifar10,PlainNet-56,0,17,stage2.8.conv2.weight,0.09029781073331833,3.871445417404175,0.00042007872252725065,0.009039069525897503,-1.0443227790057716
1,identity_mapping_cifar10,PlainNet-56,0,18,stage3.0.conv2.weight,0.08804933726787567,8.479090690612793,0.0002300100604770705,0.004898841492831707,-1.0552739085388787
1,identity_mapping_cifar10,PlainNet-56,0,19,stage3.1.conv2.weight,0.08749859780073166,8.497442245483398,0.00023050788149703294,0.0065700579434633255,-1.0579989066559714
1,identity_mapping_cifar10,PlainNet-56,0,20,stage3.2.conv2.weight,0.11453592777252197,10.544066429138184,0.00028602610109373927,0.00869029387831688,-0.9410582619152655
1,identity_mapping_cifar10,PlainNet-56,0,21,stage3.3.conv2.weight,0.11278380453586578,13.513778686523438,0.00036658471799455583,0.005676249507814646,-0.9477532594417749
1,identity_mapping_cifar10,PlainNet-56,0,22,stage3.4.conv2.weight,0.1330028921365738,14.149869918823242,0.0003838397969957441,0.007006247062236071,-0.8761389152304114
1,identity_mapping_cifar10,PlainNet-56,0,23,stage3.5.conv2.weight,0.15201924741268158,14.411262512207031,0.0003909305087290704,0.010029430501163006,-0.818101421816056
1,identity_mapping_cifar10,PlainNet-56,0,24,stage3.6.conv2.weight,0.13937591016292572,14.546051025390625,0.0003945868811570108,0.0059519000351428986,-0.8558122835332893
1,identity_mapping_cifar10,PlainNet-56,0,25,stage3.7.conv2.weight,0.200087770819664,19.020551681518555,0.0005159655120223761,0.012672707438468933,-0.6987794542293768
1,identity_mapping_cifar10,PlainNet-56,0,26,stage3.8.conv2.weight,0.39507707953453064,29.278438568115234,0.0007942284573800862,0.019275210797786713,-0.4033181652565045
2,identity_mapping_cifar10,PlainNet-56,0,0,stage1.0.conv2.weight,0.013820666819810867,0.2986929416656494,0.00012964103370904922,0.002453290158882737,-1.8594710025759866
2,identity_mapping_cifar10,PlainNet-56,0,1,stage1.1.conv2.weight,0.01865364983677864,0.3115912973880768,0.000135239286464639,0.005473093129694462,-1.729236179977359
2,identity_mapping_cifar10,PlainNet-56,0,2,stage1.2.conv2.weight,0.01657167077064514,0.35456281900405884,0.0001538901124149561,0.0029846830293536186,-1.7806337033895596
2,identity_mapping_cifar10,PlainNet-56,0,3,stage1.3.conv2.weight,0.015099338255822659,0.3315897285938263,0.00014391915465239435,0.0029090242460370064,-1.8210420856676166
2,identity_mapping_cifar10,PlainNet-56,0,4,stage1.4.conv2.weight,0.025354068726301193,0.4833567440509796,0.00020979026157874614,0.005298886448144913,-1.5959523367635917
2,identity_mapping_cifar10,PlainNet-56,0,5,stage1.5.conv2.weight,0.016448916867375374,0.4229377806186676,0.000183566749910824,0.0019294332014396787,-1.7838626942839062
2,identity_mapping_cifar10,PlainNet-56,0,6,stage1.6.conv2.weight,0.037463124841451645,0.7384122610092163,0.00032049143919721246,0.005754925310611725,-1.4263960004462786
2,identity_mapping_cifar10,PlainNet-56,0,7,stage1.7.conv2.weight,0.03252600505948067,0.581699550151825,0.0002524737792555243,0.004203615710139275,-1.487769274767089
2,identity_mapping_cifar10,PlainNet-56,0,8,stage1.8.conv2.weight,0.00893755629658699,0.15741819143295288,6.832386861788109e-05,0.0013701398856937885,-2.0487812095651994
2,identity_mapping_cifar10,PlainNet-56,0,9,stage2.0.conv2.weight,0.011404775083065033,0.34290611743927,3.720769382198341e-05,0.0014577243709936738,-1.942913275114437
2,identity_mapping_cifar10,PlainNet-56,0,10,stage2.1.conv2.weight,0.010282966308295727,0.3660421371459961,3.971811383962631e-05,0.0007624812424182892,-1.987881587098426
2,identity_mapping_cifar10,PlainNet-56,0,11,stage2.2.conv2.weight,0.004959257785230875,0.2152547836303711,2.3356638848781586e-05,0.0006363822030834854,-2.3045833161437015
2,identity_mapping_cifar10,PlainNet-56,0,12,stage2.3.conv2.weight,0.015817703679203987,0.535097599029541,5.8061807067133486e-05,0.0016939353663474321,-1.8008565645426469
2,identity_mapping_cifar10,PlainNet-56,0,13,stage2.4.conv2.weight,0.008634723722934723,0.4411850571632385,4.787164289155044e-05,0.0008006789721548557,-2.063751553532554
2,identity_mapping_cifar10,PlainNet-56,0,14,stage2.5.conv2.weight,0.04057902842760086,1.304973840713501,0.0001415987208019942,0.003133064601570368,-1.3916983553595645
2,identity_mapping_cifar10,PlainNet-56,0,15,stage2.6.conv2.weight,0.027368934825062752,1.0649431943893433,0.00011555373203009367,0.0021643980871886015,-1.5627421046054066
2,identity_mapping_cifar10,PlainNet-56,0,16,stage2.7.conv2.weight,0.02781255915760994,1.2197072505950928,0.00013234671496320516,0.0028107657562941313,-1.5557590479094012
2,identity_mapping_cifar10,PlainNet-56,0,17,stage2.8.conv2.weight,0.04471525922417641,2.3179306983947754,0.0002515115775167942,0.00463919946923852,-1.3495442471942027
2,identity_mapping_cifar10,PlainNet-56,0,18,stage3.0.conv2.weight,0.07289252430200577,5.750829696655273,0.00015600124606862664,0.00711054215207696,-1.1373170096852097
2,identity_mapping_cifar10,PlainNet-56,0,19,stage3.1.conv2.weight,0.0762520581483841,6.316218376159668,0.0001713383971946314,0.006489187944680452,-1.1177484296092774
2,identity_mapping_cifar10,PlainNet-56,0,20,stage3.2.conv2.weight,0.06075049564242363,5.785285472869873,0.00015693591558374465,0.003965252079069614,-1.2164501744485676
2,identity_mapping_cifar10,PlainNet-56,0,21,stage3.3.conv2.weight,0.08316425234079361,7.586212158203125,0.00020578918338287622,0.004281931556761265,-1.0800633124939958
2,identity_mapping_cifar10,PlainNet-56,0,22,stage3.4.conv2.weight,0.08410381525754929,6.978410720825195,0.0001893015141831711,0.004450500477105379,-1.0751843025593786
2,identity_mapping_cifar10,PlainNet-56,0,23,stage3.5.conv2.weight,0.0673796609044075,6.859988689422607,0.00018608910613693297,0.005283042322844267,-1.171471178977946
2,identity_mapping_cifar10,PlainNet-56,0,24,stage3.6.conv2.weight,0.06368822604417801,6.630760192871094,0.00017987088358495384,0.003209638874977827,-1.195940847668268
2,identity_mapping_cifar10,PlainNet-56,0,25,stage3.7.conv2.weight,0.07726109772920609,7.009709358215332,0.00019015053112525493,0.004927877336740494,-1.1120391256659028
2,identity_mapping_cifar10,PlainNet-56,0,26,stage3.8.conv2.weight,0.10596418380737305,8.289828300476074,0.00022487598471343517,0.006475870031863451,-0.9748409026868237
3,identity_mapping_cifar10,PlainNet-56,0,0,stage1.0.conv2.weight,0.0012537952279672027,0.02670762687921524,1.1591851944103837e-05,0.00021083516185171902,-2.9017733871028657
3,identity_mapping_cifar10,PlainNet-56,0,1,stage1.1.conv2.weight,0.004883378278464079,0.0878029316663742,3.8108912121970206e-05,0.0009109267266467214,-2.311279632807677
3,identity_mapping_cifar10,PlainNet-56,0,2,stage1.2.conv2.weight,0.005556102376431227,0.10790635645389557,4.68343569082208e-05,0.0008860795060172677,-2.2552297604967295
3,identity_mapping_cifar10,PlainNet-56,0,3,stage1.3.conv2.weight,0.00470095407217741,0.0938836932182312,4.074813114129938e-05,0.0010809516534209251,-2.327813991709653
3,identity_mapping_cifar10,PlainNet-56,0,4,stage1.4.conv2.weight,0.0035508836153894663,0.07968524843454361,3.4585613320814446e-05,0.0004970147274434566,-2.449663561882602
3,identity_mapping_cifar10,PlainNet-56,0,5,stage1.5.conv2.weight,0.004447053652256727,0.1054278314113617,4.575860657496378e-05,0.000890346069354564,-2.3519276308000494
3,identity_mapping_cifar10,PlainNet-56,0,6,stage1.6.conv2.weight,0.004882968030869961,0.11880538612604141,5.156483894097619e-05,0.0007728086784482002,-2.3113161189736933
3,identity_mapping_cifar10,PlainNet-56,0,7,stage1.7.conv2.weight,0.01691141538321972,0.33984318375587463,0.0001475013850722462,0.0018442242871969938,-1.7718200430330924
3,identity_mapping_cifar10,PlainNet-56,0,8,stage1.8.conv2.weight,0.005485450848937035,0.07455418258905411,3.235858821426518e-05,0.0009301073150709271,-2.260787671900917
3,identity_mapping_cifar10,PlainNet-56,0,9,stage2.0.conv2.weight,0.005616890732198954,0.15655019879341125,1.6986783521133475e-05,0.0009419944835826755,-2.250504024482468
3,identity_mapping_cifar10,PlainNet-56,0,10,stage2.1.conv2.weight,0.005272780545055866,0.17486456036567688,1.8974018530570902e-05,0.0005553383380174637,-2.2779603036960916
3,identity_mapping_cifar10,PlainNet-56,0,11,stage2.2.conv2.weight,0.006538862362504005,0.2577110528945923,2.7963438697042875e-05,0.0008517734240740538,-2.1844978040043888
3,identity_mapping_cifar10,PlainNet-56,0,12,stage2.3.conv2.weight,0.015362203121185303,0.41300535202026367,4.481395080802031e-05,0.0017181180883198977,-1.8135464968568344
3,identity_mapping_cifar10,PlainNet-56,0,13,stage2.4.conv2.weight,0.005758107639849186,0.24408072233200073,2.6484452973818406e-05,0.0006329092429950833,-2.2397202207726505
3,identity_mapping_cifar10,PlainNet-56,0,14,stage2.5.conv2.weight,0.014964121393859386,0.4036032259464264,4.379375241114758e-05,0.00172797788400203,-1.82494877729128
3,identity_mapping_cifar10,PlainNet-56,0,15,stage2.6.conv2.weight,0.004741776268929243,0.21285486221313477,2.3096230506780557e-05,0.0004451204149518162,-2.324058941084819
3,identity_mapping_cifar10,PlainNet-56,0,16,stage2.7.conv2.weight,0.00980387907475233,0.3345416784286499,3.630009450716898e-05,0.00116679014172405,-2.008602054116958
3,identity_mapping_cifar10,PlainNet-56,0,17,stage2.8.conv2.weight,0.006355844438076019,0.30658596754074097,3.326670776004903e-05,0.0009534076089039445,-2.1968267408034943
3,identity_mapping_cifar10,PlainNet-56,0,18,stage3.0.conv2.weight,0.017615413293242455,1.4177805185317993,3.845975879812613e-05,0.0013165322598069906,-1.7541071629111655
3,identity_mapping_cifar10,PlainNet-56,0,19,stage3.1.conv2.weight,0.016848409548401833,1.5348987579345703,4.16367947764229e-05,0.0009404804441146553,-1.7734410892448007
3,identity_mapping_cifar10,PlainNet-56,0,20,stage3.2.conv2.weight,0.021107017993927002,2.139979124069214,5.8050649386132136e-05,0.0009219094645231962,-1.675573119597493
3,identity_mapping_cifar10,PlainNet-56,0,21,stage3.3.conv2.weight,0.04021088033914566,4.267508506774902,0.00011576357792364433,0.001732843229547143,-1.3956564187478158
3,identity_mapping_cifar10,PlainNet-56,0,22,stage3.4.conv2.weight,0.08590764552354813,6.457542419433594,0.00017517205560579896,0.0054839905351400375,-1.065968183533544
3,identity_mapping_cifar10,PlainNet-56,0,23,stage3.5.conv2.weight,0.060707490891218185,5.61370849609375,0.0001522815873613581,0.0037354757077991962,-1.2167577166276755
3,identity_mapping_cifar10,PlainNet-56,0,24,stage3.6.conv2.weight,0.062096159905195236,6.948522567749023,0.0001884907396743074,0.0027172656264156103,-1.2069352562342974
3,identity_mapping_cifar10,PlainNet-56,0,25,stage3.7.conv2.weight,0.062120918184518814,6.245361328125,0.00016941626381594688,0.003642105031758547,-1.2067621337555012
3,identity_mapping_cifar10,PlainNet-56,0,26,stage3.8.conv2.weight,0.09292684495449066,8.266815185546875,0.00022425172210205346,0.005639005918055773,-1.031858807729843
1,identity_mapping_cifar10,ResNet-56,0,0,stage1.0.conv2.weight,0.8705187439918518,21.613750457763672,0.009380968287587166,0.14825552701950073,-0.060221873225542434
1,identity_mapping_cifar10,ResNet-56,0,1,stage1.1.conv2.weight,0.26614201068878174,7.478303909301758,0.0032457916531711817,0.029670847579836845,-0.5748865663705054
1,identity_mapping_cifar10,ResNet-56,0,2,stage1.2.conv2.weight,0.2766560912132263,7.722009658813477,0.0033515666145831347,0.03653775900602341,-0.5580597633619765
1,identity_mapping_cifar10,ResNet-56,0,3,stage1.3.conv2.weight,0.2810848653316498,7.585316181182861,0.003292237874120474,0.03624851256608963,-0.5511625378129342
1,identity_mapping_cifar10,ResNet-56,0,4,stage1.4.conv2.weight,0.14426110684871674,4.2808942794799805,0.0018580270698294044,0.015866082161664963,-0.8408507399895672
1,identity_mapping_cifar10,ResNet-56,0,5,stage1.5.conv2.weight,0.14272740483283997,4.302031993865967,0.0018672014120966196,0.015321656130254269,-0.845492630771671
1,identity_mapping_cifar10,ResNet-56,0,6,stage1.6.conv2.weight,0.14067377150058746,4.632638454437256,0.002010693773627281,0.01946662738919258,-0.8517868688337261
1,identity_mapping_cifar10,ResNet-56,0,7,stage1.7.conv2.weight,0.17424027621746063,4.82818603515625,0.0020955668296664953,0.02403419464826584,-0.7588514491123006
1,identity_mapping_cifar10,ResNet-56,0,8,stage1.8.conv2.weight,0.15994247794151306,4.520707130432129,0.001962112495675683,0.022370316088199615,-0.7960361798679396
1,identity_mapping_cifar10,ResNet-56,0,9,stage2.0.conv2.weight,0.2334490269422531,15.108560562133789,0.0016393837286159396,0.020238082855939865,-0.6318079319454541
1,identity_mapping_cifar10,ResNet-56,0,10,stage2.1.conv2.weight,0.25659337639808655,16.140094757080078,0.0017513124039396644,0.017889874055981636,-0.5907545585240457
1,identity_mapping_cifar10,ResNet-56,0,11,stage2.2.conv2.weight,0.21977022290229797,14.57383918762207,0.0015813627978786826,0.015211669728159904,-0.6580311513339938
1,identity_mapping_cifar10,ResNet-56,0,12,stage2.3.conv2.weight,0.18509484827518463,12.325718879699707,0.0013374261325225234,0.01851845160126686,-0.7326056687476965
1,identity_mapping_cifar10,ResNet-56,0,13,stage2.4.conv2.weight,0.1711510419845581,11.403091430664062,0.001237314660102129,0.010160334408283234,-0.7666204524875381
1,identity_mapping_cifar10,ResNet-56,0,14,stage2.5.conv2.weight,0.19534620642662048,12.689841270446777,0.0013769358629360795,0.017478004097938538,-0.7091950182428737
1,identity_mapping_cifar10,ResNet-56,0,15,stage2.6.conv2.weight,0.13987262547016144,9.310263633728027,0.0010102282976731658,0.010393485426902771,-0.8542672731429505
1,identity_mapping_cifar10,ResNet-56,0,16,stage2.7.conv2.weight,0.10893300175666809,7.0012736320495605,0.0007596868090331554,0.007747446186840534,-0.9628405287843235
1,identity_mapping_cifar10,ResNet-56,0,17,stage2.8.conv2.weight,0.1849689781665802,11.710622787475586,0.0012706839479506016,0.014853639528155327,-0.7329011026258835
1,identity_mapping_cifar10,ResNet-56,0,18,stage3.0.conv2.weight,0.3407750725746155,40.3886604309082,0.001095612533390522,0.016882754862308502,-0.4675321810379651
1,identity_mapping_cifar10,ResNet-56,0,19,stage3.1.conv2.weight,0.3468964397907257,43.39768600463867,0.0011772376019507647,0.015437065623700619,-0.4598001573119966
1,identity_mapping_cifar10,ResNet-56,0,20,stage3.2.conv2.weight,0.28213125467300415,35.112571716308594,0.0009524894994683564,0.015337241813540459,-0.5495487997695798
1,identity_mapping_cifar10,ResNet-56,0,21,stage3.3.conv2.weight,0.38069966435432434,44.93442153930664,0.0012189241824671626,0.020514631643891335,-0.4194175060821255
1,identity_mapping_cifar10,ResNet-56,0,22,stage3.4.conv2.weight,0.21175532042980194,26.1688175201416,0.0007098746136762202,0.010220516473054886,-0.6741656690505701
1,identity_mapping_cifar10,ResNet-56,0,23,stage3.5.conv2.weight,0.31951093673706055,37.531593322753906,0.0010181096149608493,0.013703330419957638,-0.49551427151591765
1,identity_mapping_cifar10,ResNet-56,0,24,stage3.6.conv2.weight,0.2954617738723755,37.914527893066406,0.0010284973541274667,0.011229235678911209,-0.5294986991134717
1,identity_mapping_cifar10,ResNet-56,0,25,stage3.7.conv2.weight,0.35165882110595703,44.671234130859375,0.0012117847800254822,0.018491428345441818,-0.4538784841512521
1,identity_mapping_cifar10,ResNet-56,0,26,stage3.8.conv2.weight,0.34683892130851746,46.27275466918945,0.0012552287662401795,0.01190174650400877,-0.45987217312923295
2,identity_mapping_cifar10,ResNet-56,0,0,stage1.0.conv2.weight,0.3996943235397339,11.198657989501953,0.0048605287447571754,0.04922608286142349,-0.39827201954685465
2,identity_mapping_cifar10,ResNet-56,0,1,stage1.1.conv2.weight,0.16744917631149292,4.90810489654541,0.002130253938958049,0.02498217113316059,-0.7761169844264073
2,identity_mapping_cifar10,ResNet-56,0,2,stage1.2.conv2.weight,0.13946598768234253,4.016851902008057,0.0017434252658858895,0.01882772147655487,-0.855531693196693
2,identity_mapping_cifar10,ResNet-56,0,3,stage1.3.conv2.weight,0.10104620456695557,3.028489828109741,0.001314448774792254,0.011144774965941906,-0.9954799945301694
2,identity_mapping_cifar10,ResNet-56,0,4,stage1.4.conv2.weight,0.07948951423168182,2.3203110694885254,0.0010070794960483909,0.0085284523665905,-1.0996901570194233
2,identity_mapping_cifar10,ResNet-56,0,5,stage1.5.conv2.weight,0.13244757056236267,3.4246888160705566,0.0014864100376144052,0.014215260744094849,-0.8779560033962122
2,identity_mapping_cifar10,ResNet-56,0,6,stage1.6.conv2.weight,0.08701802045106888,2.4467008113861084,0.00106193614192307,0.011335903778672218,-1.060390800571246
2,identity_mapping_cifar10,ResNet-56,0,7,stage1.7.conv2.weight,0.07907630503177643,2.267765998840332,0.0009842735016718507,0.011520806699991226,-1.10195363199072
2,identity_mapping_cifar10,ResNet-56,0,8,stage1.8.conv2.weight,0.06326565146446228,2.056192398071289,0.0008924446301534772,0.0050912778824567795,-1.198832015540167
2,identity_mapping_cifar10,ResNet-56,0,9,stage2.0.conv2.weight,0.1540355086326599,9.330581665039062,0.0010124329710379243,0.013484975323081017,-0.8123791530203196
2,identity_mapping_cifar10,ResNet-56,0,10,stage2.1.conv2.weight,0.14113163948059082,8.324996948242188,0.0009033199748955667,0.017055798321962357,-0.8503756133759911
2,identity_mapping_cifar10,ResNet-56,0,11,stage2.2.conv2.weight,0.13547514379024506,9.167257308959961,0.00099471106659621,0.007702514994889498,-0.8681403793618078
2,identity_mapping_cifar10,ResNet-56,0,12,stage2.3.conv2.weight,0.13818594813346863,9.350231170654297,0.0010145650012418628,0.012693454511463642,-0.8595361172941902
2,identity_mapping_cifar10,ResNet-56,0,13,stage2.4.conv2.weight,0.11803599447011948,7.691157341003418,0.0008345440146513283,0.007137845735996962,-0.9279855366221436
2,identity_mapping_cifar10,ResNet-56,0,14,stage2.5.conv2.weight,0.12274447828531265,7.88767147064209,0.000855867110658437,0.010836065746843815,-0.9109980356915349
2,identity_mapping_cifar10,ResNet-56,0,15,stage2.6.conv2.weight,0.1106773242354393,7.425134181976318,0.0008056786027736962,0.0055773607455194,-0.9559413490196691
2,identity_mapping_cifar10,ResNet-56,0,16,stage2.7.conv2.weight,0.10345187783241272,6.508295059204102,0.0007061951910145581,0.007290218956768513,-0.9852616217185235
2,identity_mapping_cifar10,ResNet-56,0,17,stage2.8.conv2.weight,0.0910692885518074,5.750043869018555,0.0006239197100512683,0.006120001897215843,-1.0406280561857337
2,identity_mapping_cifar10,ResNet-56,0,18,stage3.0.conv2.weight,0.20323915779590607,23.191909790039062,0.0006291207973845303,0.009683661162853241,-0.6919926134316602
2,identity_mapping_cifar10,ResNet-56,0,19,stage3.1.conv2.weight,0.2203245759010315,22.190261840820312,0.0006019494030624628,0.014693162404000759,-0.65693705716901
2,identity_mapping_cifar10,ResNet-56,0,20,stage3.2.conv2.weight,0.1464901864528656,16.063182830810547,0.0004357417346909642,0.007879611104726791,-0.8341914682224177
2,identity_mapping_cifar10,ResNet-56,0,21,stage3.3.conv2.weight,0.1759054958820343,18.949188232421875,0.000514029641635716,0.015325281769037247,-0.7547205915011047
2,identity_mapping_cifar10,ResNet-56,0,22,stage3.4.conv2.weight,0.08765915781259537,10.885780334472656,0.0002952957001980394,0.003958996385335922,-1.0572027061514329
2,identity_mapping_cifar10,ResNet-56,0,23,stage3.5.conv2.weight,0.12762556970119476,15.085363388061523,0.00040921667823567986,0.005862893536686897,-0.8940623062725765
2,identity_mapping_cifar10,ResNet-56,0,24,stage3.6.conv2.weight,0.13935616612434387,14.492511749267578,0.00039313454180955887,0.0074599687941372395,-0.8558738101945554
2,identity_mapping_cifar10,ResNet-56,0,25,stage3.7.conv2.weight,0.17128793895244598,18.951953887939453,0.0005141046713106334,0.01205145288258791,-0.7662732163128059
2,identity_mapping_cifar10,ResNet-56,0,26,stage3.8.conv2.weight,0.1874721646308899,20.17803192138672,0.0005473641795106232,0.009714270010590553,-0.7270632060385558
3,identity_mapping_cifar10,ResNet-56,0,0,stage1.0.conv2.weight,0.1335885226726532,3.927996873855591,0.0017048597801476717,0.01750476099550724,-0.8742308528905474
3,identity_mapping_cifar10,ResNet-56,0,1,stage1.1.conv2.weight,0.06068013235926628,2.109365940093994,0.0009155234438367188,0.006612578872591257,-1.216953480567071
3,identity_mapping_cifar10,ResNet-56,0,2,stage1.2.conv2.weight,0.06071661040186882,1.889732837677002,0.0008201965247280896,0.0064253490418195724,-1.2166924815858935
3,identity_mapping_cifar10,ResNet-56,0,3,stage1.3.conv2.weight,0.04370339214801788,1.4052631855010986,0.0006099232705309987,0.004901113919913769,-1.359484852859646
3,identity_mapping_cifar10,ResNet-56,0,4,stage1.4.conv2.weight,0.04653400555253029,1.2886590957641602,0.0005593138630501926,0.0075797708705067635,-1.3322295626628893
3,identity_mapping_cifar10,ResNet-56,0,5,stage1.5.conv2.weight,0.05396625027060509,1.5361205339431763,0.0006667189882136881,0.006670890375971794,-1.2678777569009743
3,identity_mapping_cifar10,ResNet-56,0,6,stage1.6.conv2.weight,0.07270316779613495,1.8157811164855957,0.0007880994235165417,0.010694539174437523,-1.1384466658006174
3,identity_mapping_cifar10,ResNet-56,0,7,stage1.7.conv2.weight,0.04952273890376091,1.5608115196228027,0.0006774355424568057,0.005294107832014561,-1.305195344231668
3,identity_mapping_cifar10,ResNet-56,0,8,stage1.8.conv2.weight,0.045807160437107086,1.549597978591919,0.000672568567097187,0.00452807080000639,-1.3390666290770756
3,identity_mapping_cifar10,ResNet-56,0,9,stage2.0.conv2.weight,0.1257554441690445,7.28643798828125,0.000790629128459841,0.010745101608335972,-0.9004732045079854
3,identity_mapping_cifar10,ResNet-56,0,10,stage2.1.conv2.weight,0.1241825670003891,7.219087600708008,0.0007833211566321552,0.011863594874739647,-0.9059393670136644
3,identity_mapping_cifar10,ResNet-56,0,11,stage2.2.conv2.weight,0.09792160242795944,6.563436031341553,0.0007121784146875143,0.004878709092736244,-1.0091214881686887
3,identity_mapping_cifar10,ResNet-56,0,12,stage2.3.conv2.weight,0.13882388174533844,8.713494300842285,0.0009454746614210308,0.00924699380993843,-0.8575358161687442
3,identity_mapping_cifar10,ResNet-56,0,13,stage2.4.conv2.weight,0.10605239868164062,7.360140800476074,0.0007986263954080641,0.007989143021404743,-0.9744795042067909
3,identity_mapping_cifar10,ResNet-56,0,14,stage2.5.conv2.weight,0.08847301453351974,6.273439407348633,0.0006807117606513202,0.0046813832595944405,-1.0531891747924809
3,identity_mapping_cifar10,ResNet-56,0,15,stage2.6.conv2.weight,0.08455462753772736,5.730523109436035,0.0006218015332706273,0.004937943071126938,-1.072862619177548
3,identity_mapping_cifar10,ResNet-56,0,16,stage2.7.conv2.weight,0.07953854650259018,5.126125335693359,0.0005562201840803027,0.006864993833005428,-1.0994223496240885
3,identity_mapping_cifar10,ResNet-56,0,17,stage2.8.conv2.weight,0.06938242167234421,4.648348808288574,0.0005043781129643321,0.004565391223877668,-1.1587505459321843
3,identity_mapping_cifar10,ResNet-56,0,18,stage3.0.conv2.weight,0.18394507467746735,21.268741607666016,0.0005769515410065651,0.010589749552309513,-0.7353118363656103
3,identity_mapping_cifar10,ResNet-56,0,19,stage3.1.conv2.weight,0.18937957286834717,21.93039321899414,0.0005948999896645546,0.009183691814541817,-0.7226668672997767
3,identity_mapping_cifar10,ResNet-56,0,20,stage3.2.conv2.weight,0.14260786771774292,15.920442581176758,0.00043186964467167854,0.00855933502316475,-0.8458565136666385
3,identity_mapping_cifar10,ResNet-56,0,21,stage3.3.conv2.weight,0.14231868088245392,17.26543426513672,0.0004683548759203404,0.006779490504413843,-0.8467380902732875
3,identity_mapping_cifar10,ResNet-56,0,22,stage3.4.conv2.weight,0.07876390218734741,10.044410705566406,0.00027247206890024245,0.00412594061344862,-1.1036727758136828
3,identity_mapping_cifar10,ResNet-56,0,23,stage3.5.conv2.weight,0.16368721425533295,15.835382461547852,0.0004295622347854078,0.008998558856546879,-0.785985242364369
3,identity_mapping_cifar10,ResNet-56,0,24,stage3.6.conv2.weight,0.11981000751256943,13.777873992919922,0.00037374874227680266,0.005499584134668112,-0.9215069045977903
3,identity_mapping_cifar10,ResNet-56,0,25,stage3.7.conv2.weight,0.17253996431827545,18.477148056030273,0.000501224712934345,0.008901869878172874,-0.7631102961088685
3,identity_mapping_cifar10,ResNet-56,0,26,stage3.8.conv2.weight,0.15733402967453003,17.1254940032959,0.0004645587468985468,0.008789882063865662,-0.8031773339442337
1,identity_mapping_cifar10,PreActResNet-56,0,0,stage1.0.conv2.weight,0.24603569507598877,8.676801681518555,0.0037659730296581984,0.025857122614979744,-0.6090018804967091
1,identity_mapping_cifar10,PreActResNet-56,0,1,stage1.1.conv2.weight,0.16406533122062683,5.915779113769531,0.0025676125660538673,0.01660899445414543,-0.7849831803718066
1,identity_mapping_cifar10,PreActResNet-56,0,2,stage1.2.conv2.weight,0.12947075068950653,4.638853073120117,0.0020133911166340113,0.011367874220013618,-0.8878283338875853
1,identity_mapping_cifar10,PreActResNet-56,0,3,stage1.3.conv2.weight,0.10974662005901337,3.9921555519104004,0.0017327064415439963,0.010400284081697464,-0.9596088461372206
1,identity_mapping_cifar10,PreActResNet-56,0,4,stage1.4.conv2.weight,0.12321598827838898,4.278783798217773,0.0018571109976619482,0.011875975877046585,-0.9093329352641378
1,identity_mapping_cifar10,PreActResNet-56,0,5,stage1.5.conv2.weight,0.1093340814113617,3.891690731048584,0.0016891019186004996,0.010045832954347134,-0.9612444394944232
1,identity_mapping_cifar10,PreActResNet-56,0,6,stage1.6.conv2.weight,0.1103326603770256,3.8762969970703125,0.0016824206104502082,0.010808540508151054,-0.9572959098412368
1,identity_mapping_cifar10,PreActResNet-56,0,7,stage1.7.conv2.weight,0.09242332726716995,3.232193946838379,0.0014028620207682252,0.008778296411037445,-1.034218400801135
1,identity_mapping_cifar10,PreActResNet-56,0,8,stage1.8.conv2.weight,0.10755111277103424,3.78562593460083,0.0016430668765679002,0.014697812497615814,-0.9683850918478435
1,identity_mapping_cifar10,PreActResNet-56,0,9,stage2.0.conv2.weight,0.2465614676475525,16.753299713134766,0.0018178493482992053,0.01725529134273529,-0.6080747934951778
1,identity_mapping_cifar10,PreActResNet-56,0,10,stage2.1.conv2.weight,0.13310815393924713,9.182512283325195,0.0009963663760572672,0.00868481956422329,-0.8757953396959551
1,identity_mapping_cifar10,PreActResNet-56,0,11,stage2.2.conv2.weight,0.10169288516044617,7.005475044250488,0.0007601426914334297,0.006431528367102146,-0.992709430982989
1,identity_mapping_cifar10,PreActResNet-56,0,12,stage2.3.conv2.weight,0.0863550454378128,6.10897970199585,0.000662866747006774,0.005036281421780586,-1.063712282969464
1,identity_mapping_cifar10,PreActResNet-56,0,13,stage2.4.conv2.weight,0.08215058594942093,5.934247016906738,0.0006439069984480739,0.0044479710049927235,-1.0853893345523895
1,identity_mapping_cifar10,PreActResNet-56,0,14,stage2.5.conv2.weight,0.08068974316120148,5.727226257324219,0.000621443847194314,0.005340829957276583,-1.0931816669032175
1,identity_mapping_cifar10,PreActResNet-56,0,15,stage2.6.conv2.weight,0.08933750540018082,6.41629695892334,0.0006962128099985421,0.004695950075984001,-1.0489661786341322
1,identity_mapping_cifar10,PreActResNet-56,0,16,stage2.7.conv2.weight,0.09445599466562271,6.864608287811279,0.0007448576507158577,0.004757883958518505,-1.0247704742903836
1,identity_mapping_cifar10,PreActResNet-56,0,17,stage2.8.conv2.weight,0.08455865830183029,6.062403678894043,0.0006578129250556231,0.0044012488797307014,-1.072841916621869
1,identity_mapping_cifar10,PreActResNet-56,0,18,stage3.0.conv2.weight,0.21759842336177826,29.555099487304688,0.0008017334039323032,0.007725908420979977,-0.6623442556987014
1,identity_mapping_cifar10,PreActResNet-56,0,19,stage3.1.conv2.weight,0.1281764805316925,17.134559631347656,0.0004648046742659062,0.004533208906650543,-0.8921916574376694
1,identity_mapping_cifar10,PreActResNet-56,0,20,stage3.2.conv2.weight,0.08055531978607178,11.45161247253418,0.00031064488575793803,0.003131828736513853,-1.0939057739551066
1,identity_mapping_cifar10,PreActResNet-56,0,21,stage3.3.conv2.weight,0.07323554903268814,10.3038330078125,0.00027950937510468066,0.003274542512372136,-1.1352780582650455
1,identity_mapping_cifar10,PreActResNet-56,0,22,stage3.4.conv2.weight,0.06994450837373734,9.93425464630127,0.0002694839204195887,0.0025102896615862846,-1.1552463780438205
1,identity_mapping_cifar10,PreActResNet-56,0,23,stage3.5.conv2.weight,0.06979838758707047,9.733137130737305,0.0002640282327774912,0.0025628474541008472,-1.1561546098939142
1,identity_mapping_cifar10,PreActResNet-56,0,24,stage3.6.conv2.weight,0.07478322833776474,10.605303764343262,0.0002876872895285487,0.0023680871818214655,-1.1261957905932987
1,identity_mapping_cifar10,PreActResNet-56,0,25,stage3.7.conv2.weight,0.08042851090431213,11.063444137573242,0.0003001151198986918,0.0026252022944390774,-1.094589971973731
1,identity_mapping_cifar10,PreActResNet-56,0,26,stage3.8.conv2.weight,0.10594706982374191,14.430072784423828,0.00039144078618846834,0.0034298859536647797,-0.9749110500578869
2,identity_mapping_cifar10,PreActResNet-56,0,0,stage1.0.conv2.weight,0.3224588632583618,10.89094066619873,0.004726971033960581,0.03795023262500763,-0.49152568133563096
2,identity_mapping_cifar10,PreActResNet-56,0,1,stage1.1.conv2.weight,0.25442609190940857,7.590875625610352,0.0032946509309113026,0.03492658957839012,-0.5944383529620867
2,identity_mapping_cifar10,PreActResNet-56,0,2,stage1.2.conv2.weight,0.17381960153579712,5.360905170440674,0.0023267818614840508,0.025308232754468918,-0.7599012499859957
2,identity_mapping_cifar10,PreActResNet-56,0,3,stage1.3.conv2.weight,0.14682640135288239,4.702963829040527,0.002041216939687729,0.01785966008901596,-0.8331958454323646
2,identity_mapping_cifar10,PreActResNet-56,0,4,stage1.4.conv2.weight,0.15331783890724182,4.885398864746094,0.0021203989163041115,0.019586557522416115,-0.8144073109728648
2,identity_mapping_cifar10,PreActResNet-56,0,5,stage1.5.conv2.weight,0.13034464418888092,4.386262893676758,0.001903759897686541,0.017154579982161522,-0.8849068091183402
2,identity_mapping_cifar10,PreActResNet-56,0,6,stage1.6.conv2.weight,0.16117992997169495,5.269251823425293,0.002287001581862569,0.023010466247797012,-0.7926890372502956
2,identity_mapping_cifar10,PreActResNet-56,0,7,stage1.7.conv2.weight,0.1232331171631813,3.872772216796875,0.0016808906802907586,0.019327420741319656,-0.909272565962776
2,identity_mapping_cifar10,PreActResNet-56,0,8,stage1.8.conv2.weight,0.14185196161270142,4.84977912902832,0.0021049389615654945,0.0168696790933609,-0.8481646541429565
2,identity_mapping_cifar10,PreActResNet-56,0,9,stage2.0.conv2.weight,0.33252352476119995,21.007362365722656,0.002279444830492139,0.024565564468503,-0.4781776246074698
2,identity_mapping_cifar10,PreActResNet-56,0,10,stage2.1.conv2.weight,0.24253733456134796,14.152325630187988,0.0015356256626546383,0.02699972689151764,-0.6152213995508059
2,identity_mapping_cifar10,PreActResNet-56,0,11,stage2.2.conv2.weight,0.1606963872909546,10.2274169921875,0.0011097458191215992,0.0110330730676651,-0.7939938867513118
2,identity_mapping_cifar10,PreActResNet-56,0,12,stage2.3.conv2.weight,0.1428719460964203,9.099145889282227,0.0009873205563053489,0.012504207901656628,-0.8450530395867816
2,identity_mapping_cifar10,PreActResNet-56,0,13,stage2.4.conv2.weight,0.1500130593776703,10.29412841796875,0.0011169844074174762,0.01102391630411148,-0.8238709318162166
2,identity_mapping_cifar10,PreActResNet-56,0,14,stage2.5.conv2.weight,0.13757391273975372,9.217883110046387,0.0010002043563872576,0.01077100820839405,-0.8614639107723533
2,identity_mapping_cifar10,PreActResNet-56,0,15,stage2.6.conv2.weight,0.1594114601612091,10.517940521240234,0.0011412695748731494,0.013752799481153488,-0.7974804601902051
2,identity_mapping_cifar10,PreActResNet-56,0,16,stage2.7.conv2.weight,0.17269694805145264,11.620403289794922,0.0012608944671228528,0.011675968766212463,-0.7627153373352084
2,identity_mapping_cifar10,PreActResNet-56,0,17,stage2.8.conv2.weight,0.17913277447223663,11.755158424377441,0.0012755163479596376,0.012585441581904888,-0.7468249475363652
2,identity_mapping_cifar10,PreActResNet-56,0,18,stage3.0.conv2.weight,0.31655070185661316,40.076904296875,0.0010871556587517262,0.017587779089808464,-0.4995567192218007
2,identity_mapping_cifar10,PreActResNet-56,0,19,stage3.1.conv2.weight,0.18050749599933624,22.620670318603516,0.0006136249867267907,0.009560508653521538,-0.7435047582791772
2,identity_mapping_cifar10,PreActResNet-56,0,20,stage3.2.conv2.weight,0.10814379900693893,14.625212669372559,0.00039673427818343043,0.00567066203802824,-0.9659983780634772
2,identity_mapping_cifar10,PreActResNet-56,0,21,stage3.3.conv2.weight,0.09495667368173599,12.898722648620605,0.0003499002486933023,0.004401793237775564,-1.0224745070540402
2,identity_mapping_cifar10,PreActResNet-56,0,22,stage3.4.conv2.weight,0.0855783149600029,11.708383560180664,0.0003176102472934872,0.0033468196634203196,-1.0676362690362737
2,identity_mapping_cifar10,PreActResNet-56,0,23,stage3.5.conv2.weight,0.0876147523522377,11.863607406616211,0.00032182096038013697,0.003862563753500581,-1.0574227622544086
2,identity_mapping_cifar10,PreActResNet-56,0,24,stage3.6.conv2.weight,0.09248235821723938,12.796032905578613,0.00034711460466496646,0.0033684512600302696,-1.0339411046576426
2,identity_mapping_cifar10,PreActResNet-56,0,25,stage3.7.conv2.weight,0.09245540201663971,12.637068748474121,0.0003428024356253445,0.00444188853725791,-1.0340677086485364
2,identity_mapping_cifar10,PreActResNet-56,0,26,stage3.8.conv2.weight,0.12817718088626862,17.194656372070312,0.0004664348962251097,0.004759627394378185,-0.892189284464909
3,identity_mapping_cifar10,PreActResNet-56,0,0,stage1.0.conv2.weight,0.22490337491035461,7.252828598022461,0.003147929208353162,0.02891012281179428,-0.648004027470633
3,identity_mapping_cifar10,PreActResNet-56,0,1,stage1.1.conv2.weight,0.1998482495546341,6.537412643432617,0.0028374188113957644,0.026046501472592354,-0.6992996513151011
3,identity_mapping_cifar10,PreActResNet-56,0,2,stage1.2.conv2.weight,0.16520757973194122,5.250632286071777,0.0022789202630519867,0.021367056295275688,-0.7819700311035621
3,identity_mapping_cifar10,PreActResNet-56,0,3,stage1.3.conv2.weight,0.1456364393234253,4.565900802612305,0.0019817277789115906,0.016974683851003647,-0.8367299477047073
3,identity_mapping_cifar10,PreActResNet-56,0,4,stage1.4.conv2.weight,0.12902981042861938,4.47540283203125,0.001942449132911861,0.013428082689642906,-0.8893099407904999
3,identity_mapping_cifar10,PreActResNet-56,0,5,stage1.5.conv2.weight,0.11542709916830063,3.9994938373565674,0.0017358914483338594,0.010166758671402931,-0.9376922185801218
3,identity_mapping_cifar10,PreActResNet-56,0,6,stage1.6.conv2.weight,0.1157725602388382,4.1247453689575195,0.001790254027582705,0.01017460785806179,-0.9363943624441097
3,identity_mapping_cifar10,PreActResNet-56,0,7,stage1.7.conv2.weight,0.1061091274023056,3.565459728240967,0.001547508523799479,0.013501590117812157,-0.9742472569054834
3,identity_mapping_cifar10,PreActResNet-56,0,8,stage1.8.conv2.weight,0.12700797617435455,4.547989845275879,0.001973954029381275,0.013965049758553505,-0.8961690042395549
3,identity_mapping_cifar10,PreActResNet-56,0,9,stage2.0.conv2.weight,0.3433533310890198,22.7916316986084,0.0024730502627789974,0.02431091107428074,-0.46425873488111497
3,identity_mapping_cifar10,PreActResNet-56,0,10,stage2.1.conv2.weight,0.20897969603538513,13.454275131225586,0.0014598822453990579,0.021250426769256592,-0.6798959068444855
3,identity_mapping_cifar10,PreActResNet-56,0,11,stage2.2.conv2.weight,0.15543232858181,10.419656753540039,0.0011306051164865494,0.011156078428030014,-0.8084586466360796
3,identity_mapping_cifar10,PreActResNet-56,0,12,stage2.3.conv2.weight,0.12827168405056,8.845331192016602,0.0009597798925824463,0.008668934926390648,-0.89186920346442
3,identity_mapping_cifar10,PreActResNet-56,0,13,stage2.4.conv2.weight,0.13726046681404114,9.730338096618652,0.0010558093199506402,0.010218402370810509,-0.8624545284320028
3,identity_mapping_cifar10,PreActResNet-56,0,14,stage2.5.conv2.weight,0.130515456199646,9.219268798828125,0.0010003546485677361,0.007742393761873245,-0.8843380542630795
3,identity_mapping_cifar10,PreActResNet-56,0,15,stage2.6.conv2.weight,0.13277515769004822,9.416584968566895,0.0010217648232355714,0.007298470474779606,-0.8768831741166097
3,identity_mapping_cifar10,PreActResNet-56,0,16,stage2.7.conv2.weight,0.1438697725534439,10.359941482543945,0.001124125556088984,0.00695705134421587,-0.8420304429764228
3,identity_mapping_cifar10,PreActResNet-56,0,17,stage2.8.conv2.weight,0.14490413665771484,10.216939926147461,0.0011086089070886374,0.008339600637555122,-0.838919216306535
3,identity_mapping_cifar10,PreActResNet-56,0,18,stage3.0.conv2.weight,0.3274425268173218,43.671669006347656,0.0011846699053421617,0.01203126274049282,-0.48486491697315903
3,identity_mapping_cifar10,PreActResNet-56,0,19,stage3.1.conv2.weight,0.204213485121727,25.95604705810547,0.0007041028584353626,0.008370229974389076,-0.6899155829101368
3,identity_mapping_cifar10,PreActResNet-56,0,20,stage3.2.conv2.weight,0.13465715944766998,17.943328857421875,0.00048674395657144487,0.00547742610797286,-0.8707705510798637
3,identity_mapping_cifar10,PreActResNet-56,0,21,stage3.3.conv2.weight,0.10833222419023514,14.760627746582031,0.00040040764724835753,0.004807977005839348,-0.9652423401724074
3,identity_mapping_cifar10,PreActResNet-56,0,22,stage3.4.conv2.weight,0.10307435691356659,13.871675491333008,0.0003762932901736349,0.003965404350310564,-0.9868493661004711
3,identity_mapping_cifar10,PreActResNet-56,0,23,stage3.5.conv2.weight,0.09927894175052643,13.59415054321289,0.00036876494414173067,0.003941013943403959,-1.0031428607792905
3,identity_mapping_cifar10,PreActResNet-56,0,24,stage3.6.conv2.weight,0.09695015102624893,13.556037902832031,0.00036773105966858566,0.0031752504874020815,-1.0134515100484038
3,identity_mapping_cifar10,PreActResNet-56,0,25,stage3.7.conv2.weight,0.10274001955986023,14.47884750366211,0.0003927638754248619,0.0032213798258453608,-0.988260355925553
3,identity_mapping_cifar10,PreActResNet-56,0,26,stage3.8.conv2.weight,0.12978754937648773,17.866458892822266,0.0004846587253268808,0.0047790491953492165,-0.8867669677514068
1,identity_mapping_cifar10,ScaledShortcutResNet-56-lambda0.5,0,0,stage1.0.conv2.weight,0.0929795503616333,2.0544562339782715,0.0008916910737752914,0.01992068625986576,-1.0316125583411375
1,identity_mapping_cifar10,ScaledShortcutResNet-56-lambda0.5,0,1,stage1.1.conv2.weight,0.09963636100292206,2.661980628967285,0.0011553735239431262,0.010370914824306965,-1.001582142484148
1,identity_mapping_cifar10,ScaledShortcutResNet-56-lambda0.5,0,2,stage1.2.conv2.weight,0.07126031070947647,1.5327973365783691,0.0006652766023762524,0.012285384349524975,-1.1471522883623366
1,identity_mapping_cifar10,ScaledShortcutResNet-56-lambda0.5,0,3,stage1.3.conv2.weight,0.07864853739738464,1.6176609992980957,0.0007021098281256855,0.012582147493958473,-1.104309349400733
1,identity_mapping_cifar10,ScaledShortcutResNet-56-lambda0.5,0,4,stage1.4.conv2.weight,0.06662231683731079,1.4244598150253296,0.0006182551151141524,0.007768121547996998,-1.1763802684836568
1,identity_mapping_cifar10,ScaledShortcutResNet-56-lambda0.5,0,5,stage1.5.conv2.weight,0.019747136160731316,0.4251385033130646,0.00018452192307449877,0.0036013228818774223,-1.7044958792446332
1,identity_mapping_cifar10,ScaledShortcutResNet-56-lambda0.5,0,6,stage1.6.conv2.weight,0.019879227504134178,0.33836066722869873,0.00014685792848467827,0.0029636253602802753,-1.7016004960340736
1,identity_mapping_cifar10,ScaledShortcutResNet-56-lambda0.5,0,7,stage1.7.conv2.weight,0.015909304842352867,0.3482227027416229,0.0001511383306933567,0.0018998642917722464,-1.7983487964245453
1,identity_mapping_cifar10,ScaledShortcutResNet-56-lambda0.5,0,8,stage1.8.conv2.weight,0.014532147906720638,0.33031028509140015,0.00014336383901536465,0.001777975121513009,-1.8376701905519592
1,identity_mapping_cifar10,ScaledShortcutResNet-56-lambda0.5,0,9,stage2.0.conv2.weight,0.02125493437051773,0.5851945877075195,6.349767500068992e-05,0.005279401317238808,-1.6725402316581244
1,identity_mapping_cifar10,ScaledShortcutResNet-56-lambda0.5,0,10,stage2.1.conv2.weight,0.016334936022758484,0.7007389068603516,7.60350376367569e-05,0.0021042865701019764,-1.786882562111903
1,identity_mapping_cifar10,ScaledShortcutResNet-56-lambda0.5,0,11,stage2.2.conv2.weight,0.016572220250964165,0.7938278913497925,8.613584213890135e-05,0.0010047274408861995,-1.780619303374165
1,identity_mapping_cifar10,ScaledShortcutResNet-56-lambda0.5,0,12,stage2.3.conv2.weight,0.03531205281615257,1.1981029510498047,0.00013000248873140663,0.005281072575598955,-1.4520770345964222
1,identity_mapping_cifar10,ScaledShortcutResNet-56-lambda0.5,0,13,stage2.4.conv2.weight,0.047733232378959656,1.5824518203735352,0.00017170701175928116,0.004995239898562431,-1.321179155257731
1,identity_mapping_cifar10,ScaledShortcutResNet-56-lambda0.5,0,14,stage2.5.conv2.weight,0.03363984078168869,1.2086091041564941,0.0001311424857703969,0.004650159738957882,-1.4731460683843325
1,identity_mapping_cifar10,ScaledShortcutResNet-56-lambda0.5,0,15,stage2.6.conv2.weight,0.08719497919082642,2.9990363121032715,0.0003254162729717791,0.01192406564950943,-1.0595085216277729
1,identity_mapping_cifar10,ScaledShortcutResNet-56-lambda0.5,0,16,stage2.7.conv2.weight,0.05117112025618553,1.968304991722107,0.00021357476362027228,0.005199986509978771,-1.290975075187578
1,identity_mapping_cifar10,ScaledShortcutResNet-56-lambda0.5,0,17,stage2.8.conv2.weight,0.052562400698661804,1.7194132804870605,0.00018656828615348786,0.005218726582825184,-1.279324807321835
1,identity_mapping_cifar10,ScaledShortcutResNet-56-lambda0.5,0,18,stage3.0.conv2.weight,0.07407848536968231,5.900386810302734,0.00016005823272280395,0.0062241447158157825,-1.1303079059411258
1,identity_mapping_cifar10,ScaledShortcutResNet-56-lambda0.5,0,19,stage3.1.conv2.weight,0.07384795695543289,7.076032638549805,0.0001919496717164293,0.003468238515779376,-1.1316615151769598
1,identity_mapping_cifar10,ScaledShortcutResNet-56-lambda0.5,0,20,stage3.2.conv2.weight,0.06742196530103683,6.365543365478516,0.00017267641669604927,0.0033045357558876276,-1.1711985922572004
1,identity_mapping_cifar10,ScaledShortcutResNet-56-lambda0.5,0,21,stage3.3.conv2.weight,0.0635036826133728,6.182743072509766,0.00016771764785517007,0.002285849070176482,-1.1972010889957896
1,identity_mapping_cifar10,ScaledShortcutResNet-56-lambda0.5,0,22,stage3.4.conv2.weight,0.08378423750400543,8.495243072509766,0.00023044821864459664,0.004117586184293032,-1.0768376783684301
1,identity_mapping_cifar10,ScaledShortcutResNet-56-lambda0.5,0,23,stage3.5.conv2.weight,0.0773242712020874,8.047438621520996,0.0002183007454732433,0.0036227377131581306,-1.1116841646189206
1,identity_mapping_cifar10,ScaledShortcutResNet-56-lambda0.5,0,24,stage3.6.conv2.weight,0.08141693472862244,8.260210037231445,0.00022407254436984658,0.004033583682030439,-1.0892852524241945
1,identity_mapping_cifar10,ScaledShortcutResNet-56-lambda0.5,0,25,stage3.7.conv2.weight,0.13237914443016052,11.344097137451172,0.00030772833270020783,0.008096028119325638,-0.8781804300919501
1,identity_mapping_cifar10,ScaledShortcutResNet-56-lambda0.5,0,26,stage3.8.conv2.weight,0.1306236982345581,11.409181594848633,0.00030949385836720467,0.007341341115534306,-0.8839780245979304
2,identity_mapping_cifar10,ScaledShortcutResNet-56-lambda0.5,0,0,stage1.0.conv2.weight,0.020384125411510468,0.5132787823677063,0.0002227772492915392,0.0035682078450918198,-1.6907079173572188
2,identity_mapping_cifar10,ScaledShortcutResNet-56-lambda0.5,0,1,stage1.1.conv2.weight,0.02184140868484974,0.6855649948120117,0.0002975542447529733,0.0023570572957396507,-1.6607193547602495
2,identity_mapping_cifar10,ScaledShortcutResNet-56-lambda0.5,0,2,stage1.2.conv2.weight,0.025734202936291695,0.5255523920059204,0.0002281043416587636,0.004668303765356541,-1.5894892785619243
2,identity_mapping_cifar10,ScaledShortcutResNet-56-lambda0.5,0,3,stage1.3.conv2.weight,0.03937815502285957,0.5997635722160339,0.00026031406014226377,0.006655523553490639,-1.4047446356262256
2,identity_mapping_cifar10,ScaledShortcutResNet-56-lambda0.5,0,4,stage1.4.conv2.weight,0.015682702884078026,0.32505130767822266,0.00014108129835221916,0.0018453615484759212,-1.8045790853433208
2,identity_mapping_cifar10,ScaledShortcutResNet-56-lambda0.5,0,5,stage1.5.conv2.weight,0.00982655305415392,0.23633146286010742,0.00010257442045258358,0.0015247355913743377,-2.0075987966796935
2,identity_mapping_cifar10,ScaledShortcutResNet-56-lambda0.5,0,6,stage1.6.conv2.weight,0.01177812460809946,0.20053069293498993,8.703589264769107e-05,0.0020041377283632755,-1.9289238552839663
2,identity_mapping_cifar10,ScaledShortcutResNet-56-lambda0.5,0,7,stage1.7.conv2.weight,0.0076259165070950985,0.17619551718235016,7.64737487770617e-05,0.0008382846717722714,-2.1177079538842833
2,identity_mapping_cifar10,ScaledShortcutResNet-56-lambda0.5,0,8,stage1.8.conv2.weight,0.00860122311860323,0.15450139343738556,6.705789564875886e-05,0.001437897328287363,-2.0654397863931875
2,identity_mapping_cifar10,ScaledShortcutResNet-56-lambda0.5,0,9,stage2.0.conv2.weight,0.013034426607191563,0.3805558681488037,4.129295484744944e-05,0.0013529739808291197,-1.8849080689356659
2,identity_mapping_cifar10,ScaledShortcutResNet-56-lambda0.5,0,10,stage2.1.conv2.weight,0.005377930123358965,0.23185068368911743,2.5157409254461527e-05,0.0005221491446718574,-2.269384844880004
2,identity_mapping_cifar10,ScaledShortcutResNet-56-lambda0.5,0,11,stage2.2.conv2.weight,0.005386367440223694,0.2441439926624298,2.6491319658816792e-05,0.0004449149128049612,-2.2687040236959892
2,identity_mapping_cifar10,ScaledShortcutResNet-56-lambda0.5,0,12,stage2.3.conv2.weight,0.00811175350099802,0.26598602533340454,2.8861331884399988e-05,0.0012809911277145147,-2.090885255045822
2,identity_mapping_cifar10,ScaledShortcutResNet-56-lambda0.5,0,13,stage2.4.conv2.weight,0.006498666945844889,0.21154490113258362,2.2954091036808677e-05,0.001012903405353427,-2.187175719819176
2,identity_mapping_cifar10,ScaledShortcutResNet-56-lambda0.5,0,14,stage2.5.conv2.weight,0.005776429083198309,0.21202965080738068,2.300668893440161e-05,0.0005415850318968296,-2.2383405540155903
2,identity_mapping_cifar10,ScaledShortcutResNet-56-lambda0.5,0,15,stage2.6.conv2.weight,0.007452125195413828,0.3435797393321991,3.72807880921755e-05,0.0007219543913379312,-2.127719857525802
2,identity_mapping_cifar10,ScaledShortcutResNet-56-lambda0.5,0,16,stage2.7.conv2.weight,0.005521162413060665,0.290843665599823,3.155855665681884e-05,0.00046030720113776624,-2.257969477186458
2,identity_mapping_cifar10,ScaledShortcutResNet-56-lambda0.5,0,17,stage2.8.conv2.weight,0.019044887274503708,0.5517615079879761,5.986995529383421e-05,0.0022532190196216106,-1.7202215935344918
2,identity_mapping_cifar10,ScaledShortcutResNet-56-lambda0.5,0,18,stage3.0.conv2.weight,0.01759870909154415,1.4724206924438477,3.994196958956309e-05,0.0009055298287421465,-1.7545191875577901
2,identity_mapping_cifar10,ScaledShortcutResNet-56-lambda0.5,0,19,stage3.1.conv2.weight,0.021149693056941032,2.1523444652557373,5.838608194608241e-05,0.001048156525939703,-1.6746959310884553
2,identity_mapping_cifar10,ScaledShortcutResNet-56-lambda0.5,0,20,stage3.2.conv2.weight,0.027804292738437653,2.608391523361206,7.075715257087722e-05,0.001674114027991891,-1.5558881476385495
2,identity_mapping_cifar10,ScaledShortcutResNet-56-lambda0.5,0,21,stage3.3.conv2.weight,0.02692716009914875,2.737013816833496,7.424625073326752e-05,0.0017695158021524549,-1.5698094474748863
2,identity_mapping_cifar10,ScaledShortcutResNet-56-lambda0.5,0,22,stage3.4.conv2.weight,0.05022900551557541,4.581969261169434,0.0001242938742507249,0.0030877599492669106,-1.2990454203461086
2,identity_mapping_cifar10,ScaledShortcutResNet-56-lambda0.5,0,23,stage3.5.conv2.weight,0.059749625623226166,5.803630828857422,0.00015743356198072433,0.002471338491886854,-1.2236648115487303
2,identity_mapping_cifar10,ScaledShortcutResNet-56-lambda0.5,0,24,stage3.6.conv2.weight,0.05209529027342796,5.290524005889893,0.00014351465506479144,0.003232656978070736,-1.2832015377423753
2,identity_mapping_cifar10,ScaledShortcutResNet-56-lambda0.5,0,25,stage3.7.conv2.weight,0.08369966596364975,7.101880073547363,0.0001926508266478777,0.005875508300960064,-1.0772762752205853
2,identity_mapping_cifar10,ScaledShortcutResNet-56-lambda0.5,0,26,stage3.8.conv2.weight,0.09090898931026459,7.9592132568359375,0.00021590747928712517,0.005419838707894087,-1.041393170515625
3,identity_mapping_cifar10,ScaledShortcutResNet-56-lambda0.5,0,0,stage1.0.conv2.weight,0.2487361580133438,6.614622116088867,0.0028709296602755785,0.033059168606996536,-0.6042610780807443
3,identity_mapping_cifar10,ScaledShortcutResNet-56-lambda0.5,0,1,stage1.1.conv2.weight,0.34152868390083313,9.758522033691406,0.004235469736158848,0.0442071408033371,-0.4665728154461435
3,identity_mapping_cifar10,ScaledShortcutResNet-56-lambda0.5,0,2,stage1.2.conv2.weight,0.23941896855831146,6.068475723266602,0.0026338871102780104,0.0505531020462513,-0.6208414445131737
3,identity_mapping_cifar10,ScaledShortcutResNet-56-lambda0.5,0,3,stage1.3.conv2.weight,0.20386165380477905,4.461792469024658,0.0019365418702363968,0.04218865558505058,-0.6906644569423699
3,identity_mapping_cifar10,ScaledShortcutResNet-56-lambda0.5,0,4,stage1.4.conv2.weight,0.16163356602191925,3.602252960205078,0.0015634779119864106,0.02621518447995186,-0.7914684453882352
3,identity_mapping_cifar10,ScaledShortcutResNet-56-lambda0.5,0,5,stage1.5.conv2.weight,0.057678550481796265,1.2255561351776123,0.0005319254123605788,0.011549748480319977,-1.238985662387676
3,identity_mapping_cifar10,ScaledShortcutResNet-56-lambda0.5,0,6,stage1.6.conv2.weight,0.02891596034169197,0.7899175882339478,0.000342846178682521,0.0050173657946288586,-1.5388623795455503
3,identity_mapping_cifar10,ScaledShortcutResNet-56-lambda0.5,0,7,stage1.7.conv2.weight,0.030424145981669426,0.8498402833938599,0.00036885429290123284,0.004255695268511772,-1.5167816037378201
3,identity_mapping_cifar10,ScaledShortcutResNet-56-lambda0.5,0,8,stage1.8.conv2.weight,0.04125194624066353,0.9815924167633057,0.0004260383720975369,0.007071151398122311,-1.3845555568819203
3,identity_mapping_cifar10,ScaledShortcutResNet-56-lambda0.5,0,9,stage2.0.conv2.weight,0.08161157369613647,2.6744539737701416,0.0002901968255173415,0.014294693246483803,-1.088248247663084
3,identity_mapping_cifar10,ScaledShortcutResNet-56-lambda0.5,0,10,stage2.1.conv2.weight,0.09102454036474228,3.671074151992798,0.0003983370552305132,0.009642357006669044,-1.0408415053863374
3,identity_mapping_cifar10,ScaledShortcutResNet-56-lambda0.5,0,11,stage2.2.conv2.weight,0.05679353326559067,2.9135775566101074,0.0003161434142384678,0.006476433947682381,-1.2457011119389994
3,identity_mapping_cifar10,ScaledShortcutResNet-56-lambda0.5,0,12,stage2.3.conv2.weight,0.1065140888094902,4.803104400634766,0.0005211702082306147,0.013527587056159973,-0.9725929435119159
3,identity_mapping_cifar10,ScaledShortcutResNet-56-lambda0.5,0,13,stage2.4.conv2.weight,0.11891776323318481,4.9958319664001465,0.0005420824745669961,0.01420693937689066,-0.9247532681871354
3,identity_mapping_cifar10,ScaledShortcutResNet-56-lambda0.5,0,14,stage2.5.conv2.weight,0.07471545040607452,3.2395169734954834,0.00035151009797118604,0.007738992106169462,-1.1265895811470557
3,identity_mapping_cifar10,ScaledShortcutResNet-56-lambda0.5,0,15,stage2.6.conv2.weight,0.14719699323177338,6.599150657653809,0.0007160537061281502,0.015051715075969696,-0.8321010611653114
3,identity_mapping_cifar10,ScaledShortcutResNet-56-lambda0.5,0,16,stage2.7.conv2.weight,0.07437916845083237,3.6759490966796875,0.00039886601734906435,0.006174733862280846,-1.1285486812983605
3,identity_mapping_cifar10,ScaledShortcutResNet-56-lambda0.5,0,17,stage2.8.conv2.weight,0.19772516191005707,7.805922031402588,0.0008469967287965119,0.025784581899642944,-0.703938060156308
3,identity_mapping_cifar10,ScaledShortcutResNet-56-lambda0.5,0,18,stage3.0.conv2.weight,0.11451873183250427,11.61205005645752,0.00031499701435677707,0.006866742856800556,-0.9411234699480353
3,identity_mapping_cifar10,ScaledShortcutResNet-56-lambda0.5,0,19,stage3.1.conv2.weight,0.11993478983640671,13.07086181640625,0.0003545698127709329,0.006575808394700289,-0.9210548215480313
3,identity_mapping_cifar10,ScaledShortcutResNet-56-lambda0.5,0,20,stage3.2.conv2.weight,0.11557640880346298,12.072587966918945,0.0003274899208918214,0.007875867187976837,-0.9371308040782831
3,identity_mapping_cifar10,ScaledShortcutResNet-56-lambda0.5,0,21,stage3.3.conv2.weight,0.10690995305776596,12.514019966125488,0.0003394645173102617,0.005655908957123756,-0.9709818611402959
3,identity_mapping_cifar10,ScaledShortcutResNet-56-lambda0.5,0,22,stage3.4.conv2.weight,0.13781873881816864,15.263595581054688,0.0004140515229664743,0.007676709443330765,-0.8606917286368422
3,identity_mapping_cifar10,ScaledShortcutResNet-56-lambda0.5,0,23,stage3.5.conv2.weight,0.1758459359407425,15.987090110778809,0.00043367757461965084,0.01803247071802616,-0.7548676644153983
3,identity_mapping_cifar10,ScaledShortcutResNet-56-lambda0.5,0,24,stage3.6.conv2.weight,0.17021125555038452,15.63106918334961,0.0004240199050400406,0.009671151638031006,-0.7690117247318549
3,identity_mapping_cifar10,ScaledShortcutResNet-56-lambda0.5,0,25,stage3.7.conv2.weight,0.19040241837501526,16.597923278808594,0.0004502474912442267,0.01249722484499216,-0.7203275397714577
3,identity_mapping_cifar10,ScaledShortcutResNet-56-lambda0.5,0,26,stage3.8.conv2.weight,0.14812222123146057,13.260765075683594,0.00035972127807326615,0.00694590387865901,-0.8293797839182502
1,identity_mapping_cifar10,ScaledShortcutResNet-56-lambda0.9,0,0,stage1.0.conv2.weight,0.2897052466869354,6.778643608093262,0.002942119725048542,0.05235222354531288,-0.538043639463186
1,identity_mapping_cifar10,ScaledShortcutResNet-56-lambda0.9,0,1,stage1.1.conv2.weight,0.13039055466651917,3.964249849319458,0.001720594591461122,0.015384702011942863,-0.8847538672263879
1,identity_mapping_cifar10,ScaledShortcutResNet-56-lambda0.9,0,2,stage1.2.conv2.weight,0.22263570129871368,6.6897196769714355,0.002903524087741971,0.019901158288121223,-0.6524051920487748
1,identity_mapping_cifar10,ScaledShortcutResNet-56-lambda0.9,0,3,stage1.3.conv2.weight,0.15899819135665894,5.185227870941162,0.002250532852485776,0.0160854309797287,-0.7986078158547433
1,identity_mapping_cifar10,ScaledShortcutResNet-56-lambda0.9,0,4,stage1.4.conv2.weight,0.21661274135112762,6.876750946044922,0.00298470095731318,0.02430642396211624,-0.664316001375633
1,identity_mapping_cifar10,ScaledShortcutResNet-56-lambda0.9,0,5,stage1.5.conv2.weight,0.17299948632717133,5.0058135986328125,0.002172662178054452,0.024669989943504333,-0.7619551863808687
1,identity_mapping_cifar10,ScaledShortcutResNet-56-lambda0.9,0,6,stage1.6.conv2.weight,0.15780256688594818,4.576216220855713,0.001986204879358411,0.025300826877355576,-0.8018859366413613
1,identity_mapping_cifar10,ScaledShortcutResNet-56-lambda0.9,0,7,stage1.7.conv2.weight,0.11955612152814865,3.8735837936401367,0.001681242953054607,0.012978184968233109,-0.9224281821724868
1,identity_mapping_cifar10,ScaledShortcutResNet-56-lambda0.9,0,8,stage1.8.conv2.weight,0.08459994941949844,2.786746025085449,0.0012095251586288214,0.010705266147851944,-1.0726298966111536
1,identity_mapping_cifar10,ScaledShortcutResNet-56-lambda0.9,0,9,stage2.0.conv2.weight,0.19101350009441376,11.189902305603027,0.0012141821207478642,0.014030970633029938,-0.718935937413263
1,identity_mapping_cifar10,ScaledShortcutResNet-56-lambda0.9,0,10,stage2.1.conv2.weight,0.13894528150558472,9.416604995727539,0.001021767035126686,0.00982692465186119,-0.8571561970006631
1,identity_mapping_cifar10,ScaledShortcutResNet-56-lambda0.9,0,11,stage2.2.conv2.weight,0.10127293318510056,6.64703893661499,0.0007212499040178955,0.00871517788618803,-0.994506611289582
1,identity_mapping_cifar10,ScaledShortcutResNet-56-lambda0.9,0,12,stage2.3.conv2.weight,0.1099073514342308,7.294351577758789,0.0007914878078736365,0.006916994694620371,-0.9589732577041085
1,identity_mapping_cifar10,ScaledShortcutResNet-56-lambda0.9,0,13,stage2.4.conv2.weight,0.1225193440914154,7.82615852355957,0.0008491925545968115,0.008265383541584015,-0.9117953368557287
1,identity_mapping_cifar10,ScaledShortcutResNet-56-lambda0.9,0,14,stage2.5.conv2.weight,0.08761253952980042,5.6282758712768555,0.0006107070366851985,0.005630632862448692,-1.057433731054573
1,identity_mapping_cifar10,ScaledShortcutResNet-56-lambda0.9,0,15,stage2.6.conv2.weight,0.10136314481496811,6.954005241394043,0.0007545578409917653,0.00613293144851923,-0.9941199238247476
1,identity_mapping_cifar10,ScaledShortcutResNet-56-lambda0.9,0,16,stage2.7.conv2.weight,0.10295244306325912,7.153217792510986,0.0007761738379485905,0.005989347584545612,-0.9873633431038645
1,identity_mapping_cifar10,ScaledShortcutResNet-56-lambda0.9,0,17,stage2.8.conv2.weight,0.14660577476024628,9.966827392578125,0.0010814700508490205,0.008151914924383163,-0.8338489226174745
1,identity_mapping_cifar10,ScaledShortcutResNet-56-lambda0.9,0,18,stage3.0.conv2.weight,0.19950014352798462,26.163482666015625,0.0007097299094311893,0.008088281378149986,-0.7000567875269894
1,identity_mapping_cifar10,ScaledShortcutResNet-56-lambda0.9,0,19,stage3.1.conv2.weight,0.24559639394283295,32.998321533203125,0.000895136792678386,0.008461406454443932,-0.6097780141668311
1,identity_mapping_cifar10,ScaledShortcutResNet-56-lambda0.9,0,20,stage3.2.conv2.weight,0.21538227796554565,28.384510040283203,0.0007699791458435357,0.010475428774952888,-0.6667900340834076
1,identity_mapping_cifar10,ScaledShortcutResNet-56-lambda0.9,0,21,stage3.3.conv2.weight,0.23676280677318573,31.137149810791016,0.0008446492720395327,0.0100691057741642,-0.6256865201982601
1,identity_mapping_cifar10,ScaledShortcutResNet-56-lambda0.9,0,22,stage3.4.conv2.weight,0.2773526906967163,33.039817810058594,0.0008962624124251306,0.015102028846740723,-0.5569676165185067
1,identity_mapping_cifar10,ScaledShortcutResNet-56-lambda0.9,0,23,stage3.5.conv2.weight,0.21657218039035797,26.999406814575195,0.0007324058096855879,0.008607167750597,-0.6643973310831561
1,identity_mapping_cifar10,ScaledShortcutResNet-56-lambda0.9,0,24,stage3.6.conv2.weight,0.2625610828399658,32.83570098876953,0.000890725408680737,0.010722028091549873,-0.580769645192237
1,identity_mapping_cifar10,ScaledShortcutResNet-56-lambda0.9,0,25,stage3.7.conv2.weight,0.33809733390808105,42.523468017578125,0.0011535228695720434,0.013509104028344154,-0.4709582538811981
1,identity_mapping_cifar10,ScaledShortcutResNet-56-lambda0.9,0,26,stage3.8.conv2.weight,0.19330313801765442,25.048873901367188,0.0006794941728003323,0.00661372160539031,-0.7137610957224876
2,identity_mapping_cifar10,ScaledShortcutResNet-56-lambda0.9,0,0,stage1.0.conv2.weight,0.09878489375114441,3.0326881408691406,0.0013162709074094892,0.01604493334889412,-1.0053094629192834
2,identity_mapping_cifar10,ScaledShortcutResNet-56-lambda0.9,0,1,stage1.1.conv2.weight,0.12730029225349426,3.3826487064361572,0.0014681635657325387,0.012892527505755424,-0.8951705992971029
2,identity_mapping_cifar10,ScaledShortcutResNet-56-lambda0.9,0,2,stage1.2.conv2.weight,0.12477854639291763,2.940176010131836,0.001276118098758161,0.02310497686266899,-0.9038600779842061
2,identity_mapping_cifar10,ScaledShortcutResNet-56-lambda0.9,0,3,stage1.3.conv2.weight,0.06675317883491516,1.9402697086334229,0.0008421309757977724,0.01010887697339058,-1.1755280480454113
2,identity_mapping_cifar10,ScaledShortcutResNet-56-lambda0.9,0,4,stage1.4.conv2.weight,0.1326451450586319,3.626007318496704,0.0015737878857180476,0.012899796478450298,-0.8773086409880784
2,identity_mapping_cifar10,ScaledShortcutResNet-56-lambda0.9,0,5,stage1.5.conv2.weight,0.08599719405174255,2.6138999462127686,0.0011345051461830735,0.010308720171451569,-1.0655157188412088
2,identity_mapping_cifar10,ScaledShortcutResNet-56-lambda0.9,0,6,stage1.6.conv2.weight,0.080838643014431,2.4874534606933594,0.001079623936675489,0.009805337525904179,-1.09238098530835
2,identity_mapping_cifar10,ScaledShortcutResNet-56-lambda0.9,0,7,stage1.7.conv2.weight,0.050803568214178085,1.6349867582321167,0.0007096296758390963,0.005320626311004162,-1.294105783744814
2,identity_mapping_cifar10,ScaledShortcutResNet-56-lambda0.9,0,8,stage1.8.conv2.weight,0.0737808346748352,2.3349785804748535,0.001013445551507175,0.008271729573607445,-1.132056435947668
2,identity_mapping_cifar10,ScaledShortcutResNet-56-lambda0.9,0,9,stage2.0.conv2.weight,0.15510424971580505,8.015874862670898,0.0008697781013324857,0.016804371029138565,-0.8093763027455596
2,identity_mapping_cifar10,ScaledShortcutResNet-56-lambda0.9,0,10,stage2.1.conv2.weight,0.15524566173553467,9.821234703063965,0.00106567214243114,0.0102186668664217,-0.8089805271269614
2,identity_mapping_cifar10,ScaledShortcutResNet-56-lambda0.9,0,11,stage2.2.conv2.weight,0.1761520951986313,10.601068496704102,0.0011502895504236221,0.011546257883310318,-0.754112186838533
2,identity_mapping_cifar10,ScaledShortcutResNet-56-lambda0.9,0,12,stage2.3.conv2.weight,0.1854126900434494,9.822282791137695,0.0010657858802005649,0.01640947163105011,-0.7318605451231538
2,identity_mapping_cifar10,ScaledShortcutResNet-56-lambda0.9,0,13,stage2.4.conv2.weight,0.16883181035518646,9.337719917297363,0.0010132074821740389,0.0165640227496624,-0.7725457226357275
2,identity_mapping_cifar10,ScaledShortcutResNet-56-lambda0.9,0,14,stage2.5.conv2.weight,0.21759288012981415,10.905266761779785,0.0011832971358671784,0.020026274025440216,-0.6623553193161713
2,identity_mapping_cifar10,ScaledShortcutResNet-56-lambda0.9,0,15,stage2.6.conv2.weight,0.1254885196685791,7.494980335235596,0.0008132574148476124,0.00851781852543354,-0.9013960038419909
2,identity_mapping_cifar10,ScaledShortcutResNet-56-lambda0.9,0,16,stage2.7.conv2.weight,0.1272563487291336,7.745817184448242,0.0008404749678447843,0.009560881182551384,-0.8953205418031084
2,identity_mapping_cifar10,ScaledShortcutResNet-56-lambda0.9,0,17,stage2.8.conv2.weight,0.16188973188400269,10.363564491271973,0.0011245186906307936,0.00971430167555809,-0.790780696194753
2,identity_mapping_cifar10,ScaledShortcutResNet-56-lambda0.9,0,18,stage3.0.conv2.weight,0.18808607757091522,21.904640197753906,0.0005942013813182712,0.009902643971145153,-0.7256433504223466
2,identity_mapping_cifar10,ScaledShortcutResNet-56-lambda0.9,0,19,stage3.1.conv2.weight,0.22873958945274353,28.193950653076172,0.0007648098398931324,0.012734757736325264,-0.6406586627071015
2,identity_mapping_cifar10,ScaledShortcutResNet-56-lambda0.9,0,20,stage3.2.conv2.weight,0.17352187633514404,21.676673889160156,0.0005880173994228244,0.008242366835474968,-0.7606457648318774
2,identity_mapping_cifar10,ScaledShortcutResNet-56-lambda0.9,0,21,stage3.3.conv2.weight,0.18119090795516968,20.849544525146484,0.0005655800923705101,0.009713259525597095,-0.7418635987316825
2,identity_mapping_cifar10,ScaledShortcutResNet-56-lambda0.9,0,22,stage3.4.conv2.weight,0.1537943035364151,17.855422973632812,0.00048435936332680285,0.010085414163768291,-0.813059750282853
2,identity_mapping_cifar10,ScaledShortcutResNet-56-lambda0.9,0,23,stage3.5.conv2.weight,0.15342703461647034,19.01169204711914,0.0005157251725904644,0.005647458601742983,-0.8140981087656782
2,identity_mapping_cifar10,ScaledShortcutResNet-56-lambda0.9,0,24,stage3.6.conv2.weight,0.18676678836345673,21.990476608276367,0.0005965298623777926,0.007020330522209406,-0.7287003492644367
2,identity_mapping_cifar10,ScaledShortcutResNet-56-lambda0.9,0,25,stage3.7.conv2.weight,0.18994180858135223,24.825328826904297,0.0006734301568940282,0.00790324155241251,-0.7213794310599967
2,identity_mapping_cifar10,ScaledShortcutResNet-56-lambda0.9,0,26,stage3.8.conv2.weight,0.16804346442222595,21.473369598388672,0.000582502456381917,0.007102335337549448,-0.774578373525497
3,identity_mapping_cifar10,ScaledShortcutResNet-56-lambda0.9,0,0,stage1.0.conv2.weight,0.06339440494775772,1.7448883056640625,0.0007573299808427691,0.01117760594934225,-1.1979490703060616
3,identity_mapping_cifar10,ScaledShortcutResNet-56-lambda0.9,0,1,stage1.1.conv2.weight,0.03788062557578087,1.024161696434021,0.0004445146187208593,0.007871744222939014,-1.4215828574855391
3,identity_mapping_cifar10,ScaledShortcutResNet-56-lambda0.9,0,2,stage1.2.conv2.weight,0.05181805416941643,1.5715782642364502,0.0006821086280979216,0.008141012862324715,-1.2855188993184925
3,identity_mapping_cifar10,ScaledShortcutResNet-56-lambda0.9,0,3,stage1.3.conv2.weight,0.03390101343393326,1.1884316205978394,0.0005158123676665127,0.004176901653409004,-1.469787318828758
3,identity_mapping_cifar10,ScaledShortcutResNet-56-lambda0.9,0,4,stage1.4.conv2.weight,0.05854830518364906,1.9110901355743408,0.0008294662111438811,0.006417679600417614,-1.232485672062292
3,identity_mapping_cifar10,ScaledShortcutResNet-56-lambda0.9,0,5,stage1.5.conv2.weight,0.062060363590717316,1.8554396629333496,0.0008053123601712286,0.00580449216067791,-1.2071856843526598
3,identity_mapping_cifar10,ScaledShortcutResNet-56-lambda0.9,0,6,stage1.6.conv2.weight,0.05422491952776909,1.6632037162780762,0.0007218766259029508,0.009189064614474773,-1.265801083817918
3,identity_mapping_cifar10,ScaledShortcutResNet-56-lambda0.9,0,7,stage1.7.conv2.weight,0.043190646916627884,1.4436254501342773,0.0006265735719352961,0.004098225850611925,-1.3646102909594024
3,identity_mapping_cifar10,ScaledShortcutResNet-56-lambda0.9,0,8,stage1.8.conv2.weight,0.04785753786563873,1.6257532835006714,0.0007056220783852041,0.005242987535893917,-1.3200496483560544
3,identity_mapping_cifar10,ScaledShortcutResNet-56-lambda0.9,0,9,stage2.0.conv2.weight,0.07005348801612854,4.405304908752441,0.0004780061717610806,0.004381695296615362,-1.154570235983076
3,identity_mapping_cifar10,ScaledShortcutResNet-56-lambda0.9,0,10,stage2.1.conv2.weight,0.10158474743366241,6.492850303649902,0.0007045193342491984,0.0077194408513605595,-0.9931714948299365
3,identity_mapping_cifar10,ScaledShortcutResNet-56-lambda0.9,0,11,stage2.2.conv2.weight,0.12678590416908264,7.599316596984863,0.000824578630272299,0.009280398488044739,-0.8969290278536588
3,identity_mapping_cifar10,ScaledShortcutResNet-56-lambda0.9,0,12,stage2.3.conv2.weight,0.10711293667554855,6.496849060058594,0.0007049532723613083,0.007806091103702784,-0.9701580736317682
3,identity_mapping_cifar10,ScaledShortcutResNet-56-lambda0.9,0,13,stage2.4.conv2.weight,0.10480023920536041,6.374340534210205,0.000691660214215517,0.006683133542537689,-0.979637726074775
3,identity_mapping_cifar10,ScaledShortcutResNet-56-lambda0.9,0,14,stage2.5.conv2.weight,0.10920092463493347,6.591064929962158,0.0007151763420552015,0.008977890945971012,-0.9617736843182451
3,identity_mapping_cifar10,ScaledShortcutResNet-56-lambda0.9,0,15,stage2.6.conv2.weight,0.08809185028076172,5.592857837677002,0.0006068639340810478,0.005843476392328739,-1.0550642679940323
3,identity_mapping_cifar10,ScaledShortcutResNet-56-lambda0.9,0,16,stage2.7.conv2.weight,0.08729583770036697,5.646727561950684,0.0006127091473899782,0.007617374882102013,-1.0590064631263054
3,identity_mapping_cifar10,ScaledShortcutResNet-56-lambda0.9,0,17,stage2.8.conv2.weight,0.0962262824177742,6.535600185394287,0.0007091580191627145,0.006218203343451023,-1.0167062923021077
3,identity_mapping_cifar10,ScaledShortcutResNet-56-lambda0.9,0,18,stage3.0.conv2.weight,0.19010955095291138,21.608858108520508,0.0005861778045073152,0.01120251789689064,-0.720996063974196
3,identity_mapping_cifar10,ScaledShortcutResNet-56-lambda0.9,0,19,stage3.1.conv2.weight,0.15622170269489288,20.181629180908203,0.0005474617355503142,0.006557030603289604,-0.8062586330301561
3,identity_mapping_cifar10,ScaledShortcutResNet-56-lambda0.9,0,20,stage3.2.conv2.weight,0.11367339640855789,15.249540328979492,0.0004136702627874911,0.004200362134724855,-0.9443411636712816
3,identity_mapping_cifar10,ScaledShortcutResNet-56-lambda0.9,0,21,stage3.3.conv2.weight,0.12282795459032059,15.59695816040039,0.0004230945778544992,0.005868053995072842,-0.9107027802379309
3,identity_mapping_cifar10,ScaledShortcutResNet-56-lambda0.9,0,22,stage3.4.conv2.weight,0.09936308860778809,12.033807754516602,0.0003264379338361323,0.005098039284348488,-1.0027749173194107
3,identity_mapping_cifar10,ScaledShortcutResNet-56-lambda0.9,0,23,stage3.5.conv2.weight,0.11902501434087753,12.7944974899292,0.0003470729570835829,0.0066701252944767475,-0.9243617575232866
3,identity_mapping_cifar10,ScaledShortcutResNet-56-lambda0.9,0,24,stage3.6.conv2.weight,0.123781718313694,13.564217567443848,0.0003679529472719878,0.006788111291825771,-0.9073434928064777
3,identity_mapping_cifar10,ScaledShortcutResNet-56-lambda0.9,0,25,stage3.7.conv2.weight,0.1614360511302948,18.822940826416016,0.0005106049356982112,0.0103572066873312,-0.7919994742046815
3,identity_mapping_cifar10,ScaledShortcutResNet-56-lambda0.9,0,26,stage3.8.conv2.weight,0.18971703946590424,19.969154357910156,0.0005416980129666626,0.010038206353783607,-0.7218936611296903
1,identity_mapping_cifar10,ScaledShortcutResNet-56-lambda1.0,0,0,stage1.0.conv2.weight,0.2421296387910843,8.146696090698242,0.0035358923487365246,0.032601043581962585,-0.6159520458494704
1,identity_mapping_cifar10,ScaledShortcutResNet-56-lambda1.0,0,1,stage1.1.conv2.weight,0.25187796354293823,7.889792442321777,0.0034243890549987555,0.02266525849699974,-0.598809826665852
1,identity_mapping_cifar10,ScaledShortcutResNet-56-lambda1.0,0,2,stage1.2.conv2.weight,0.18114058673381805,5.915699005126953,0.0025675776414573193,0.019498394802212715,-0.7419842298621052
1,identity_mapping_cifar10,ScaledShortcutResNet-56-lambda1.0,0,3,stage1.3.conv2.weight,0.21325989067554474,6.013641834259033,0.002610087627544999,0.026987357065081596,-0.6710908177612109
1,identity_mapping_cifar10,ScaledShortcutResNet-56-lambda1.0,0,4,stage1.4.conv2.weight,0.1317431926727295,4.146920680999756,0.0017998787807300687,0.01484308298677206,-0.8802718160441779
1,identity_mapping_cifar10,ScaledShortcutResNet-56-lambda1.0,0,5,stage1.5.conv2.weight,0.17844556272029877,4.585530757904053,0.0019902477506548166,0.028609778732061386,-0.748494246865587
1,identity_mapping_cifar10,ScaledShortcutResNet-56-lambda1.0,0,6,stage1.6.conv2.weight,0.16932538151741028,5.309737205505371,0.00230457354336977,0.015374023467302322,-0.7712779371823797
1,identity_mapping_cifar10,ScaledShortcutResNet-56-lambda1.0,0,7,stage1.7.conv2.weight,0.23309701681137085,6.223455905914307,0.002701152814552188,0.029739046469330788,-0.6324632845670091
1,identity_mapping_cifar10,ScaledShortcutResNet-56-lambda1.0,0,8,stage1.8.conv2.weight,0.16707448661327362,4.236974716186523,0.0018389647593721747,0.021302465349435806,-0.7770898647003374
1,identity_mapping_cifar10,ScaledShortcutResNet-56-lambda1.0,0,9,stage2.0.conv2.weight,0.1504950076341629,9.503776550292969,0.0010312257800251245,0.015047183260321617,-0.8224779066645703
1,identity_mapping_cifar10,ScaledShortcutResNet-56-lambda1.0,0,10,stage2.1.conv2.weight,0.31908923387527466,12.85418701171875,0.001394768594764173,0.0472528375685215,-0.49608784872721484
1,identity_mapping_cifar10,ScaledShortcutResNet-56-lambda1.0,0,11,stage2.2.conv2.weight,0.18056456744670868,9.524904251098633,0.0010335182305425406,0.018111540004611015,-0.7433674681513407
1,identity_mapping_cifar10,ScaledShortcutResNet-56-lambda1.0,0,12,stage2.3.conv2.weight,0.1244397908449173,7.65291690826416,0.0008303946233354509,0.014732921496033669,-0.905040727509817
1,identity_mapping_cifar10,ScaledShortcutResNet-56-lambda1.0,0,13,stage2.4.conv2.weight,0.173163503408432,10.436382293701172,0.0011324199149385095,0.014486519619822502,-0.761543636210737
1,identity_mapping_cifar10,ScaledShortcutResNet-56-lambda1.0,0,14,stage2.5.conv2.weight,0.1283928006887436,8.535463333129883,0.0009261570521630347,0.007597462274134159,-0.8914593275784973
1,identity_mapping_cifar10,ScaledShortcutResNet-56-lambda1.0,0,15,stage2.6.conv2.weight,0.1442650556564331,8.361709594726562,0.0009073035907931626,0.011355727910995483,-0.8408388523646355
1,identity_mapping_cifar10,ScaledShortcutResNet-56-lambda1.0,0,16,stage2.7.conv2.weight,0.11822584271430969,6.404036998748779,0.0006948824739083648,0.01358744502067566,-0.9272875816449156
1,identity_mapping_cifar10,ScaledShortcutResNet-56-lambda1.0,0,17,stage2.8.conv2.weight,0.14850224554538727,8.497800827026367,0.000922070408705622,0.010898157022893429,-0.8282669792017758
1,identity_mapping_cifar10,ScaledShortcutResNet-56-lambda1.0,0,18,stage3.0.conv2.weight,0.38151273131370544,38.53017044067383,0.0010451978305354714,0.018896257504820824,-0.4184909647930653
1,identity_mapping_cifar10,ScaledShortcutResNet-56-lambda1.0,0,19,stage3.1.conv2.weight,0.38062354922294617,44.401466369628906,0.001204466912895441,0.02210794948041439,-0.41950434536685355
1,identity_mapping_cifar10,ScaledShortcutResNet-56-lambda1.0,0,20,stage3.2.conv2.weight,0.24335449934005737,30.80322265625,0.000835590879432857,0.012461710721254349,-0.613760619747455
1,identity_mapping_cifar10,ScaledShortcutResNet-56-lambda1.0,0,21,stage3.3.conv2.weight,0.3296203017234802,39.28005599975586,0.0010655397782102227,0.015582188963890076,-0.48198604741367623
1,identity_mapping_cifar10,ScaledShortcutResNet-56-lambda1.0,0,22,stage3.4.conv2.weight,0.3123774528503418,34.7085075378418,0.0009415285312570632,0.013794369995594025,-0.5053203206834357
1,identity_mapping_cifar10,ScaledShortcutResNet-56-lambda1.0,0,23,stage3.5.conv2.weight,0.31566864252090454,35.694541931152344,0.0009682764066383243,0.015166964381933212,-0.5007685573414958
1,identity_mapping_cifar10,ScaledShortcutResNet-56-lambda1.0,0,24,stage3.6.conv2.weight,0.3462565541267395,37.55105209350586,0.0010186374420300126,0.019878240302205086,-0.46060199729335355
1,identity_mapping_cifar10,ScaledShortcutResNet-56-lambda1.0,0,25,stage3.7.conv2.weight,0.39066511392593384,44.48274612426758,0.0012066717026755214,0.01790991798043251,-0.4081953691834215
1,identity_mapping_cifar10,ScaledShortcutResNet-56-lambda1.0,0,26,stage3.8.conv2.weight,0.3939078152179718,46.784088134765625,0.0012690996518358588,0.020130295306444168,-0.4046054026059276
2,identity_mapping_cifar10,ScaledShortcutResNet-56-lambda1.0,0,0,stage1.0.conv2.weight,0.5209506154060364,12.596205711364746,0.005467103328555822,0.09615268558263779,-0.2832034445944507
2,identity_mapping_cifar10,ScaledShortcutResNet-56-lambda1.0,0,1,stage1.1.conv2.weight,0.30913591384887695,9.96776294708252,0.004326286260038614,0.05021495372056961,-0.5098505378652323
2,identity_mapping_cifar10,ScaledShortcutResNet-56-lambda1.0,0,2,stage1.2.conv2.weight,0.265221506357193,8.348907470703125,0.0036236578598618507,0.031733058393001556,-0.5763912626428574
2,identity_mapping_cifar10,ScaledShortcutResNet-56-lambda1.0,0,3,stage1.3.conv2.weight,0.1799493283033371,4.7883148193359375,0.0020782616920769215,0.03162723779678345,-0.7448497700961734
2,identity_mapping_cifar10,ScaledShortcutResNet-56-lambda1.0,0,4,stage1.4.conv2.weight,0.20893114805221558,5.374145984649658,0.0023325285874307156,0.029786491766572,-0.6799968093292671
2,identity_mapping_cifar10,ScaledShortcutResNet-56-lambda1.0,0,5,stage1.5.conv2.weight,0.1272672563791275,3.756195068359375,0.001630292972549796,0.01590769551694393,-0.8952833182834766
2,identity_mapping_cifar10,ScaledShortcutResNet-56-lambda1.0,0,6,stage1.6.conv2.weight,0.10281983762979507,3.1647958755493164,0.0013736092951148748,0.010124897584319115,-0.9879230862898895
2,identity_mapping_cifar10,ScaledShortcutResNet-56-lambda1.0,0,7,stage1.7.conv2.weight,0.0762515664100647,2.619006633758545,0.0011367216939106584,0.007011883892118931,-1.1177512303196118
2,identity_mapping_cifar10,ScaledShortcutResNet-56-lambda1.0,0,8,stage1.8.conv2.weight,0.07383979856967926,2.309936046600342,0.0010025764349848032,0.008607779629528522,-1.1317094967026455
2,identity_mapping_cifar10,ScaledShortcutResNet-56-lambda1.0,0,9,stage2.0.conv2.weight,0.16996854543685913,9.650679588317871,0.001047165715135634,0.017743291333317757,-0.7696314421905959
2,identity_mapping_cifar10,ScaledShortcutResNet-56-lambda1.0,0,10,stage2.1.conv2.weight,0.17350368201732635,11.256900787353516,0.0012214519083499908,0.01460842601954937,-0.7606913043700885
2,identity_mapping_cifar10,ScaledShortcutResNet-56-lambda1.0,0,11,stage2.2.conv2.weight,0.1366989016532898,8.437721252441406,0.0009155513835139573,0.018326614052057266,-0.8642349748791234
2,identity_mapping_cifar10,ScaledShortcutResNet-56-lambda1.0,0,12,stage2.3.conv2.weight,0.16092993319034576,7.798691272735596,0.0008462121477350593,0.013733398169279099,-0.7933631690099824
2,identity_mapping_cifar10,ScaledShortcutResNet-56-lambda1.0,0,13,stage2.4.conv2.weight,0.1692853569984436,10.130193710327148,0.0010991963790729642,0.011282633058726788,-0.7713806062701063
2,identity_mapping_cifar10,ScaledShortcutResNet-56-lambda1.0,0,14,stage2.5.conv2.weight,0.17625807225704193,10.88833999633789,0.0011814605677500367,0.010242688469588757,-0.7538509840849602
2,identity_mapping_cifar10,ScaledShortcutResNet-56-lambda1.0,0,15,stage2.6.conv2.weight,0.11127980053424835,6.789053916931152,0.0007366595091298223,0.010807367973029613,-0.9535836614714253
2,identity_mapping_cifar10,ScaledShortcutResNet-56-lambda1.0,0,16,stage2.7.conv2.weight,0.10420545935630798,5.843694686889648,0.0006340814870782197,0.0074545652605593204,-0.9821095276138013
2,identity_mapping_cifar10,ScaledShortcutResNet-56-lambda1.0,0,17,stage2.8.conv2.weight,0.1337101012468338,7.948668479919434,0.0008624857291579247,0.010574085637927055,-0.8738357823379883
2,identity_mapping_cifar10,ScaledShortcutResNet-56-lambda1.0,0,18,stage3.0.conv2.weight,0.23042018711566925,25.745166778564453,0.0006983823259361088,0.015075430274009705,-0.6374794750347693
2,identity_mapping_cifar10,ScaledShortcutResNet-56-lambda1.0,0,19,stage3.1.conv2.weight,0.31014734506607056,33.24372863769531,0.0009017938864417374,0.016789719462394714,-0.5084319321442062
2,identity_mapping_cifar10,ScaledShortcutResNet-56-lambda1.0,0,20,stage3.2.conv2.weight,0.3277449607849121,24.891128540039062,0.0006752150948159397,0.02818550541996956,-0.4844639770435104
2,identity_mapping_cifar10,ScaledShortcutResNet-56-lambda1.0,0,21,stage3.3.conv2.weight,0.21359007060527802,24.74588966369629,0.0006712752510793507,0.012068348005414009,-0.6704189406937405
2,identity_mapping_cifar10,ScaledShortcutResNet-56-lambda1.0,0,22,stage3.4.conv2.weight,0.15424762666225433,18.25211524963379,0.0004951203009113669,0.008784640580415726,-0.8117815095312326
2,identity_mapping_cifar10,ScaledShortcutResNet-56-lambda1.0,0,23,stage3.5.conv2.weight,0.19696810841560364,21.888206481933594,0.0005937556270509958,0.007825423032045364,-0.7056040858175879
2,identity_mapping_cifar10,ScaledShortcutResNet-56-lambda1.0,0,24,stage3.6.conv2.weight,0.15594890713691711,18.119470596313477,0.0004915220779366791,0.011090717278420925,-0.8070176643543213
2,identity_mapping_cifar10,ScaledShortcutResNet-56-lambda1.0,0,25,stage3.7.conv2.weight,0.1698935627937317,20.260780334472656,0.0005496088415384293,0.008121037855744362,-0.7698230760790955
2,identity_mapping_cifar10,ScaledShortcutResNet-56-lambda1.0,0,26,stage3.8.conv2.weight,0.18447352945804596,22.951675415039062,0.0006226040422916412,0.008066012524068356,-0.734065942971721
3,identity_mapping_cifar10,ScaledShortcutResNet-56-lambda1.0,0,0,stage1.0.conv2.weight,0.2636246383190155,8.620357513427734,0.003741474589332938,0.02617301419377327,-0.5790140030826297
3,identity_mapping_cifar10,ScaledShortcutResNet-56-lambda1.0,0,1,stage1.1.conv2.weight,0.35726475715637207,11.035398483276367,0.004789669532328844,0.029866579920053482,-0.4470098232237674
3,identity_mapping_cifar10,ScaledShortcutResNet-56-lambda1.0,0,2,stage1.2.conv2.weight,0.14952200651168823,5.48837947845459,0.002382109174504876,0.013226896524429321,-0.8252948835691565
3,identity_mapping_cifar10,ScaledShortcutResNet-56-lambda1.0,0,3,stage1.3.conv2.weight,0.14181531965732574,4.654536247253418,0.002020198153331876,0.01746477000415325,-0.8482768517784606
3,identity_mapping_cifar10,ScaledShortcutResNet-56-lambda1.0,0,4,stage1.4.conv2.weight,0.14811523258686066,4.620485305786133,0.0020054189953953028,0.01390853337943554,-0.8294002751137229
3,identity_mapping_cifar10,ScaledShortcutResNet-56-lambda1.0,0,5,stage1.5.conv2.weight,0.11203911155462265,3.791958808898926,0.0016458154423162341,0.010682842694222927,-0.9506303436901365
3,identity_mapping_cifar10,ScaledShortcutResNet-56-lambda1.0,0,6,stage1.6.conv2.weight,0.08530811965465546,3.036883592605591,0.001318091875873506,0.008120404556393623,-1.06900963056961
3,identity_mapping_cifar10,ScaledShortcutResNet-56-lambda1.0,0,7,stage1.7.conv2.weight,0.09809908270835876,3.399845600128174,0.0014756274176761508,0.008218778297305107,-1.0083350535387703
3,identity_mapping_cifar10,ScaledShortcutResNet-56-lambda1.0,0,8,stage1.8.conv2.weight,0.06468161940574646,2.183608055114746,0.0009477465646341443,0.007813562639057636,-1.1892191153795857
3,identity_mapping_cifar10,ScaledShortcutResNet-56-lambda1.0,0,9,stage2.0.conv2.weight,0.11816998571157455,7.510704517364502,0.0008149635978043079,0.012564496137201786,-0.9274928169798732
3,identity_mapping_cifar10,ScaledShortcutResNet-56-lambda1.0,0,10,stage2.1.conv2.weight,0.12975792586803436,8.345805168151855,0.0009055778500624001,0.009046750143170357,-0.8868661051091247
3,identity_mapping_cifar10,ScaledShortcutResNet-56-lambda1.0,0,11,stage2.2.conv2.weight,0.10587754100561142,6.170596122741699,0.0006695525371469557,0.009718620218336582,-0.9751961536916267
3,identity_mapping_cifar10,ScaledShortcutResNet-56-lambda1.0,0,12,stage2.3.conv2.weight,0.07342041283845901,4.461984634399414,0.0004841563350055367,0.006784121505916119,-1.1341831778081302
3,identity_mapping_cifar10,ScaledShortcutResNet-56-lambda1.0,0,13,stage2.4.conv2.weight,0.12050224095582962,6.480485439300537,0.0007031777058728039,0.008066238835453987,-0.9190048765236714
3,identity_mapping_cifar10,ScaledShortcutResNet-56-lambda1.0,0,14,stage2.5.conv2.weight,0.11255326122045517,6.755168914794922,0.0007329827640205622,0.008487213402986526,-0.9486419168343806
3,identity_mapping_cifar10,ScaledShortcutResNet-56-lambda1.0,0,15,stage2.6.conv2.weight,0.06779356300830841,4.429993629455566,0.00048068506293930113,0.005804363172501326,-1.1688115403844377
3,identity_mapping_cifar10,ScaledShortcutResNet-56-lambda1.0,0,16,stage2.7.conv2.weight,0.054732050746679306,3.495372772216797,0.00037927221274003386,0.0040773325599730015,-1.2617582790324398
3,identity_mapping_cifar10,ScaledShortcutResNet-56-lambda1.0,0,17,stage2.8.conv2.weight,0.07649462670087814,4.966180801391602,0.0005388651043176651,0.004795466549694538,-1.1163690704108615
3,identity_mapping_cifar10,ScaledShortcutResNet-56-lambda1.0,0,18,stage3.0.conv2.weight,0.22024841606616974,20.656944274902344,0.0005603554891422391,0.012598547153174877,-0.6570872061656825
3,identity_mapping_cifar10,ScaledShortcutResNet-56-lambda1.0,0,19,stage3.1.conv2.weight,0.17831236124038696,22.086467742919922,0.0005991337820887566,0.008513862267136574,-0.7488185489567785
3,identity_mapping_cifar10,ScaledShortcutResNet-56-lambda1.0,0,20,stage3.2.conv2.weight,0.1322638988494873,15.166116714477539,0.00041140723624266684,0.00654840050265193,-0.8785586793917868
3,identity_mapping_cifar10,ScaledShortcutResNet-56-lambda1.0,0,21,stage3.3.conv2.weight,0.13303537666797638,16.52547836303711,0.0004482822841964662,0.005451112985610962,-0.8760328564076055
3,identity_mapping_cifar10,ScaledShortcutResNet-56-lambda1.0,0,22,stage3.4.conv2.weight,0.14676907658576965,17.033184051513672,0.0004620546824298799,0.010895535349845886,-0.8333654381694492
3,identity_mapping_cifar10,ScaledShortcutResNet-56-lambda1.0,0,23,stage3.5.conv2.weight,0.1396106779575348,17.506317138671875,0.0004748892388306558,0.007075066678225994,-0.855081363939771
3,identity_mapping_cifar10,ScaledShortcutResNet-56-lambda1.0,0,24,stage3.6.conv2.weight,0.1419035643339157,16.57251739501953,0.00044955831253901124,0.008781880140304565,-0.848006695793094
3,identity_mapping_cifar10,ScaledShortcutResNet-56-lambda1.0,0,25,stage3.7.conv2.weight,0.16265413165092468,17.511211395263672,0.00047502201050519943,0.008558137342333794,-0.788734900529424
3,identity_mapping_cifar10,ScaledShortcutResNet-56-lambda1.0,0,26,stage3.8.conv2.weight,0.20396696031093597,22.266109466552734,0.0006040068692527711,0.010327857919037342,-0.6904401762814957
1,identity_mapping_cifar10,ScaledShortcutResNet-56-lambda1.1,0,0,stage1.0.conv2.weight,0.05801701918244362,1.6529982089996338,0.0007174471393227577,0.00692227017134428,-1.2364445882778805
1,identity_mapping_cifar10,ScaledShortcutResNet-56-lambda1.1,0,1,stage1.1.conv2.weight,0.026794271543622017,0.7866321206092834,0.00034142020740546286,0.003416463267058134,-1.5719580456161306
1,identity_mapping_cifar10,ScaledShortcutResNet-56-lambda1.1,0,2,stage1.2.conv2.weight,0.04168563336133957,1.1990647315979004,0.0005204274202696979,0.005632942076772451,-1.3800135955420347
1,identity_mapping_cifar10,ScaledShortcutResNet-56-lambda1.1,0,3,stage1.3.conv2.weight,0.01910467818379402,0.5006517171859741,0.00021729675063397735,0.0031907162629067898,-1.7188602735340797
1,identity_mapping_cifar10,ScaledShortcutResNet-56-lambda1.1,0,4,stage1.4.conv2.weight,0.010670770891010761,0.31758323311805725,0.00013783994654659182,0.0015082983300089836,-1.9718042045630837
1,identity_mapping_cifar10,ScaledShortcutResNet-56-lambda1.1,0,5,stage1.5.conv2.weight,0.033623240888118744,0.8661298155784607,0.0003759243991225958,0.0040078600868582726,-1.4733604279451729
1,identity_mapping_cifar10,ScaledShortcutResNet-56-lambda1.1,0,6,stage1.6.conv2.weight,0.02845204435288906,0.6492028832435608,0.0002817720815073699,0.004750619642436504,-1.5458865229520355
1,identity_mapping_cifar10,ScaledShortcutResNet-56-lambda1.1,0,7,stage1.7.conv2.weight,0.01837301254272461,0.5260255336761475,0.0002283096982864663,0.0027413703501224518,-1.7358196284601406
1,identity_mapping_cifar10,ScaledShortcutResNet-56-lambda1.1,0,8,stage1.8.conv2.weight,0.017735982313752174,0.5858458280563354,0.0002542733564041555,0.0022686037700623274,-1.7511447529455175
1,identity_mapping_cifar10,ScaledShortcutResNet-56-lambda1.1,0,9,stage2.0.conv2.weight,0.055571068078279495,2.8155510425567627,0.00030550683732144535,0.003941216506063938,-1.2551512559682725
1,identity_mapping_cifar10,ScaledShortcutResNet-56-lambda1.1,0,10,stage2.1.conv2.weight,0.05018395185470581,2.562736988067627,0.0002780747599899769,0.0047381860204041,-1.2994351421137025
1,identity_mapping_cifar10,ScaledShortcutResNet-56-lambda1.1,0,11,stage2.2.conv2.weight,0.045391783118247986,2.5188775062561035,0.0002733157016336918,0.004863728769123554,-1.3430227565909365
1,identity_mapping_cifar10,ScaledShortcutResNet-56-lambda1.1,0,12,stage2.3.conv2.weight,0.041486095637083054,2.2788424491882324,0.00024727024720050395,0.003260154277086258,-1.3820974358054934
1,identity_mapping_cifar10,ScaledShortcutResNet-56-lambda1.1,0,13,stage2.4.conv2.weight,0.07410624623298645,3.4381558895111084,0.00037306378362700343,0.0068476321175694466,-1.130145184859725
1,identity_mapping_cifar10,ScaledShortcutResNet-56-lambda1.1,0,14,stage2.5.conv2.weight,0.057610366493463516,2.6951935291290283,0.0002924472209997475,0.005036959424614906,-1.2394993619542254
1,identity_mapping_cifar10,ScaledShortcutResNet-56-lambda1.1,0,15,stage2.6.conv2.weight,0.04545946791768074,2.34376859664917,0.0002543151786085218,0.0030078720301389694,-1.342375651790397
1,identity_mapping_cifar10,ScaledShortcutResNet-56-lambda1.1,0,16,stage2.7.conv2.weight,0.07752298563718796,3.5492630004882812,0.0003851196961477399,0.00829370692372322,-1.1105695096773525
1,identity_mapping_cifar10,ScaledShortcutResNet-56-lambda1.1,0,17,stage2.8.conv2.weight,0.04399682208895683,2.369886636734009,0.00025714916409924626,0.005336368456482887,-1.356578691664697
1,identity_mapping_cifar10,ScaledShortcutResNet-56-lambda1.1,0,18,stage3.0.conv2.weight,0.12371589243412018,13.044950485229492,0.00035386692616157234,0.006855562794953585,-0.907574507698725
1,identity_mapping_cifar10,ScaledShortcutResNet-56-lambda1.1,0,19,stage3.1.conv2.weight,0.21557141840457916,24.003196716308594,0.0006511284154839814,0.01597864367067814,-0.6664088207189897
1,identity_mapping_cifar10,ScaledShortcutResNet-56-lambda1.1,0,20,stage3.2.conv2.weight,0.2729058265686035,30.31938934326172,0.0008224660996347666,0.0112442746758461,-0.5639871919958624
1,identity_mapping_cifar10,ScaledShortcutResNet-56-lambda1.1,0,21,stage3.3.conv2.weight,0.2301386594772339,25.445024490356445,0.0006902404711581767,0.011551393195986748,-0.6380104209323811
1,identity_mapping_cifar10,ScaledShortcutResNet-56-lambda1.1,0,22,stage3.4.conv2.weight,0.3544888496398926,29.382780075073242,0.0007970589213073254,0.02438965067267418,-0.4503974208916093
1,identity_mapping_cifar10,ScaledShortcutResNet-56-lambda1.1,0,23,stage3.5.conv2.weight,0.17598193883895874,18.460906982421875,0.000500784139148891,0.01373461727052927,-0.7545319018713029
1,identity_mapping_cifar10,ScaledShortcutResNet-56-lambda1.1,0,24,stage3.6.conv2.weight,0.21468350291252136,19.793182373046875,0.0005369244609028101,0.012854642234742641,-0.6682013271002918
1,identity_mapping_cifar10,ScaledShortcutResNet-56-lambda1.1,0,25,stage3.7.conv2.weight,0.19759494066238403,18.40351104736328,0.0004992272006347775,0.015007655136287212,-0.7042241795363658
1,identity_mapping_cifar10,ScaledShortcutResNet-56-lambda1.1,0,26,stage3.8.conv2.weight,0.1603868156671524,16.422046661376953,0.0004454765294212848,0.012698185630142689,-0.7948313350412934
2,identity_mapping_cifar10,ScaledShortcutResNet-56-lambda1.1,0,0,stage1.0.conv2.weight,0.04912498965859413,1.3692967891693115,0.0005943128489889205,0.004286051727831364,-1.3086975280319202
2,identity_mapping_cifar10,ScaledShortcutResNet-56-lambda1.1,0,1,stage1.1.conv2.weight,0.041590236127376556,1.0645532608032227,0.0004620456893462688,0.005270007066428661,-1.3810086139231201
2,identity_mapping_cifar10,ScaledShortcutResNet-56-lambda1.1,0,2,stage1.2.conv2.weight,0.06854304671287537,1.7933576107025146,0.0007783670444041491,0.008097728714346886,-1.164036595242943
2,identity_mapping_cifar10,ScaledShortcutResNet-56-lambda1.1,0,3,stage1.3.conv2.weight,0.05895933136343956,0.9261683225631714,0.0004019827756565064,0.01056881807744503,-1.2294474502911499
2,identity_mapping_cifar10,ScaledShortcutResNet-56-lambda1.1,0,4,stage1.4.conv2.weight,0.02060529962182045,0.5272768139839172,0.00022885279031470418,0.0036129681393504143,-1.6860210659929966
2,identity_mapping_cifar10,ScaledShortcutResNet-56-lambda1.1,0,5,stage1.5.conv2.weight,0.04243486002087593,0.9924843311309814,0.0004307657654862851,0.008371496573090553,-1.372277226074276
2,identity_mapping_cifar10,ScaledShortcutResNet-56-lambda1.1,0,6,stage1.6.conv2.weight,0.016843391582369804,0.5043911933898926,0.00021891978394705802,0.002522888593375683,-1.7735704545444242
2,identity_mapping_cifar10,ScaledShortcutResNet-56-lambda1.1,0,7,stage1.7.conv2.weight,0.04480545222759247,0.893530011177063,0.00038781683542765677,0.006847423501312733,-1.348669134914432
2,identity_mapping_cifar10,ScaledShortcutResNet-56-lambda1.1,0,8,stage1.8.conv2.weight,0.03383771702647209,0.9301081895828247,0.00040369280031882226,0.003967574797570705,-1.4705989457458173
2,identity_mapping_cifar10,ScaledShortcutResNet-56-lambda1.1,0,9,stage2.0.conv2.weight,0.061489008367061615,2.5600738525390625,0.000277785788057372,0.006105593405663967,-1.2112025107568076
2,identity_mapping_cifar10,ScaledShortcutResNet-56-lambda1.1,0,10,stage2.1.conv2.weight,0.03759703040122986,1.696050763130188,0.00018403328431304544,0.003351714927703142,-1.4248464564249008
2,identity_mapping_cifar10,ScaledShortcutResNet-56-lambda1.1,0,11,stage2.2.conv2.weight,0.058447521179914474,2.8968002796173096,0.00031432294053956866,0.006451473571360111,-1.23323390298424
2,identity_mapping_cifar10,ScaledShortcutResNet-56-lambda1.1,0,12,stage2.3.conv2.weight,0.02562781050801277,1.3371496200561523,0.00014509001630358398,0.0025240846443921328,-1.5912884958240183
2,identity_mapping_cifar10,ScaledShortcutResNet-56-lambda1.1,0,13,stage2.4.conv2.weight,0.0725662112236023,3.6025032997131348,0.0003908966318704188,0.007258232682943344,-1.139265551401068
2,identity_mapping_cifar10,ScaledShortcutResNet-56-lambda1.1,0,14,stage2.5.conv2.weight,0.05548866093158722,2.3548645973205566,0.00025551917497068644,0.00497299712151289,-1.2557957555715842
2,identity_mapping_cifar10,ScaledShortcutResNet-56-lambda1.1,0,15,stage2.6.conv2.weight,0.05266641825437546,2.2721452713012695,0.00024654355365782976,0.004311917349696159,-1.278466216193862
2,identity_mapping_cifar10,ScaledShortcutResNet-56-lambda1.1,0,16,stage2.7.conv2.weight,0.04571652039885521,2.5062084197998047,0.00027194101130589843,0.0036785434931516647,-1.3399268322717293
2,identity_mapping_cifar10,ScaledShortcutResNet-56-lambda1.1,0,17,stage2.8.conv2.weight,0.06030677631497383,2.926417350769043,0.00031753661460243165,0.00629173219203949,-1.2196338860142466
2,identity_mapping_cifar10,ScaledShortcutResNet-56-lambda1.1,0,18,stage3.0.conv2.weight,0.09678035229444504,9.11383056640625,0.00024722848320379853,0.004761090502142906,-1.0142128013254594
2,identity_mapping_cifar10,ScaledShortcutResNet-56-lambda1.1,0,19,stage3.1.conv2.weight,0.12342673540115356,12.579212188720703,0.0003412329824641347,0.009435350075364113,-0.9085907578067846
2,identity_mapping_cifar10,ScaledShortcutResNet-56-lambda1.1,0,20,stage3.2.conv2.weight,0.08947295695543289,9.817512512207031,0.0002663170744199306,0.005821318365633488,-1.0483082095926393
2,identity_mapping_cifar10,ScaledShortcutResNet-56-lambda1.1,0,21,stage3.3.conv2.weight,0.10356128960847855,10.735235214233398,0.00029121190891601145,0.008554636500775814,-0.9848025500989543
2,identity_mapping_cifar10,ScaledShortcutResNet-56-lambda1.1,0,22,stage3.4.conv2.weight,0.14276720583438873,14.821290969848633,0.00040205326513387263,0.014207137748599052,-0.8453715401814261
2,identity_mapping_cifar10,ScaledShortcutResNet-56-lambda1.1,0,23,stage3.5.conv2.weight,0.18959102034568787,15.917356491088867,0.000431785942055285,0.01645546779036522,-0.7221822361236667
2,identity_mapping_cifar10,ScaledShortcutResNet-56-lambda1.1,0,24,stage3.6.conv2.weight,0.34529075026512146,25.780820846557617,0.000699349504429847,0.024670984596014023,-0.46181505548254026
2,identity_mapping_cifar10,ScaledShortcutResNet-56-lambda1.1,0,25,stage3.7.conv2.weight,0.4093703031539917,27.401988983154297,0.0007433265564031899,0.03414052352309227,-0.38788366544416286
2,identity_mapping_cifar10,ScaledShortcutResNet-56-lambda1.1,0,26,stage3.8.conv2.weight,0.38419264554977417,35.7243766784668,0.0009690857259556651,0.019048675894737244,-0.41545095292379614
3,identity_mapping_cifar10,ScaledShortcutResNet-56-lambda1.1,0,0,stage1.0.conv2.weight,0.03922959417104721,1.0148990154266357,0.0004404943611007184,0.004734701942652464,-1.4063861845992975
3,identity_mapping_cifar10,ScaledShortcutResNet-56-lambda1.1,0,1,stage1.1.conv2.weight,0.08147045969963074,1.3904458284378052,0.0006034921389073133,0.014067326672375202,-1.088999833156842
3,identity_mapping_cifar10,ScaledShortcutResNet-56-lambda1.1,0,2,stage1.2.conv2.weight,0.050276100635528564,1.3679578304290771,0.0005937317037023604,0.006306207273155451,-1.2986384131203057
3,identity_mapping_cifar10,ScaledShortcutResNet-56-lambda1.1,0,3,stage1.3.conv2.weight,0.06141895800828934,1.0823540687561035,0.0004697717376984656,0.015250016003847122,-1.2116975557642373
3,identity_mapping_cifar10,ScaledShortcutResNet-56-lambda1.1,0,4,stage1.4.conv2.weight,0.02770838513970375,0.6343686580657959,0.0002753336157184094,0.0030780110973864794,-1.5573887843916332
3,identity_mapping_cifar10,ScaledShortcutResNet-56-lambda1.1,0,5,stage1.5.conv2.weight,0.08354245871305466,1.6158339977264404,0.0007013168651610613,0.012003347277641296,-1.0780927472869233
3,identity_mapping_cifar10,ScaledShortcutResNet-56-lambda1.1,0,6,stage1.6.conv2.weight,0.031246230006217957,0.7527263164520264,0.00032670414657332003,0.005030874162912369,-1.5052023746664969
3,identity_mapping_cifar10,ScaledShortcutResNet-56-lambda1.1,0,7,stage1.7.conv2.weight,0.033989571034908295,0.7637923955917358,0.00033150712260976434,0.005322223529219627,-1.4686543163793861
3,identity_mapping_cifar10,ScaledShortcutResNet-56-lambda1.1,0,8,stage1.8.conv2.weight,0.024626847356557846,0.6654856204986572,0.0002888392482418567,0.004563304595649242,-1.608591181455692
3,identity_mapping_cifar10,ScaledShortcutResNet-56-lambda1.1,0,9,stage2.0.conv2.weight,0.06796029955148697,2.6306285858154297,0.0002854414633475244,0.012301020324230194,-1.1677447155342247
3,identity_mapping_cifar10,ScaledShortcutResNet-56-lambda1.1,0,10,stage2.1.conv2.weight,0.02588087134063244,1.2140798568725586,0.00013173610204830766,0.0027221578639000654,-1.5870211061914146
3,identity_mapping_cifar10,ScaledShortcutResNet-56-lambda1.1,0,11,stage2.2.conv2.weight,0.05592350661754608,2.374756336212158,0.00025767754414118826,0.010053141973912716,-1.252405604477366
3,identity_mapping_cifar10,ScaledShortcutResNet-56-lambda1.1,0,12,stage2.3.conv2.weight,0.024209624156355858,1.1660586595535278,0.00012652546865865588,0.003478159662336111,-1.6160119527166072
3,identity_mapping_cifar10,ScaledShortcutResNet-56-lambda1.1,0,13,stage2.4.conv2.weight,0.04093185067176819,2.0727081298828125,0.00022490322589874268,0.005340712144970894,-1.3879386189315477
3,identity_mapping_cifar10,ScaledShortcutResNet-56-lambda1.1,0,14,stage2.5.conv2.weight,0.0397203154861927,1.4223378896713257,0.0001543335383757949,0.005796538200229406,-1.4009873106851467
3,identity_mapping_cifar10,ScaledShortcutResNet-56-lambda1.1,0,15,stage2.6.conv2.weight,0.023388881236314774,1.10447096824646,0.00011984277080046013,0.0020541702397167683,-1.6309905513452274
3,identity_mapping_cifar10,ScaledShortcutResNet-56-lambda1.1,0,16,stage2.7.conv2.weight,0.025423726066946983,1.2188141345977783,0.00013224979920778424,0.004142723977565765,-1.5947607994877009
3,identity_mapping_cifar10,ScaledShortcutResNet-56-lambda1.1,0,17,stage2.8.conv2.weight,0.07039585709571838,2.1751365661621094,0.0002360174257773906,0.007455830927938223,-1.1524528989967688
3,identity_mapping_cifar10,ScaledShortcutResNet-56-lambda1.1,0,18,stage3.0.conv2.weight,0.08463580161333084,7.278670787811279,0.00019744658493436873,0.0059523312374949455,-1.0724458880895114
3,identity_mapping_cifar10,ScaledShortcutResNet-56-lambda1.1,0,19,stage3.1.conv2.weight,0.18142497539520264,14.050260543823242,0.0003811377100646496,0.012026682496070862,-0.7413029271429017
3,identity_mapping_cifar10,ScaledShortcutResNet-56-lambda1.1,0,20,stage3.2.conv2.weight,0.09588537365198135,10.144372940063477,0.00027518373099155724,0.008162591606378555,-1.0182476350217615
3,identity_mapping_cifar10,ScaledShortcutResNet-56-lambda1.1,0,21,stage3.3.conv2.weight,0.09817372262477875,9.910089492797852,0.0002688283857423812,0.008457127958536148,-1.00800474078517
3,identity_mapping_cifar10,ScaledShortcutResNet-56-lambda1.1,0,22,stage3.4.conv2.weight,0.14288918673992157,13.462946891784668,0.00036520580761134624,0.012969707138836384,-0.8450006355647806
3,identity_mapping_cifar10,ScaledShortcutResNet-56-lambda1.1,0,23,stage3.5.conv2.weight,0.17838554084300995,15.364286422729492,0.0004167829465586692,0.011385743506252766,-0.7486403505548976
3,identity_mapping_cifar10,ScaledShortcutResNet-56-lambda1.1,0,24,stage3.6.conv2.weight,0.20245103538036346,18.967512130737305,0.0005145266768522561,0.01559521909803152,-0.6936799978075807
3,identity_mapping_cifar10,ScaledShortcutResNet-56-lambda1.1,0,25,stage3.7.conv2.weight,0.17260481417179108,17.691509246826172,0.00047991290921345353,0.009814705699682236,-0.7629470954138526
3,identity_mapping_cifar10,ScaledShortcutResNet-56-lambda1.1,0,26,stage3.8.conv2.weight,0.27498921751976013,28.698631286621094,0.0007785002235323191,0.012187264859676361,-0.5606843347626135
